leave_frequency_30d,leave_denied_90d,avg_duty_hours_weekly,overtime_days_30d,deployment_duration_days,transfer_count_2yr,consecutive_duty_days,wellness_score_avg,family_separation_days,incident_exposure_count,training_burden_days,night_shift_ratio,zone_risk_factor,years_of_service,stress_score,burnout_score,stress_label,burnout_label
1,2,56.2323303376011,1,541,2,10,70.1577292720979,541,1,0,0.7241729473222025,0.5,9,100.0,72.99869084675075,1,1
2,1,45.59796919915271,0,90,1,6,78.21159731569958,0,1,0,0.08723918851112557,0.2,24,45.90197970067432,21.79623539155137,0,0
0,1,67.05408831158888,5,25,1,26,55.46499283743927,25,0,0,0.813102358233613,1.0,8,99.4405757040347,54.84547087897926,1,0
4,1,49.214336484354575,2,471,0,15,45.70492168243732,471,1,0,0.5699768050376043,0.7,20,100.0,73.94572035056576,1,1
0,5,60.83000887727748,3,50,2,14,42.080714325009865,50,4,0,0.6607517162722436,0.85,15,100.0,54.231396063868296,1,0
1,0,50.43149843545122,1,300,1,7,85.04191466404149,300,0,0,0.0665149315763787,0.2,5,50.358965890526704,29.68505729149963,0,0
1,1,49.04460612612957,3,3,2,19,72.24901607526309,3,1,0,0.3153302820423417,0.7,18,67.68237781050733,33.72428727296127,1,0
0,1,52.74457978638945,0,22,0,10,53.28472872960448,22,0,0,0.1845575470484186,0.2,21,43.09167886063702,27.57414304533051,0,0
4,0,65.57434386123158,2,57,0,7,47.93661252908332,57,2,0,0.0027438564511630807,0.2,24,50.35715108839809,15.811147371074185,0,0
1,3,58.665669747568,10,92,3,17,27.355445532540653,0,1,0,0.9187989844605593,0.85,1,95.72224368149213,76.12616913104588,1,1
1,0,54.36457471923051,5,264,1,14,45.22599478591275,0,3,0,0.27847483858437494,0.5,18,80.0086992891525,55.58817352352262,1,1
0,3,58.10086431034665,3,361,2,24,68.08008520708457,361,4,0,0.5785282726916748,1.0,23,100.0,71.97592098152255,1,1
0,5,58.64793494188026,1,132,1,22,39.659507202691096,0,4,0,0.2857854127992531,0.7,24,100.0,44.15097924844479,1,0
3,5,56.28620161704196,0,101,1,30,57.309620666017835,101,1,0,0.778453233640269,0.85,19,100.0,50.43094306955208,1,0
2,0,53.703451634204995,1,100,0,12,55.54413170794038,100,1,0,0.06471989767179195,0.2,23,47.37034551502939,20.766265062437693,0,0
1,2,56.49242278630523,2,198,0,22,51.89029725700608,198,2,0,0.39496150945146713,0.85,14,100.0,48.18017299179662,1,0
3,4,60.3839863299636,3,257,1,18,57.57021265490182,0,5,0,0.5506287485757826,0.7,24,100.0,64.33180353155751,1,1
1,3,45.22123305146673,8,630,1,23,65.67422317133335,630,0,0,0.09531591173081952,0.5,13,100.0,83.2486026050472,1,1
0,1,65.62596149142765,4,452,0,16,31.251122310013372,452,1,0,0.02314408387348569,0.7,23,100.0,52.77036954764773,1,0
2,1,53.55561840882705,1,704,0,10,47.2919962399496,704,1,0,0.15835672712641927,0.5,3,100.0,72.18454521258955,1,1
1,0,42.118061420645006,2,57,2,8,52.95381741613531,0,0,0,0.13228430174400022,0.2,12,44.055796743902874,20.680774420431334,0,0
1,1,51.715953224166256,1,174,1,17,30.93187174319393,174,3,0,0.5694196219068028,0.85,11,96.43943900315156,46.624914576693016,1,0
3,1,50.33512077734899,1,186,0,8,45.610106046183994,186,1,0,0.39339193790677585,0.5,7,70.27678574581792,38.5647270418371,1,0
0,3,62.23805879829367,3,219,1,22,10.0,0,1,0,0.6865618361145732,1.0,19,100.0,82.33328629487642,1,1
2,3,54.6927182997832,2,77,1,10,52.664841469118805,77,1,0,0.523537593519438,0.5,11,68.49360873002342,34.67779460877247,1,0
4,1,42.171310033761266,2,247,3,12,72.15631064810394,247,0,0,0.5210296515281668,0.5,20,65.30510199211567,42.61846879884993,1,0
2,3,49.732916777223586,5,39,2,28,36.80628437542877,39,2,0,0.5122345410238129,0.85,23,100.0,56.021205865304154,1,1
5,1,58.96797173764204,0,527,0,9,55.25799097880504,527,0,0,0.28256855530244274,0.2,4,88.4179812438711,60.07523882460278,1,1
1,1,43.44683963838444,3,443,1,16,43.2618444214828,443,0,0,0.440424726681675,0.5,2,94.71528172199592,65.4258289490657,1,1
3,2,66.0319439086615,2,104,0,10,53.66168236609495,0,0,0,0.3871484001161146,0.5,6,73.91228525612132,39.86803421012608,1,0
2,3,53.40143353960322,1,418,0,13,62.860405288103514,418,1,0,0.613889893427129,0.7,10,100.0,56.995656224940284,1,1
5,1,63.9716509463203,0,373,0,11,66.56298157191912,373,0,0,0.05707803739093224,0.2,22,80.15369152364815,36.77043593779378,1,0
1,1,52.448237874511,2,101,1,9,78.74036475918271,0,0,0,0.5673251539603659,0.2,7,47.308489421844314,44.05942371485136,0,0
4,0,43.32977768908585,0,105,0,11,58.71740524600614,0,1,0,0.2560311605115812,0.2,20,52.67695410777713,31.71185103363976,0,0
2,0,49.80453256719963,0,112,0,14,73.31008146326018,112,0,0,0.2959481822358481,0.2,24,39.8099166290966,27.556012235619427,0,0
6,1,52.06150149730489,1,105,1,11,48.362726886592924,105,0,0,0.0544106002933746,0.2,8,60.99089478983038,30.294661478909674,1,0
1,0,57.058271914203395,7,57,4,21,64.98220562598027,0,1,0,0.27807812728820724,0.7,24,63.551014270619135,30.822642487818356,1,0
3,2,47.418223827501606,6,53,0,14,54.736146192760756,53,1,0,0.49386379944219544,0.7,4,68.17420530432858,51.19416182258166,1,0
2,1,54.747992822314735,1,97,0,9,80.25414480858207,97,0,0,0.031135979447836647,0.2,12,45.88929546650326,34.006068270285965,0,0
5,4,53.95304981663744,6,103,1,17,50.03009963309352,103,1,0,0.3155852853974204,0.85,7,97.16543118382894,57.16582763457013,1,1
2,6,75.50603778644368,3,27,2,14,42.53442389501506,27,2,0,0.5306952943327725,0.85,17,100.0,62.162531771270515,1,1
4,0,57.583108310082736,0,379,0,9,60.90149247353006,379,1,0,0.3456340258147174,0.2,16,75.41033414457577,48.40206210875831,1,0
2,1,63.8720300607081,3,159,2,18,20.74145764771415,159,2,0,0.5792320355043739,0.85,4,100.0,67.2330517261479,1,1
1,0,56.21917528444144,2,177,0,16,75.96529790274283,177,0,0,0.44440402200476464,0.7,1,64.8752168988464,46.10022926147778,1,0
3,3,61.063405829534155,4,304,1,26,52.34253232053249,304,3,0,0.3031766908272359,0.85,17,100.0,58.64594592767686,1,1
1,3,44.85132740897929,8,315,2,21,35.11655947735706,315,1,0,0.48389695424298607,0.85,21,100.0,80.5079479795984,1,1
2,0,35.0,3,161,2,8,23.57263715980022,161,1,0,0.4907415223452553,0.5,1,68.76440766705974,53.81680293687049,1,0
0,3,63.78000731909504,1,334,2,9,52.15008419226431,334,0,0,0.27842854874523504,0.5,13,94.92947557587874,65.84928273284878,1,1
4,0,49.283282974758606,1,3,1,10,67.01648570072452,0,1,0,0.1764276999961826,0.2,10,33.9251295075433,19.696016410195337,0,0
4,0,60.91522390314613,6,1607,1,18,54.33325944511529,1607,1,0,0.10300655061404937,0.7,9,100.0,100.0,1,1
0,3,47.14604619958441,8,134,0,24,26.00806221606482,134,0,0,0.26744599901330834,0.7,7,98.26832442956295,55.14467313782171,1,1
1,3,62.60041679219642,3,188,1,31,29.97483317704547,188,1,0,0.47158572579005686,0.85,22,100.0,55.35688425035472,1,1
2,3,70.95658437358924,2,114,1,14,36.57709028101355,0,2,0,0.4924651170293323,0.7,24,100.0,46.94290892098041,1,0
0,3,58.551864633482204,1,100,0,20,79.42594934692806,100,0,0,0.21378068064782121,0.5,20,80.8362551538082,24.52916398428493,1,0
3,2,56.116011504490224,3,255,1,20,70.4025076332814,255,2,0,0.30582077753034437,0.85,13,100.0,44.28487513311422,1,0
1,3,60.00274202951254,4,33,1,21,44.4089363269016,33,1,0,0.5379267276514547,0.85,22,96.39657061785337,50.1636164688683,1,0
0,1,60.77358244956811,6,88,4,20,38.92430645060649,0,0,0,0.2274481472754022,0.85,11,91.59083977371453,44.251111726088325,1,0
2,1,38.19626746916903,0,20,1,7,45.7989600468859,20,0,0,0.5016064276020371,0.5,13,52.96632384866842,27.530367494381082,0,0
2,1,56.528316101343755,1,145,2,16,46.132684453136804,0,0,0,0.21358773355311422,0.85,14,86.23861843191438,42.02752080583802,1,0
3,0,49.131763415784235,1,84,2,13,54.91576690394704,0,1,0,0.2478134030107936,0.2,16,53.87797956021244,31.96310261953542,0,0
3,1,58.29569132569634,1,14,0,27,42.1776952616732,14,1,0,0.33875609645660454,0.7,3,97.07374278916804,34.58703402199485,1,0
4,0,47.81856128926291,2,2,0,13,60.23750475317429,2,0,0,0.17452299430607332,0.2,9,45.955668822240554,16.22851423828167,0,0
2,2,38.26914728499199,5,170,1,18,57.7153233805556,170,1,0,0.06942884615830715,0.5,6,78.40122125660021,49.02790745145309,1,0
4,2,56.570172613888495,2,168,1,16,52.90994249725611,168,1,0,0.10931616830704194,0.7,19,95.49437596080833,31.408482195888794,1,0
4,2,41.54953455017326,1,45,0,11,55.7221278116133,45,0,0,0.07523051762252866,0.2,15,57.60230442255963,29.78116390506839,0,0
1,0,59.32721642692289,2,219,0,6,54.26101632886113,219,0,0,0.06120915114391929,0.2,16,58.269093645768464,32.92996457893673,0,0
1,1,56.093303781571834,2,329,0,19,26.560527380390663,329,0,0,0.2744595401810867,0.5,12,98.95608536877012,55.94605507853832,1,1
1,1,68.17801277335795,3,235,0,12,60.325336816322746,0,0,0,0.13745224540379533,0.5,12,77.95085582972,29.34592788142453,1,0
4,0,61.072363170888394,2,414,1,16,35.00264034019517,414,1,0,0.7535040504242347,0.5,21,99.3536118053164,74.28074372154938,1,1
2,1,71.70545880095858,1,247,0,12,90.5479363101545,247,0,0,0.321932468295075,0.2,2,63.847294050966404,39.86891871172147,1,0
3,0,48.065509848675646,2,22,0,10,40.552137869550144,22,0,0,0.038913918594487354,0.2,24,49.417561287538746,23.935621758709466,0,0
4,1,38.89377617346106,2,198,2,7,68.46973354566177,0,0,0,0.1714785802293606,0.2,20,52.83952899201998,36.18371442493034,0,0
2,2,54.26179593232566,3,745,1,15,50.99627931978519,745,2,0,0.7152488579546988,0.5,5,100.0,98.4430306861913,1,1
4,0,58.38648718518368,2,34,0,12,57.52569530922928,34,0,0,0.03780463866113953,0.2,16,45.35553726465564,21.400641925702363,0,0
4,0,69.51143199246627,5,43,0,14,57.112426397916245,43,1,0,0.5472547107213949,0.5,8,68.26465699352295,41.18396313722669,1,0
1,4,60.73583534218726,3,4,0,19,20.404344915862293,0,1,0,0.4785189343609125,0.85,22,100.0,54.82760035639756,1,0
0,2,45.20534950463684,2,110,0,15,73.79924759874307,110,0,0,0.046400167765723595,0.2,22,68.9273336168281,23.369129114418385,1,0
0,2,54.34729655854261,6,193,1,17,12.958690976504691,0,2,0,0.1314437129365252,0.7,5,100.0,56.947873984999156,1,1
1,0,52.95339608335344,1,31,1,5,84.10675669034717,0,0,0,0.19230829389111628,0.2,7,19.404112374467758,7.81968347231933,0,0
3,2,50.13551158653249,1,428,2,13,57.20189517978324,428,0,0,0.6558614173269922,0.5,9,94.42854279094573,69.48092813821589,1,1
5,1,47.2501903414347,0,97,1,17,50.62839558664785,0,0,0,0.04057320363922079,0.7,21,69.05294751451267,34.40904105313687,1,0
5,2,41.714738937103704,4,69,1,24,66.56868683982316,0,0,0,0.404698967734924,0.7,10,86.25213863467921,34.61273328133609,1,0
1,2,52.60928522343267,3,97,0,16,48.78321593682581,0,2,0,0.3220175467458923,0.7,20,84.10576985037348,44.176215726771886,1,0
4,1,45.49278394743239,1,74,0,15,41.89885548868288,74,0,0,0.7826351732782126,0.5,24,67.47184394421713,50.75192624064489,1,0
0,1,77.55474677613628,6,209,1,21,26.455445074072703,209,1,0,0.4435386850144676,0.7,15,100.0,55.898733653623125,1,1
5,0,54.568979427034705,2,180,0,14,73.67823378925085,180,1,0,0.19573080893441533,0.2,1,59.936953496682506,41.271708791506086,0,0
2,1,54.46868471663835,2,254,3,22,55.32069716647124,254,4,0,0.2795348789538248,0.7,2,100.0,41.35939320952417,1,0
2,0,55.736307762887684,4,716,0,18,32.96286475319053,716,3,0,0.1818355408254685,0.85,15,100.0,86.79770443960282,1,1
3,0,39.929436807047104,1,276,1,13,46.665617774967075,276,0,0,0.17563870455683622,0.2,16,64.05429601325136,41.03884855482912,1,0
1,0,57.00078611734108,0,154,0,9,50.9930467643365,154,0,0,0.25288000457903714,0.2,24,53.67315433394795,32.998147714086215,0,0
1,2,49.33793073910734,6,88,2,13,12.51220643835687,88,0,0,0.3816473643425373,0.5,10,77.90927855628802,57.69986390417763,1,1
4,0,52.80379487688663,0,134,0,12,46.15882160699008,134,0,0,0.25316924045221545,0.2,2,56.77254546346188,26.26461160278083,0,0
2,0,48.57120067727985,1,227,0,11,49.08475938087231,227,1,0,0.203652859816702,0.2,24,66.30863539949324,41.18662100455664,1,0
3,0,55.134513069931025,1,38,0,14,66.60012496555612,38,0,0,0.12081095045114931,0.2,6,46.19423291578631,11.08704443842407,0,0
6,0,46.31868187861936,1,138,3,22,39.75457887940784,138,1,0,0.5219505431453397,0.7,22,82.81685447332809,42.30869255851618,1,0
2,1,50.4304246089855,1,0,0,13,39.60520969057624,0,0,0,0.03156265110091986,0.2,21,51.500387751147805,20.72180223791444,0,0
1,6,64.70842615816576,10,59,2,24,43.48233924613053,59,1,0,0.17967401192429364,1.0,16,100.0,59.358121450051186,1,1
0,1,49.52646887182141,3,317,3,23,65.79404506770456,317,3,0,0.6707019723185315,0.85,6,100.0,59.392434400727836,1,1
2,0,42.76848464482684,2,5,0,10,50.51823927515308,5,2,0,0.5790728377728194,0.2,5,38.993519899498075,35.533798255839365,0,0
0,0,35.0,5,347,0,20,57.98422220194742,0,1,0,0.44852015865877876,0.5,13,85.4677142651396,53.26730525715975,1,0
3,0,59.3305000072737,2,47,2,13,61.938869392809266,47,2,0,0.4789181041817465,0.5,18,63.8481261494907,28.95743830743296,1,0
1,0,64.81558094178335,3,656,3,20,34.02909059028381,656,3,0,0.21288856626727184,0.7,24,100.0,78.34258540550067,1,1
3,3,44.25701002655352,4,178,3,22,43.64456198790086,178,0,0,0.2896703266369052,0.7,20,100.0,45.87484803425759,1,0
1,1,42.19011813681344,3,386,2,21,55.12979217221006,386,1,0,0.42482056676069374,0.7,17,97.75977797762177,62.63775272683304,1,1
1,0,56.75030305239908,0,250,1,26,54.270214726443236,250,2,0,0.30154666029451777,0.5,12,94.03273324811946,33.788124372899674,1,0
0,1,55.732925797805656,3,747,1,29,51.78538884611589,747,2,0,0.74648557424199,0.7,3,100.0,95.17239123047288,1,1
1,1,38.15113997955422,2,111,1,5,71.71382134026753,111,0,0,0.6119915755051505,0.2,18,36.914111514796474,40.63880256616185,0,0
0,2,55.705953995608446,2,219,1,14,47.99232564925967,219,2,0,0.19682775823371085,0.7,23,95.71793648482374,38.320131024337,1,0
2,2,58.05419823867533,5,293,2,20,78.88773029752177,293,0,0,0.28735259448619244,0.7,8,85.57545014115499,49.022828822642005,1,0
3,0,54.03274406140365,1,471,0,10,57.03577885821998,471,0,0,0.5183468200146231,0.5,13,80.49091449046432,54.05641687028422,1,0
3,4,47.620336346051445,5,378,4,15,52.83268969513372,0,0,0,0.23399526179719493,0.85,3,100.0,66.76865632844931,1,1
2,0,57.39972892998036,0,20,1,16,31.210250316430624,20,2,0,0.018069491241723794,0.5,13,70.7744696550126,21.838733984573693,1,0
2,0,43.0649224662515,1,51,0,9,100.0,51,1,0,0.00483177815604358,0.2,21,31.498991006654435,12.305678473440551,0,0
3,2,63.899505077473115,2,73,1,8,48.14047517369815,73,2,0,0.17002609022165502,0.5,2,69.48388666393605,23.594726935306397,1,0
1,1,54.788067728419854,3,230,4,18,48.90218027155813,230,2,0,0.41565485601077484,0.7,19,100.0,55.722075764666414,1,1
1,2,53.15750016597615,4,210,1,22,29.37916784332078,210,2,0,0.14344296836114723,0.85,8,100.0,48.045963140020234,1,0
3,2,58.48353810666845,2,53,1,23,40.91737215710893,53,0,0,0.08559628924134897,0.7,8,92.49801193518378,34.1673495718272,1,0
2,0,56.45430943989585,2,108,0,9,73.18703191020404,0,0,0,0.2281391920043269,0.2,1,37.08666150849681,30.57368364357021,0,0
3,6,68.83146655628327,6,9,3,24,35.6146606652192,9,2,0,0.4332930325882113,0.85,17,100.0,52.76741828549191,1,0
4,1,57.341056671249085,0,127,1,10,47.4522586403765,127,0,0,0.534715977027747,0.2,9,55.83602990054708,39.831051837785346,0,0
1,3,49.23555125162932,2,459,4,9,63.94012989083004,0,4,0,0.26755936077589776,0.7,12,100.0,61.91493673876664,1,1
2,3,42.28052154952287,0,20,0,9,52.58220422778287,0,0,0,0.263069907801348,0.2,2,51.467966568452475,21.839671860656793,0,0
1,1,55.19916622731596,3,351,1,22,31.212091793046955,351,4,0,0.03747405199259101,0.7,12,100.0,52.473506578728994,1,0
2,2,67.63284413004394,1,327,1,15,88.281703501722,0,1,0,0.24832671493117067,0.5,7,85.22211070510828,40.909711143528384,1,0
2,3,53.88701837480817,4,81,1,16,31.921213023291536,0,4,0,0.3509191171253165,0.85,23,100.0,46.65570075451184,1,0
1,3,54.13685691418219,5,170,1,22,40.31920655656095,170,0,0,0.8811823020101507,1.0,4,100.0,69.38199062887372,1,1
2,1,47.00610933281565,1,6,0,12,53.0356558642679,6,0,0,0.39045516592168655,0.2,1,47.07279162334586,36.04456578861325,0,0
3,1,70.82494446049748,6,64,1,23,59.28174528422828,64,2,0,0.5242711797972638,0.85,21,99.5906215935871,44.6814765519325,1,0
3,0,37.20773251720555,1,12,1,13,64.14820914744645,0,0,0,0.20147849794274164,0.2,22,32.473920908555044,18.67843846538511,0,0
1,1,61.15141387538115,4,68,1,19,62.67044083262083,68,4,0,0.42242960433988497,0.7,1,92.1601847394096,41.017767358574204,1,0
2,0,54.450935820210034,0,108,0,12,70.35012922912863,0,0,0,0.08730790570829312,0.2,20,47.667268365679504,22.763209847527477,0,0
2,0,42.668530974430446,4,9,0,13,64.79789665870464,9,0,0,0.4211961174647435,0.5,6,51.801665778480015,28.870955150615046,0,0
3,3,38.29338117269609,5,117,1,22,34.626273814992274,117,3,0,0.07311777699439252,0.85,9,100.0,42.63252782286438,1,0
0,1,46.80112222256321,6,15,5,21,44.6161717683424,15,3,0,0.25029253239052707,0.7,10,81.41879642086231,39.911471132196446,1,0
0,3,70.26106847130947,8,160,3,28,34.117716818846645,160,1,0,0.031387728539750956,0.85,11,100.0,56.177422004016044,1,1
0,0,58.78965701133251,0,62,0,20,88.83110669632443,0,2,0,0.0565704526673743,0.2,14,65.43289853199117,12.448444548777982,1,0
2,3,56.09943484016415,1,109,3,14,19.218084693733566,109,0,0,0.8369833410074148,0.7,10,90.36908583844202,54.35958681998333,1,0
0,1,57.27526777466376,3,353,0,20,29.243021200801227,353,2,0,0.40091862409199636,0.7,17,100.0,60.474974122159395,1,1
2,0,59.85882275273427,1,168,3,8,44.28781218317175,168,0,0,0.09794975700800972,0.2,23,62.091512254526265,34.81217255998777,1,0
1,0,48.781468954089625,3,326,0,22,38.84507292312203,326,2,0,0.03484189648726191,0.7,6,98.2810294500427,50.21827569753224,1,0
0,1,64.98309394394315,2,296,2,17,53.881552891507155,0,1,0,0.07396455410025661,0.7,8,100.0,43.73249980636034,1,0
1,1,51.97043533539484,0,278,1,6,52.03279377493996,0,0,0,0.22086967609905886,0.2,23,67.51528622914434,37.75093735459298,1,0
2,1,50.70223389080759,2,216,0,19,72.02723080011323,216,0,0,0.3804510771091965,0.7,1,86.77358636843155,47.75134486163549,1,0
1,1,61.074371977982345,3,225,1,21,59.15448079132282,225,1,0,0.6940133012553577,1.0,16,100.0,56.01352015425206,1,1
0,5,48.19397853087778,4,260,0,29,87.32029488853173,260,0,0,0.22928817189133352,0.7,6,100.0,59.595751214240465,1,1
5,1,54.20134197196305,0,86,0,10,71.54176640342791,86,1,0,0.04331414778694384,0.2,17,56.82518591898453,14.790704830977438,0,0
2,1,57.4265335390019,1,254,0,14,56.15734744326575,254,2,0,0.1559927195998434,0.5,10,82.1976700771359,49.83190446294839,1,0
2,4,42.938730447018514,2,13,1,9,33.639571136704305,13,2,0,0.24280405915979483,0.7,22,71.59163939871866,37.21847599080391,1,0
1,0,60.01982198122406,0,20,0,11,68.75720477065713,20,0,0,0.4341447597576876,0.2,10,38.45893342902206,36.63973075366742,0,0
1,3,64.25395906500528,5,301,0,23,20.61061979271606,301,0,0,0.3130136845719722,1.0,20,100.0,74.66551979421237,1,1
1,4,58.10359978937298,2,331,2,14,47.32736759285584,0,0,0,0.2877080038857274,0.7,13,100.0,49.51629517359503,1,0
0,1,55.490469280625,5,38,0,9,76.0550965459258,0,3,0,0.780999224722735,0.85,24,64.14999466110315,46.51250248537056,1,0
0,1,51.448166096629585,2,60,0,9,48.8410267010663,0,1,0,0.3859412689330565,0.2,6,55.60701966370709,41.1908582481728,0,0
1,1,58.02171913418606,2,116,2,18,49.77559819627814,116,1,0,0.3258900464930649,0.5,17,78.36148751751622,32.787536219560145,1,0
2,2,64.9447878541105,2,92,1,10,37.4688845726031,92,1,0,0.6295858420457108,0.5,17,84.67585464098845,51.11289969970162,1,0
1,1,59.17367982083936,1,203,1,21,86.67334827376635,203,1,0,0.21305539638272752,0.7,10,89.56169603434931,32.154129728111414,1,0
6,1,45.82244743765245,0,2,0,8,52.14980796878386,2,0,0,0.4863546123942288,0.2,10,40.99006250995505,36.55049220529238,0,0
0,0,67.66052581648697,10,655,2,16,44.5027999695246,655,1,0,0.716141001762554,0.85,24,100.0,100.0,1,1
0,3,55.5003102753117,3,274,1,14,42.48515431762627,274,0,0,0.43589940090624135,0.5,19,94.90395350356535,53.62663817503237,1,0
2,0,41.14417219886166,1,83,2,6,66.24045223406783,83,0,0,0.21998601751542077,0.2,8,36.81652493655583,26.498382550254124,0,0
6,0,58.63565985278686,1,383,1,10,77.08473070042676,383,0,0,0.31366197838379867,0.2,15,63.4191863773247,52.03443372183346,1,0
1,2,56.98628453138217,5,300,3,17,29.16121974591863,0,3,0,0.2469515282049751,0.85,13,100.0,61.357804448763524,1,1
3,3,63.264113562417165,6,195,0,13,36.57705590552148,0,0,0,0.1871544150258051,0.7,18,95.58663090169374,60.42164918998867,1,1
3,0,60.422741075419864,0,90,0,12,57.276630755497756,90,1,0,0.34683008032464047,0.2,19,57.90746378130639,29.621179083217523,0,0
0,2,46.99520506672439,5,526,1,18,43.530823908220185,0,3,0,0.30999238382917393,1.0,2,100.0,70.78940207783057,1,1
1,1,45.5319702320335,0,32,1,19,63.79248700589175,0,1,0,0.24365996735554038,0.5,7,66.05285764990472,16.582069835471913,1,0
2,1,41.19783116397032,2,31,1,13,49.257742155805474,0,2,0,0.16020667784028467,0.5,16,60.44306611764957,26.374869899024667,1,0
0,3,57.35217461109116,4,674,2,17,54.68334337835169,674,3,0,0.27214260811598934,1.0,22,100.0,90.51159539778021,1,1
0,0,41.54274546558038,1,147,0,4,55.957417500640155,147,0,0,0.20077873264250432,0.2,23,43.608595663226204,26.860778051722825,0,0
2,2,64.60775976380071,5,388,0,14,45.20787273745295,388,2,0,0.2317876511922546,0.5,22,100.0,66.31859934787855,1,1
3,5,57.20458141514865,5,101,2,17,35.964589565872096,101,2,0,0.32308232719580077,0.85,13,100.0,62.041609352665,1,1
0,0,60.021458522288455,2,23,2,15,37.18801897392342,23,0,0,0.584883165144808,0.5,12,62.183630802748965,42.32718645967598,1,0
0,3,60.71583577986724,3,22,1,25,72.07151061942454,22,4,0,0.4570709021361733,0.85,15,100.0,33.00797104230864,1,0
3,4,39.93626597282596,3,756,0,17,54.343250647216934,756,1,0,0.5000961880618512,0.7,8,100.0,94.81308746722792,1,1
2,3,59.200241761464774,2,3,2,22,16.065448586654753,0,1,0,0.5288611852230349,1.0,11,100.0,45.453629356412705,1,0
0,1,50.150748974951085,8,182,2,9,45.10299788848731,182,2,0,0.5984781792757602,0.7,3,82.85359753637334,54.242719136402215,1,0
1,1,46.39003089413217,3,144,0,8,85.39889470486699,144,1,0,0.10719506463041163,0.2,15,53.31507105180931,28.998197415469523,0,0
0,1,52.03296995399653,2,28,1,8,51.90813239121038,28,0,0,0.6381756851111987,0.5,7,57.84793655900417,45.66433343893995,0,0
1,3,49.94435806324452,9,644,2,23,28.236848803302813,644,1,0,0.8573936868902552,0.85,10,100.0,100.0,1,1
1,4,53.11661514531396,3,39,4,21,42.538943999301424,39,3,0,0.7046055119261344,0.85,11,100.0,53.52953237658417,1,0
2,0,60.75037352927147,4,198,2,16,51.3967087607547,198,2,0,0.4329660347117088,0.85,3,84.36938474813574,52.018050365035435,1,0
2,0,39.92977350338457,0,5,1,9,93.01582791862795,5,0,0,0.3029495441119766,0.2,24,17.177970370493227,0.0,0,0
2,0,54.969435249753666,2,402,0,5,71.4109587846328,0,0,0,0.026726799828617195,0.2,22,63.75285431577455,41.31791206533312,1,0
4,1,50.59810830476642,0,75,2,11,92.0322676081578,75,1,0,0.10110683832564128,0.2,10,39.09794173033117,7.707144093946985,0,0
0,4,44.463504412463614,0,160,2,25,44.98495349193362,160,3,0,0.5436989182419427,0.85,6,100.0,46.323066297578734,1,0
1,2,57.142907288787626,4,826,2,19,36.644030458428674,826,1,0,0.3404093290997606,0.85,2,100.0,99.78480076471827,1,1
3,0,45.86791203814822,1,232,0,8,47.197248419691924,0,0,0,0.5143177394786469,0.2,23,47.919957952303164,43.15877986426243,0,0
5,0,56.25564402007876,0,48,0,12,38.18236262065413,48,1,0,0.5240764799130962,0.2,18,60.02513033617172,27.984649299873997,1,0
1,1,39.89277478016436,5,532,0,17,44.23974261636198,0,1,0,0.6260935163036359,0.7,21,100.0,82.83228746918044,1,1
3,2,53.994952528116926,3,400,1,22,44.986105200102045,0,0,0,0.018080881194665426,0.85,21,100.0,61.392275555735004,1,1
1,0,44.909766913959324,3,15,0,12,42.50993065390521,15,0,0,0.05986416542384038,0.2,24,48.036530736968984,31.673923693379244,0,0
0,2,60.96849390682773,0,132,1,10,48.123390495375205,132,0,0,0.4910590345789296,0.2,24,65.14229772291209,31.60115485555375,1,0
1,2,51.424125068325985,5,206,2,14,56.632055645581126,206,0,0,0.06990939595375441,0.5,20,76.59144586634791,51.425654807006865,1,0
2,0,50.06609720967418,0,142,2,19,47.716989420407536,142,1,0,0.29942198216651167,0.5,5,70.54292287934757,30.953353236558293,1,0
1,2,52.98548385966565,2,142,1,8,83.25725289780343,142,1,0,0.33603423214575195,0.2,12,55.95374385257627,38.57893077643578,0,0
2,0,49.37663378533831,4,437,2,12,31.2461741531863,437,0,0,0.3449718953948257,0.5,5,86.5183986432478,65.0605448226816,1,1
0,2,63.91267102520594,2,304,1,16,32.68441940576883,304,4,0,0.47560464553016324,1.0,20,100.0,66.6275736898577,1,1
2,3,69.59900387024547,7,1144,3,19,60.89771886902359,0,1,0,0.7317774063978539,1.0,6,100.0,100.0,1,1
2,0,70.15232490273456,6,24,1,13,44.728620572649724,24,1,0,0.2735718696988594,0.7,4,71.65131871494043,34.84398662388691,1,0
5,1,49.022845810332214,0,16,0,4,66.14276519488119,16,1,0,0.3580878395463627,0.2,10,43.158993812490024,31.378000607005042,0,0
0,0,51.238682356401625,2,28,1,19,62.338818026144914,28,0,0,0.03502028329124301,0.5,11,56.45088369541262,27.956684424408333,0,0
1,2,53.9435334487303,5,57,1,17,67.0113844230536,57,3,0,0.1299896211703498,0.7,22,82.88876211296768,34.08358426705027,1,0
1,1,46.71647431546542,2,179,2,13,86.60677784809035,0,2,0,0.12400915439360619,0.5,16,68.3442093168662,25.22589220322994,1,0
1,2,65.38034856243036,2,271,1,32,61.45329657756221,271,0,0,0.49075474269700164,0.85,19,100.0,54.15816056328534,1,0
3,3,60.320637026011966,5,79,0,18,57.21483657878788,79,0,0,0.4821518130538132,0.7,1,76.32401454595089,60.583535462126115,1,1
1,3,55.077659744822434,3,13,0,16,53.22236917427632,13,3,0,0.1659538439550879,0.5,3,87.16028000432279,33.11337910166818,1,0
1,1,53.92194663324542,5,25,2,25,48.92457183563232,0,1,0,0.4659211817567606,0.85,20,87.95268383570658,45.2630084120301,1,0
2,4,59.189400670160836,5,207,2,17,10.0,207,0,0,0.8358643183696832,1.0,11,100.0,81.95724084187601,1,1
3,0,61.81844291431373,0,35,0,7,57.70847871012174,0,1,0,0.5878172696696419,0.2,4,50.76115613126402,30.40698280031719,0,0
4,2,39.77197976787901,1,27,1,5,64.75804514189367,27,0,0,0.043496022937236846,0.2,13,38.29934224704837,18.575623505829665,0,0
2,3,39.001463549007106,5,273,1,26,78.23514563076583,0,1,0,0.3862738122639508,1.0,12,100.0,56.5267932772202,1,1
1,0,50.756861795474315,1,19,0,7,82.85619652721606,19,0,0,0.05115142827876145,0.2,4,32.422345895314805,17.977827337191716,0,0
1,2,69.1913150816916,4,673,0,29,29.304557325657434,0,1,0,0.06852312755934842,0.85,4,100.0,74.0649856431977,1,1
1,1,38.79560181401037,1,201,2,10,79.93985936181289,201,0,0,0.48092077152468565,0.2,3,59.85725429737898,41.32838633608256,0,0
1,3,66.97237694584203,4,226,1,13,11.631192232520782,226,2,0,0.5690557944642426,0.85,9,100.0,71.55212170035296,1,1
3,3,55.650013478030935,5,200,2,19,29.052822271872323,200,1,0,0.33088331837171586,0.85,9,100.0,61.6113814702399,1,1
1,2,51.94077534985044,1,40,0,9,99.88164452910989,0,0,0,0.5940416299659145,0.2,5,38.06987852846405,29.752787087100316,0,0
2,1,39.51956276465919,0,35,1,12,55.668328107024976,35,2,0,0.16180113413921782,0.2,2,46.206395247543135,22.257013028528778,0,0
1,1,57.92852834756285,3,109,0,17,69.82981719049778,109,2,0,0.7636235623222275,0.5,7,70.26425422741315,47.25431811999899,1,0
2,2,57.433424958999986,3,249,1,12,67.47456338427367,249,0,0,0.546368464559534,0.5,11,81.65835576657629,53.19471013835798,1,0
0,2,48.7686120696134,10,170,0,14,41.2049582147356,0,0,0,0.2905804692606095,0.85,2,91.018394206954,62.58004618941984,1,1
1,3,49.789312634987695,5,151,0,31,27.546749216615915,151,6,0,0.25112393464377863,1.0,15,100.0,55.04914817856797,1,1
1,2,51.939036115912046,2,99,0,14,53.955498200498376,0,4,0,0.3209938049320645,0.5,21,79.69650956068185,36.22413565032679,1,0
0,0,47.000807286377544,4,198,0,7,79.87033582173719,198,0,0,0.24177679516342362,0.2,14,33.03892814560663,30.793737639772456,0,0
3,2,54.07312540658106,3,73,0,15,75.52944433145693,73,1,0,0.09959274571594987,0.5,9,68.01025616442989,34.34268150384014,1,0
1,2,61.43256425165756,6,363,1,23,14.362546672143164,363,1,0,0.5288912424831723,1.0,21,100.0,74.34127831575654,1,1
3,1,56.88690492478679,1,13,0,13,73.00319448616416,13,1,0,0.02395742770398942,0.2,16,53.49338061109428,15.54194723063722,0,0
1,4,62.95498614511525,2,19,0,14,55.358342236659794,0,1,0,0.7727385904835486,0.7,18,86.79374122044418,52.63549162687693,1,0
0,0,62.73685427185941,1,245,0,19,46.78142043689597,0,1,0,0.06824047326163951,0.5,17,93.02013269454824,25.73238325073482,1,0
5,0,45.55875011515202,2,196,0,10,77.65627749528355,196,0,0,0.294692842998505,0.2,20,45.24936356384904,32.97422310706355,0,0
2,0,59.05689850394512,1,72,0,5,61.29728752940696,0,1,0,0.023297381909528434,0.2,1,47.978062432546274,21.305999092281866,0,0
2,1,39.47566696379731,1,938,2,12,63.05463545415611,0,0,0,0.16727840608186503,0.5,16,100.0,79.7979177496923,1,1
1,0,48.20158156197849,1,168,1,16,30.981347898236223,168,0,0,0.6773917644984592,0.2,7,63.08986642491024,49.01406776155102,1,0
1,0,51.31281193781216,1,94,1,9,80.07948051398691,0,0,0,0.4737835768853055,0.2,6,37.07340575900714,38.53410347321796,0,0
2,1,46.729842633536215,2,665,2,13,80.26787251905178,0,2,0,0.34324012105239454,0.5,6,100.0,62.693055519869944,1,1
2,1,35.25790257927959,1,302,0,18,68.67236288196685,0,0,0,0.2490267589780223,0.2,19,73.80157142136274,47.56703997975802,1,0
3,0,44.23739147825879,0,48,0,10,61.336060078618914,48,2,0,0.07468837086595692,0.2,5,46.07967472082787,16.161934083111717,0,0
5,0,44.819068395127545,0,6,0,15,49.68918318843119,6,1,0,0.08381470650641283,0.2,16,50.64082764254424,22.44869352586341,0,0
3,1,65.19589141577875,4,17,0,15,49.399473624953735,17,0,0,0.7241423241352215,0.5,20,61.22275025791941,48.486491548094186,1,0
0,5,39.35329602115299,4,261,1,16,72.71907927428732,261,1,0,0.21495595698581113,0.7,21,100.0,53.55538139465771,1,0
2,0,39.93555846850242,1,30,2,13,62.568727217160856,30,1,0,0.54963241718355,0.5,20,47.88742804693282,26.000116915298506,0,0
3,1,49.10693010644353,4,361,2,16,80.33783400477519,361,1,0,0.34924958533538963,0.5,10,85.46823811924389,48.52587764588996,1,0
0,1,63.25297627378139,6,130,5,24,44.09677651440467,0,1,0,0.4238824242373385,1.0,2,94.29569374374867,43.94092966495617,1,0
2,3,56.525457891772994,0,219,2,10,52.36625811916174,0,1,0,0.7092305349996733,0.7,1,91.98722762615243,58.68835474099199,1,1
3,2,51.397608605411484,3,229,2,14,40.95330922526486,229,0,0,0.17485717359369007,0.5,18,86.61798454734826,50.504754369509214,1,0
2,2,64.01982525562244,5,29,2,22,20.053296522924597,29,2,0,0.319201128632142,0.7,11,100.0,42.576458248606095,1,0
3,2,47.55360276092636,2,392,2,21,55.57747728542908,392,1,0,0.006070529978190736,0.5,4,100.0,50.140846386363506,1,0
2,0,54.46926243423873,1,92,1,6,46.28069789990761,92,0,0,0.2973871081775913,0.2,23,42.194700146495805,29.5970748800169,0,0
2,2,49.27337511274019,3,405,2,9,53.87531111383673,0,0,0,0.41162436973966293,0.5,21,85.17333715759013,66.17666722305125,1,1
0,1,56.529012296166485,3,104,1,17,65.83232646712293,104,1,0,0.416582053656932,1.0,22,78.69234052798946,36.96574629479116,1,0
0,1,48.23406039813064,6,226,0,20,52.33765105315767,226,0,0,0.06623762875518098,0.85,11,92.84318321567542,45.010705706634994,1,0
1,1,50.635444733420414,0,308,0,7,71.74966668903951,308,1,0,0.09529509898611287,0.2,6,65.61418066336722,26.20587087254477,1,0
5,0,52.58823016913411,1,6,0,10,61.42472383946076,0,0,0,0.16564567427625757,0.2,24,40.25401678110772,22.744042175132524,0,0
2,2,56.337578359066725,1,140,1,8,65.08779547511531,140,1,0,0.4235384518106744,0.5,24,72.13385459587403,37.175469372474346,1,0
0,2,43.004244316374034,3,5,0,20,23.227937644359464,0,2,0,0.3544925127937101,0.7,20,77.82283969729842,56.19554150676216,1,1
2,0,46.04515947495301,2,36,0,9,73.65108695780742,0,1,0,0.6386330846223024,0.5,4,38.87498350275559,29.52365765457583,0,0
3,0,52.066580069004736,0,130,0,9,78.72299312948681,130,0,0,0.12144598372844258,0.2,12,45.167185428748695,20.051985425061037,0,0
3,2,54.30033473189457,3,84,2,10,71.37708008611969,84,1,0,0.416290009883916,0.5,3,53.37965648734176,33.68442736130176,0,0
0,0,53.21194465693989,4,426,2,15,56.29256862198811,426,2,0,0.5673793371887973,0.7,6,98.74648732462668,53.53383156710261,1,0
1,3,56.408879557498345,5,281,0,9,25.833492276276335,281,0,0,0.5805190238520862,0.7,10,94.82203099167519,82.86194593394562,1,1
4,1,56.42001840253698,4,128,1,12,76.13600122966615,0,0,0,0.5506978764492109,0.7,17,64.36115324564553,38.1255455323078,1,0
0,2,60.38883854789784,3,116,0,20,60.306034557676725,116,2,0,0.654609067175119,0.7,8,85.46007590203297,46.3524560831064,1,0
1,4,71.42849739193329,5,69,0,16,57.915001950073496,0,1,0,0.0654038625177463,0.5,13,88.93120002008985,36.659469301453385,1,0
5,1,53.561851830729886,4,16,3,21,50.640108645113635,16,2,0,0.2879418075874442,0.7,3,84.21232274645654,38.296184649722605,1,0
2,1,55.47976460058525,3,65,3,6,61.79134528115042,65,2,0,0.3307385232656467,0.5,2,54.8673131244778,38.22382174213516,0,0
2,1,58.69837038744726,4,218,1,17,26.932104549885537,0,1,0,0.18595921731988477,1.0,5,99.3431316563439,55.51293629126297,1,1
1,1,49.630293717698116,4,37,2,19,62.2484886296347,37,0,0,0.1896274983107363,0.7,8,73.13122095582376,27.969316436763002,1,0
1,1,58.06745272141984,2,177,2,19,54.749867672741374,177,0,0,0.4021358123920592,0.85,24,85.0697504460698,41.503776767812916,1,0
0,1,49.131698460668346,0,160,0,15,50.22971407541553,160,0,0,0.08201144652611077,0.2,9,64.3776316132272,26.5432531739265,1,0
2,0,51.45997714796516,2,67,1,9,83.73447793282367,67,1,0,0.10702221030975922,0.2,8,24.053431690151783,18.770422301244714,0,0
1,0,42.196708791247815,2,47,0,20,70.33769190544024,47,1,0,0.21425601976917608,0.5,14,58.24250985755967,26.311302793227007,0,0
3,1,57.73404163870863,3,68,0,12,66.85023113467268,0,1,0,0.12123953259456906,0.5,10,58.24397979701013,28.581108175581612,0,0
1,1,61.06041174132102,0,35,0,16,77.93398020298322,35,1,0,0.037918821380617335,0.2,7,64.05857616361514,15.894712929694286,1,0
1,2,47.950207674655736,3,96,3,19,50.10005117167205,96,1,0,0.5956095234113516,0.7,12,87.06950707935313,46.42913135714811,1,0
5,0,51.076215870274595,0,4,2,12,73.97907259435142,0,0,0,0.5187655272319258,0.2,20,38.93050121293853,28.385971769794125,0,0
1,0,48.62720244491968,1,40,1,11,42.38527548212622,40,0,0,0.31203147097540646,0.2,6,52.44633583186612,34.57010852980493,0,0
3,2,59.730720644323284,2,173,2,16,57.66667207877478,0,0,0,0.24278983891077774,0.5,7,81.55892232910072,36.75627710605189,1,0
0,1,55.49066648734851,5,6,0,17,28.69367987935362,6,0,0,0.5030601658674343,0.7,11,73.41684719673336,36.58435881669658,1,0
2,2,69.20896585014086,2,237,0,9,60.936031936975716,237,0,0,0.35623433935302584,0.5,24,85.79554977903133,52.48424959430909,1,0
4,0,50.978016385903324,2,26,0,12,34.87212010930891,26,0,0,0.14183317594349515,0.2,6,50.74850933238976,20.924272290753677,0,0
2,0,47.47458333975584,3,124,1,10,71.56406122057577,0,1,0,0.14417853048422954,0.2,13,48.463194099381525,31.646727864461607,0,0
2,2,47.115441684619505,1,92,1,11,54.04559743828956,0,1,0,0.6323267808582751,0.5,13,62.87084858974936,48.81372134372509,1,0
1,0,51.38562125680568,3,73,0,13,46.53827799082608,0,0,0,0.18251194192225345,0.5,14,54.914146445057575,31.901982983410214,0,0
0,3,37.354087155812024,4,81,2,17,36.209724756507406,81,3,0,0.7186660972882853,0.7,6,89.68635122073181,62.26439294313064,1,1
1,1,59.60457649372391,5,618,1,18,28.921655409461735,0,0,0,0.39541251751592144,0.85,11,100.0,82.68896199520678,1,1
2,2,53.40058755105242,0,671,2,7,63.68392972856852,671,1,0,0.5059823415726173,0.5,6,100.0,74.28860570939024,1,1
0,1,45.813974212995326,2,127,3,11,53.37791514412875,127,2,0,0.4157823628268261,0.5,12,66.62864150814323,43.32949090859496,1,0
3,4,60.530119330239984,3,42,1,8,44.6814088469812,0,1,0,0.24766326700387972,0.7,3,79.01251055464395,42.05307660282678,1,0
1,2,44.577908336069136,2,244,2,12,58.06621557252121,0,4,0,0.1089176633809175,0.5,13,87.62635908044626,35.62842673185763,1,0
3,0,48.59789886006917,1,34,0,13,55.134723163998515,34,0,0,0.02935670320176723,0.2,24,41.25123482269959,17.0676821603671,0,0
4,0,41.607686203745125,0,111,0,11,90.94997802512526,0,1,0,0.3257664054595934,0.2,17,45.762432964475835,25.815459640476746,0,0
4,0,49.71513560857503,2,129,0,10,57.29173277906716,0,1,0,0.08232133902844067,0.2,23,55.95306853627484,32.31998687291133,0,0
2,0,56.12139512102446,0,90,2,6,63.23321960476933,90,0,0,0.0698388112922306,0.2,15,36.9734347628562,19.074674735866036,0,0
3,1,54.131450299298535,2,132,0,6,57.79864344045338,132,1,0,0.2493317193934986,0.2,14,53.62531029362956,43.01293433508529,0,0
4,3,50.00688838823707,1,26,1,16,72.9575204087178,26,1,0,0.4928914586344255,0.5,22,72.31170223093937,37.171196540464734,1,0
2,3,59.277218390217996,0,140,1,13,48.65801718085205,0,2,0,0.6356869340748489,0.5,10,89.24862584453119,51.78414464087438,1,0
4,1,36.259271365129834,4,135,2,24,37.477332582247,0,0,0,0.5285687761904541,0.5,7,83.74164100819581,54.49775203368499,1,0
1,1,60.70068245635044,5,242,1,17,57.29502507855478,0,1,0,0.5202559406720033,0.7,9,100.0,44.49241739989669,1,0
1,1,74.2324397104111,2,21,0,6,62.3306063859204,0,0,0,0.09180927949779547,0.2,1,58.27305139539494,20.842694740653055,0,0
1,2,60.0921443710249,3,88,3,17,32.19373121595416,0,2,0,0.15640053457466183,0.7,16,97.22710180283093,45.24441018982391,1,0
0,4,56.76752979159083,5,181,1,23,11.531298316389837,181,1,0,0.12195206968272179,0.85,11,100.0,60.26465866461768,1,1
0,0,48.61451810829529,1,29,0,11,44.19681968489815,0,1,0,0.06679081966181559,0.5,20,54.2067894726807,19.98068825337003,0,0
3,1,56.300511241338626,3,33,0,19,66.95207249585599,33,1,0,0.5379558690942288,0.5,4,69.79498399545442,33.83736853533877,1,0
2,1,67.71331485932446,6,26,0,11,48.5652892394137,26,2,0,0.5924199851118084,0.5,4,68.71429933591905,51.928041181256084,1,0
4,1,43.347055070308514,3,89,2,20,58.450834173182514,89,1,0,0.4000314091177912,0.5,12,72.62855493256882,36.95243574072925,1,0
3,1,47.34126447219477,1,107,0,11,59.846659663467946,107,0,0,0.3120472880560401,0.2,8,54.280906024743985,37.97234323832794,0,0
3,1,62.68148065848301,2,258,4,19,22.33478556444698,258,4,0,0.5036376469003322,0.7,11,100.0,70.62347481050938,1,1
2,1,39.48715204945313,0,120,0,11,56.021833745660075,0,1,0,0.0613909601255063,0.2,8,55.03904542564842,28.313753551960524,0,0
1,3,63.64897327001911,7,76,0,23,63.04091772564293,76,0,0,0.7887069966174043,1.0,11,100.0,50.671563648047105,1,0
1,3,61.2942963920213,5,222,0,15,51.071176126263204,0,1,0,0.2733406076670421,0.7,16,92.66766670060069,50.68968147733681,1,0
0,2,46.3358407098693,4,148,1,15,62.1870748605931,148,3,0,0.36036500884937994,0.7,8,81.61906184994695,45.48566388957073,1,0
0,3,59.79333792701731,3,152,0,18,28.4018888831643,152,1,0,0.20843938558581893,0.5,19,100.0,36.68242545189746,1,0
2,3,47.77973500836116,1,243,1,16,72.42413220485706,0,1,0,0.5040969818333965,0.5,23,91.17766826492053,41.30431426205232,1,0
0,2,53.66108955514315,6,95,6,26,54.05005230543748,95,2,0,0.2429750618440817,0.85,14,95.07193803239709,50.54468423366664,1,0
4,1,41.009853183603376,3,172,1,16,30.098331101293592,172,3,0,0.22444321593889555,0.5,7,87.16697259325652,43.60881160104398,1,0
0,1,35.0612089119176,0,33,1,12,41.933103919397226,0,3,0,0.4021994841438062,0.2,11,70.2312565278671,29.006635409338294,1,0
1,6,79.61895930294979,5,21,2,21,61.546442793383,21,0,0,0.16573760682144725,1.0,1,100.0,46.22767614742445,1,0
1,5,48.820567639514586,1,88,1,15,31.789877255180063,0,1,0,0.0964505158037898,0.7,20,97.97219049634595,43.871284429507355,1,0
3,0,49.65070140088578,1,19,0,10,61.735950747340105,19,1,0,0.5294683628622817,0.2,20,33.98803886792549,26.822661496846763,0,0
1,5,53.707359680985235,3,143,0,17,28.932930762302508,143,0,0,0.700899464141847,0.5,3,98.91288150098134,73.42475068421558,1,1
1,2,51.463374326316504,6,279,2,17,32.34716802771365,279,2,0,0.32010121598409713,0.7,9,100.0,65.21333331740891,1,1
5,1,50.75250053925279,2,195,0,13,36.46346865734365,0,1,0,0.046259836680198674,0.2,1,71.78080414250958,42.57867898005725,1,0
4,2,40.27904036244243,2,137,0,14,62.70452550797728,137,0,0,0.035171666705746354,0.5,13,60.66416088667716,35.028308631472974,1,0
1,1,50.805141330957,8,28,4,22,28.66015282109735,28,1,0,0.30134628091921145,0.85,2,81.36591576032716,41.81457225961697,1,0
2,0,44.786551127725254,3,177,1,17,21.31621153652256,177,2,0,0.3960722251221752,0.5,3,87.76573846420865,52.89656829430872,1,0
0,1,46.103949503507394,3,557,1,22,10.0,557,1,0,0.28490305996504506,0.85,12,100.0,78.30053986581449,1,1
1,0,44.19514716318087,2,22,0,12,39.658773920162275,22,1,0,0.03869906090354362,0.2,3,54.99027311985129,21.525672323781215,0,0
1,2,43.71596381577678,2,104,0,23,35.46133781569694,104,2,0,0.6332215483136397,0.5,2,95.12007405902246,60.4478545580651,1,1
0,4,41.73852823261013,2,74,0,12,38.07113990354448,0,0,0,0.4218781557389038,0.5,13,79.55336055434617,46.05426608919642,1,0
1,1,51.94073114252031,2,54,3,11,54.184952803769434,54,0,0,0.3583186510642962,0.5,11,55.78141529325212,30.434036123437153,0,0
1,3,51.2749421589123,4,105,1,17,53.76127410255687,105,0,0,0.7731910993990834,0.7,15,80.42205049983907,53.240356593374585,1,0
3,0,59.213902894289674,1,36,0,12,71.37990230254744,0,1,0,0.29315406794817384,0.2,14,45.34374431910692,12.176746085697236,0,0
1,2,54.71516223145291,4,4,1,14,66.39680855429616,4,2,0,0.20534117164163093,0.5,1,71.35164648407897,20.87414090295053,1,0
2,2,50.941511422342955,3,44,2,22,45.49153299319609,0,3,0,0.21992627959909164,0.7,1,85.39513865592441,38.63802849652448,1,0
0,1,57.205755155685175,1,146,0,10,53.09838793249236,0,1,0,0.3385301533774447,0.2,24,65.55932778403351,31.69848656517172,1,0
0,2,69.09651965541983,6,1037,4,15,39.03318797576588,0,1,0,0.4003167175117188,0.85,5,100.0,100.0,1,1
2,4,49.920879207284734,5,336,3,17,87.98234350111873,336,2,0,0.05517826916099406,0.7,21,98.12462506608676,50.61271115119031,1,0
3,1,56.78485451771768,3,339,1,18,46.76157790756902,339,0,0,0.23339798077763046,0.5,9,96.18641531032651,55.8416251528819,1,1
3,2,67.78459774117,2,150,3,17,54.11750718802717,0,2,0,0.4124920029557015,0.5,3,100.0,36.35829582529438,1,0
5,2,54.20128322078669,1,225,1,19,49.90339055616143,225,0,0,0.7131305984581756,0.85,8,100.0,56.69518927393994,1,1
1,2,39.93725240480552,4,129,1,15,80.63446078044839,0,1,0,0.41921815924876865,0.5,12,63.46878070927151,35.11032319820658,1,0
0,4,66.80812530123768,5,80,4,16,54.8322836539557,80,1,0,0.1094939703126307,0.7,18,99.44551945907061,43.18989623221702,1,0
1,0,58.337624055272386,1,2,0,21,44.663323034173146,2,3,0,0.6146559409022072,0.5,7,83.88021393606243,29.039643556854358,1,0
0,4,61.13583931099204,10,40,1,18,59.72182737278526,40,5,0,0.7403725402213481,1.0,2,100.0,66.6042402438302,1,1
2,1,58.993418468775964,3,230,3,19,39.17845336564076,230,2,0,0.380551477279464,0.7,8,96.9147235915188,48.817257981211256,1,0
1,0,44.53679353206578,0,153,0,5,68.87137359300313,0,1,0,0.3248667865847479,0.2,24,44.46648539964755,23.234756300180646,0,0
0,0,60.94755448476745,1,7,2,16,83.91719496157857,7,2,0,0.20441026821361563,0.5,20,49.66695028278646,13.599475810244936,0,0
4,1,35.90408529950356,1,291,0,6,49.73963959877118,0,0,0,0.0065921273169275,0.2,17,56.47966281219503,28.456241111268533,0,0
1,3,49.077177865908524,1,183,1,21,44.21969433776675,0,1,0,0.5801394044527365,0.5,19,94.43137586977804,55.319082245397226,1,1
1,4,54.48930054280732,4,22,2,11,23.914672274560026,22,2,0,0.2259317647673605,0.5,14,82.91937031470368,46.73702446496529,1,0
2,1,42.123747664551544,2,55,2,15,72.30254274672316,55,2,0,0.7848038248107782,0.5,10,56.98680296800999,42.71156084557239,0,0
4,0,49.99680039520782,1,321,1,5,67.59655260373964,0,0,0,0.0026810261926961663,0.2,12,51.47831711163003,34.8752255629736,0,0
2,3,56.015946015819324,3,588,2,16,53.27531998431697,0,1,0,0.40846544853090705,0.85,12,100.0,83.24165022371315,1,1
1,1,41.907265437320085,3,20,3,25,33.92536127350169,20,2,0,0.19185838383170087,0.7,10,90.27874168864702,29.460431062991653,1,0
2,2,71.00078277456383,6,531,4,16,67.42497345229368,531,1,0,0.6313618006914318,0.85,18,100.0,82.06716125359532,1,1
1,0,50.21502796312515,2,121,2,8,44.33039980001685,121,0,0,0.8147235027253757,0.5,21,59.35872871966454,46.39108435717706,0,0
1,0,57.56078044736159,0,229,0,10,63.07626719150814,229,1,0,0.29222224909504296,0.2,17,56.74419697976595,36.439356289273604,0,0
1,4,56.3171816807381,5,658,1,16,88.06237529868423,658,1,0,0.8052447902429803,0.7,12,100.0,88.15672009722284,1,1
1,1,50.4143174803002,4,316,0,12,50.62597372132315,316,1,0,0.088483258362239,0.7,11,83.83786439394197,58.94072307890184,1,1
4,1,51.29112682803968,2,16,1,9,70.87832461028381,0,1,0,0.17921454313791865,0.2,2,35.076296523147384,32.95861940266671,0,0
4,2,47.39766431335308,3,17,2,19,47.60622587576122,17,0,0,0.39085729006459385,0.5,15,75.77229513763089,40.35549961638011,1,0
5,4,46.187000424155485,2,55,1,9,60.686496236183395,55,1,0,0.4605098431352218,0.2,16,61.22289095498135,43.20656327327272,1,0
2,3,56.79941839623933,1,131,2,6,76.4065357264501,131,1,0,0.6627144932468003,0.2,13,66.39552159222792,48.110859262250244,1,0
4,0,57.80225514173465,2,57,0,14,66.52977051415293,57,1,0,0.3620207252847797,0.2,22,65.33383308362339,39.24487555447475,1,0
1,0,39.80067184462029,1,0,0,7,70.71896010069085,0,0,0,0.07700121391826971,0.2,6,26.114150650947686,23.083372595285308,0,0
3,0,51.66107646752755,2,76,0,7,66.92432638618281,0,1,0,0.09401906325359272,0.2,14,42.89606613985831,24.519429701094452,0,0
1,0,57.15710975216521,0,873,1,16,49.56418888832778,873,1,0,0.7518783728393493,0.85,19,100.0,85.7334026631967,1,1
1,0,60.74542468422578,0,188,1,10,78.9717473307418,188,0,0,0.0031831840297816137,0.2,14,47.278208820357705,24.28593903074723,0,0
2,3,60.68366997927707,4,43,2,14,67.13515298351496,43,2,0,0.29574534783806306,0.7,18,86.480675984918,35.794013302204945,1,0
1,0,40.041916899157584,1,307,0,19,39.170137621113106,307,1,0,0.32447896844868196,0.5,16,87.60960046852243,49.90440212124929,1,0
1,3,61.32222781647637,1,297,3,14,33.48834923141888,0,4,0,0.6092686968818577,0.85,7,100.0,65.91897318206523,1,1
2,4,63.28306621429513,4,14,1,26,58.22000170199354,14,0,0,0.4022545553177971,1.0,8,100.0,33.66411325053674,1,0
1,0,53.130754074762585,1,339,0,13,100.0,339,0,0,0.5734526952268656,0.2,6,60.655461644230705,42.634587134328534,1,0
3,3,47.902932411887214,0,159,1,8,91.9533539819839,0,2,0,0.40091103082774426,0.5,11,66.94656300759438,41.63232981659164,1,0
0,2,59.889675193795654,2,112,0,21,27.81508795494129,112,1,0,0.15984274803651322,0.85,2,100.0,49.189508609245316,1,0
2,2,50.23660160689697,3,414,2,20,59.59556045875899,414,2,0,0.40282546145812537,0.7,6,100.0,65.43252090850116,1,1
1,4,62.78853338488472,3,205,1,27,54.444539385950016,205,3,0,0.4746594645779674,0.7,10,100.0,58.369299289994366,1,1
2,0,51.6532706585208,2,299,0,13,71.09123460213544,299,0,0,0.27350800210206183,0.2,10,65.43191085596074,37.69510423134537,1,0
2,3,60.420126871055125,1,1078,0,17,49.30281782382809,1078,2,0,0.42300286496912903,0.85,7,100.0,100.0,1,1
1,5,59.20548529766374,9,107,1,26,35.91359648603692,0,2,0,0.5102176326293844,1.0,23,100.0,71.82568746361679,1,1
2,0,60.20782053124928,4,246,0,17,62.717141057976235,0,0,0,0.28337270996111813,0.5,23,81.4044151303353,40.83952157173895,1,0
3,0,37.66013622177436,1,139,0,16,83.79132681722308,139,1,0,0.16485676611455566,0.2,2,58.025091749803146,23.52662684276149,0,0
5,2,38.664752437184646,3,233,1,5,77.25410178991254,233,0,0,0.15251221431170106,0.2,7,50.041072780125106,46.038877990763794,0,0
5,1,53.43821103540299,2,509,0,19,50.69335742706485,509,1,0,0.17955247618203057,0.5,22,100.0,52.1387349703609,1,0
2,1,47.13945553785122,5,617,1,16,56.08017147194322,617,1,0,0.6014130070463785,0.7,22,100.0,87.4600895008477,1,1
0,3,51.01443959299698,6,6,0,23,70.68481821515732,0,1,0,0.5705582337813025,1.0,6,87.1797966105508,47.94813215792179,1,0
1,4,59.811556798233966,4,113,1,33,35.881330003705564,113,0,0,0.6182661284690356,1.0,23,100.0,67.78482347723553,1,1
0,3,52.837204621488915,1,79,1,19,60.21096229652143,79,1,0,0.025243490547819537,0.5,10,76.53376937245497,28.21277846764729,1,0
2,3,64.34695909988537,1,369,3,14,61.329005682602656,369,0,0,0.09543983395464531,0.5,23,99.5673138401409,58.23964022889958,1,1
1,3,72.80859444931514,2,161,3,17,53.37760869392219,161,3,0,0.835954827438147,1.0,22,100.0,57.892954688474035,1,1
0,2,50.55307503853023,2,46,3,20,46.86273127642306,46,2,0,0.5357090354710774,0.7,5,86.85900443480557,42.3994785414264,1,0
2,3,51.587789633845226,4,306,1,16,32.73341397709861,306,1,0,0.19297467700366672,0.5,9,100.0,60.726072944803796,1,1
1,0,50.700424613284504,0,146,1,12,86.37510788202712,146,1,0,0.09236456438464678,0.2,4,38.952230037331304,14.762567320190351,0,0
3,2,52.95110929055614,3,257,1,15,46.33698603971181,257,0,0,0.19134721640096816,0.5,21,94.2869063690328,46.62147135597334,1,0
2,1,68.65904306070098,5,101,1,16,55.30805058856104,101,2,0,0.20712502244120667,0.7,13,86.39656818034727,42.34047621681766,1,0
1,7,64.5768016664079,3,53,1,26,34.2838531832991,53,0,0,0.6989803513445103,1.0,23,100.0,69.12568476240614,1,1
2,2,55.76814243934216,2,36,0,10,80.01996667088457,0,0,0,0.07098985571037464,0.2,5,44.16972309911525,22.760765867853383,0,0
1,2,56.89216074582815,2,73,2,12,10.0,73,5,0,0.468733858243277,1.0,24,100.0,48.4281343049716,1,0
1,0,66.59548115418255,0,67,2,10,52.70907178163134,67,2,0,0.43661656918605674,0.7,14,72.25300935825385,32.5078716625859,1,0
2,0,57.610158156492915,0,51,0,11,55.65969966762796,0,0,0,0.11339590881562824,0.2,2,43.3293083848713,26.18331535454496,0,0
1,3,48.56598133596506,5,70,2,20,48.83231326783177,0,1,0,0.11818367932814228,0.7,21,100.0,40.724890376661726,1,0
0,2,48.935047290510866,4,114,2,15,59.10209194237346,114,2,0,0.32470343801188517,0.7,18,77.23430685250017,36.40529810028687,1,0
2,4,43.25100509372177,0,299,0,9,66.11747570989807,0,1,0,0.5062895558910043,0.5,8,94.86529270177408,59.38671915034113,1,1
1,4,65.02500316635818,2,237,1,16,47.70674352988821,237,1,0,0.3420351773217574,0.7,14,100.0,52.36532975786226,1,0
1,3,53.53958823809472,4,459,2,10,46.397289692193574,459,3,0,0.47517275581065344,0.5,14,100.0,70.85157355236258,1,1
3,2,65.39163076432934,3,282,3,16,76.20654472436888,282,0,0,0.1644187341553009,0.5,14,96.22556369362465,40.38591126938222,1,0
2,0,52.90061260268451,0,16,0,9,73.67261934331339,16,1,0,0.4023575142122538,0.2,6,34.78796259927591,24.996487317058733,0,0
3,0,47.253191001417015,0,2,0,7,51.32918543848139,2,0,0,0.041326766474707156,0.2,23,31.733960117443285,20.882394195667484,0,0
0,2,57.463889643694316,3,100,3,7,71.74835567199753,100,1,0,0.09587891210711735,0.2,15,50.74223383140752,32.468997030865474,0,0
1,1,53.13177725948122,1,448,1,12,49.27553356880183,448,0,0,0.4673223821618853,0.5,13,91.57241269507453,61.89429849644365,1,1
1,5,64.1450574388656,2,144,4,21,44.870316458284876,144,4,0,0.21498567951771028,0.85,9,100.0,49.4532818847318,1,0
1,3,65.96141929209134,6,21,4,25,42.9444484900314,21,1,0,0.38224716912792106,0.7,14,100.0,57.644980673085826,1,1
3,0,59.924237149741415,1,29,0,11,66.63405324706555,29,0,0,0.15279830212690415,0.2,20,47.95618221520196,17.1407548543296,0,0
1,2,57.78776449450848,8,85,2,19,32.36391007086321,0,1,0,0.48478994091238625,0.85,3,97.2121171537782,63.82398667742037,1,1
0,3,56.992131365185074,5,299,0,14,31.583663035285042,0,2,0,0.5292338569504923,1.0,19,100.0,75.38607256103592,1,1
3,0,51.160413866074734,1,380,2,8,91.9112939306257,380,1,0,0.8346920768784395,0.5,15,62.74345739370516,46.14623983701406,1,0
1,2,43.59355406485609,7,42,1,17,59.534065535134154,0,1,0,0.22919300606836832,0.85,14,79.76557811268535,34.38857951084426,1,0
1,5,58.706560582284034,12,31,1,26,36.69919738942458,0,2,0,0.4226154441325781,1.0,18,100.0,74.22824471320116,1,1
1,1,60.07949585567862,1,120,0,14,66.44650036821872,120,1,0,0.19785759661165042,0.5,10,70.5883455986092,32.95112408407317,1,0
2,2,66.46324345854686,2,176,0,14,69.88942154469144,0,3,0,0.06758876408063079,0.5,3,88.24593979817777,34.88652940870339,1,0
0,1,69.88820497871278,3,762,3,24,44.53698744231279,0,2,0,0.8189578480751728,0.85,19,100.0,91.97334725701273,1,1
1,1,54.53852350656738,2,99,1,17,60.20069070663646,99,0,0,0.2426804708192449,0.85,14,56.234039584570894,34.22663568615245,0,0
5,3,45.121998976893806,3,41,1,5,59.848707813003436,41,3,0,0.5122037610172225,0.5,11,61.339309025915206,37.72814406466324,1,0
2,2,57.65877254138462,4,385,0,22,63.64759883594747,385,0,0,0.3910215038489267,0.7,22,100.0,66.96713925039661,1,1
2,0,44.62288626696909,0,32,0,6,78.74575223018427,32,1,0,0.1837421447587965,0.2,9,36.67894198393528,13.881202993751804,0,0
1,1,56.29115574628298,2,466,2,17,52.83613267064339,466,2,0,0.8464388201673548,0.85,16,100.0,72.49406252451212,1,1
1,5,66.57633603143154,3,46,1,17,33.17465741091547,46,1,0,0.633852693032538,1.0,2,100.0,61.49903114555563,1,1
5,0,49.568643908169285,0,37,0,11,79.92724968984598,37,0,0,0.1981097322730296,0.2,22,41.9272800361343,13.807615754962066,0,0
2,1,58.3339264682606,1,13,1,24,34.48201859672369,13,0,0,0.3018252318213003,0.7,18,87.4511614644318,35.83099018600124,1,0
0,0,49.46042175017319,3,99,1,19,82.0229261174828,99,3,0,0.4356563036987984,0.5,4,68.71972565243954,27.094654488748343,1,0
1,2,57.579275858617954,2,424,0,18,61.20679268101426,0,2,0,0.13824463655428254,0.7,24,100.0,46.456058857318915,1,0
1,2,35.99380432969456,0,28,1,10,58.20048703428537,0,0,0,0.6436949281295118,0.2,19,45.31464013314884,33.97761036312269,0,0
3,1,47.95600429557078,1,12,1,9,76.34482888004982,12,0,0,0.276030954566452,0.2,18,42.38788622969694,22.77768264698742,0,0
0,2,42.76302433458307,4,206,2,13,47.75299711417759,206,1,0,0.3858929186576461,0.7,3,86.35966939672079,54.25474290257396,1,0
1,2,53.884914183348,7,428,1,16,33.526895579104576,428,0,0,0.37086490639496056,0.85,2,100.0,79.17733294520143,1,1
1,0,44.13951550007455,5,373,0,17,82.81650150042742,0,1,0,0.11094664603106116,0.5,12,82.67825225761196,48.28373807970426,1,0
1,0,50.15091569347779,0,36,0,17,69.01298414757649,36,1,0,0.3720964696384166,0.2,2,51.27645769511785,25.188528311468293,0,0
3,0,53.87068192071101,0,49,0,18,46.337710395903386,49,0,0,0.23503111169841576,0.2,19,58.75052483025558,23.774521031216878,0,0
2,0,55.40767719024931,1,54,0,14,67.5109898658352,54,0,0,0.15701038711811813,0.2,10,43.615774590982326,21.507084898679686,0,0
3,3,62.445553991065196,3,41,2,20,84.9963374793703,41,1,0,0.10429542777202837,0.5,3,84.94315506518195,27.19892326760018,1,0
2,3,48.94870690596696,3,552,1,19,74.37203333598045,552,4,0,0.820031681105485,0.5,2,100.0,88.89774236438876,1,1
3,1,50.55227340972861,1,70,1,8,70.89991924619584,0,0,0,0.03930272473433549,0.2,1,37.673580241029725,26.04919774451546,0,0
1,0,63.292024387855804,2,135,3,11,52.22684865632102,0,1,0,0.058447659683715375,0.5,20,65.98469529789278,30.020091507420787,1,0
1,1,48.5734233252931,2,23,0,10,73.2378219722513,0,0,0,0.5670878959673593,0.2,24,43.86362218519406,34.424847017667936,0,0
2,2,46.12916890513089,6,290,0,13,36.234482174356486,290,1,0,0.14325011623662992,0.7,16,100.0,57.8365982814784,1,1
4,3,66.26673744360637,2,663,1,14,35.5823316757259,663,1,0,0.1760475832254657,0.7,10,100.0,79.45747149618951,1,1
1,5,56.250993071482014,2,541,0,13,39.24844645799998,0,2,0,0.2701280360729184,0.5,8,100.0,83.04544928540753,1,1
1,3,51.01268608352102,2,217,1,13,34.82695341556368,0,0,0,0.5519121823533006,0.7,5,95.62286166346614,52.848108701069634,1,0
1,1,70.51860707033389,3,1146,0,19,37.13849930117425,0,0,0,0.5504746481230853,0.7,4,100.0,100.0,1,1
1,1,61.59911254599434,4,18,1,17,29.62447266107508,18,0,0,0.18427468050851462,0.5,21,74.49872456489737,33.806937635625154,1,0
3,1,58.76044916184965,0,105,0,10,76.82355883954604,105,1,0,0.40906206931493944,0.2,5,43.325881777691905,28.11786550763297,0,0
2,3,69.33217323611,1,395,0,17,39.110137978342486,0,2,0,0.4212162379361473,0.7,5,100.0,78.92510389667063,1,1
1,1,54.256810126732006,1,125,1,20,38.36832695917753,125,1,0,0.311476746272079,0.7,15,83.92227493247549,44.439463381606956,1,0
2,3,41.156362407687375,2,211,1,12,43.970879209336665,211,1,0,0.45498995629409966,0.5,21,92.85780771463025,61.70261878939033,1,1
1,2,54.01235174729802,1,471,2,17,89.19768224461771,471,1,0,0.39969249129060946,0.5,24,95.64379458212511,52.68022721330536,1,0
2,3,53.33537247228893,4,357,1,20,52.036081469164614,357,1,0,0.19753915168461858,0.5,9,100.0,53.41044974751031,1,0
2,1,44.1534832233367,3,235,1,9,97.17105363895303,235,0,0,0.11547860507154864,0.2,2,44.07275859893598,34.51930556998523,0,0
3,0,43.69126633297926,2,8,1,19,42.89844321996221,8,3,0,0.20846059747764173,0.5,9,72.25165598249663,22.47508593001244,1,0
2,2,60.84714644324171,4,20,2,20,73.15031967168616,0,3,0,0.4337814201894913,0.5,16,74.57493521235463,41.16568057874803,1,0
1,1,78.08816197022138,2,65,0,22,50.65644830876354,0,1,0,0.5373559967135573,0.85,6,99.41677586702521,45.36380251054418,1,0
3,0,48.82728482444535,1,38,0,11,65.35875885222245,38,0,0,0.16260657842606918,0.2,18,31.358420752964612,32.74082610661916,0,0
0,2,61.462413701845925,6,80,1,21,56.81707517515527,80,3,0,0.36169530811792633,1.0,14,100.0,35.73676161599762,1,0
1,2,52.3005288881282,5,59,3,20,44.874547950729465,59,1,0,0.4059074055327922,0.85,5,84.70185837074408,51.21298904389701,1,0
0,0,44.25809585096494,2,363,0,9,52.57532141596354,0,0,0,0.5320908853386505,0.2,1,59.511697372697114,54.87594868353261,0,0
0,3,48.197796554642395,3,56,0,15,33.917980116516375,56,1,0,0.5454625113011664,0.7,19,90.28388831446318,61.48729476092273,1,1
3,3,48.69758588825202,3,155,3,16,58.310676296577675,155,2,0,0.14149263197366851,0.7,14,87.11005364837158,46.756694837408055,1,0
3,5,51.775041085069326,1,68,1,16,53.49740846819865,0,0,0,0.23306466880699606,0.5,12,89.81004165942699,42.52285977504509,1,0
2,1,42.70285176912548,0,476,0,10,55.58423721966598,476,1,0,0.07853597082588822,0.2,24,81.85899017868249,54.00380844817432,1,0
6,0,47.28952171632501,0,52,0,11,73.50470446107082,52,2,0,0.11727566934920958,0.2,5,39.5333447843057,7.70929415953699,0,0
1,1,64.52034563303776,6,49,6,21,29.924242310846097,0,1,0,0.41219128398907673,0.85,16,98.97164532641008,50.08331533267848,1,0
3,4,60.882079959594975,3,813,1,17,21.78378906402819,0,2,0,0.30879300099773505,0.85,12,100.0,90.14892730683523,1,1
5,1,44.52608041846686,1,146,0,9,57.894761622898436,146,0,0,0.04820362272631432,0.2,2,49.48539301051541,29.969279243241946,0,0
4,1,62.49753046101753,3,66,2,7,74.64720002788187,66,1,0,0.11937587565450575,0.5,17,51.555807089638414,32.04207172433334,0,0
1,4,64.24838220784648,7,83,2,14,43.477650543483435,83,4,0,0.6651456861222544,0.85,5,100.0,66.2443019304807,1,1
2,0,63.434105268633836,4,404,0,8,58.10016442808674,0,1,0,0.3015209787231442,0.5,9,79.75533649169965,59.362417999832616,1,1
3,6,47.00865725944026,3,9,1,27,30.490098051152287,0,0,0,0.46614794025512896,1.0,11,100.0,55.150802564092764,1,1
0,0,60.87531403807562,5,249,4,18,59.63077591290761,0,0,0,0.5510923873489018,0.5,1,86.04976678688493,60.26109951884467,1,1
1,3,55.58341255308971,1,68,1,15,26.844525528203935,68,1,0,0.4737197162852237,0.85,24,93.66204970716525,32.39710095164507,1,0
1,3,71.03788009835883,5,515,2,16,68.94382926147902,0,0,0,0.3752722088514594,0.85,24,100.0,80.33180752621375,1,1
2,4,64.16370109525333,3,793,2,18,32.01581305682656,0,1,0,0.06630639277685939,0.7,17,100.0,97.16677778333205,1,1
0,0,59.24874018282699,1,134,0,12,57.95749857287794,134,0,0,0.12835176803859688,0.2,12,67.59577720798437,28.737644660316572,1,0
3,1,61.68922342929077,3,73,0,11,56.65378333607528,0,1,0,0.5677789340309944,0.7,19,67.5097166962492,45.69460467166589,1,0
2,1,41.097189173217366,5,17,2,10,75.6594215204568,17,2,0,0.36455518141479215,0.7,16,59.2218223370229,32.51058580854786,0,0
0,1,57.71849242605072,2,6,1,21,54.36276666464989,6,2,0,0.5928666518730158,1.0,23,86.92268155346409,27.514633207825725,1,0
1,2,60.778380271404366,2,206,1,5,62.809357899695314,206,0,0,0.38647220494169654,0.2,5,51.28893883420118,40.5342108571128,0,0
6,0,46.20513949927382,1,26,1,7,74.68502900220051,0,0,0,0.23008606463616837,0.2,3,28.724832486619256,12.925163954526198,0,0
1,1,69.54133214285078,4,34,1,12,32.20091294493075,34,3,0,0.202299094604237,0.7,4,83.40206578296512,34.71117413537724,1,0
2,2,52.02336450553825,1,586,0,14,38.054988110341945,586,0,0,0.3698511498593153,0.5,21,100.0,76.80151875924886,1,1
7,4,37.04567576044425,0,78,2,11,74.68279986440555,78,0,0,0.38008814753177295,0.2,23,71.07978046749253,33.457913038874786,1,0
0,0,57.31328370245817,6,183,3,33,45.30076408718533,183,0,0,0.41089060000513633,0.85,14,100.0,57.39664174909406,1,1
1,1,46.90067665842534,4,191,3,13,51.95247206522982,191,3,0,0.2093853835130532,0.5,6,77.21147495203144,46.55217852191312,1,0
1,2,40.89174830017851,3,979,2,28,28.44073074811992,979,2,0,0.733727849536702,1.0,22,100.0,100.0,1,1
1,1,54.88587015250553,4,587,3,17,23.80745810629895,587,1,0,0.15646483448808718,0.7,4,100.0,68.42880610077472,1,1
1,2,62.94443240226417,5,96,0,16,93.81641781083108,96,0,0,0.3941773230731883,0.85,11,69.62558561836265,39.97458415314792,1,0
3,3,57.00299699558404,2,36,1,18,42.79279537106606,36,3,0,0.41149373397752564,0.5,7,87.30339848193279,44.96267474667362,1,0
2,5,61.56247853988164,7,242,1,17,34.99050061554996,242,1,0,0.3022500727326794,0.85,13,100.0,74.89703762899134,1,1
1,4,62.66616173549384,6,334,3,18,31.63176352125117,334,2,0,0.36723948291855935,0.7,1,100.0,77.5807285773785,1,1
1,1,48.59156506760956,2,370,2,19,63.3309829097761,0,0,0,0.7152877873421254,0.5,24,87.74183030708421,62.67899969646206,1,1
0,3,54.10007215900376,1,530,1,18,40.83588350613193,530,0,0,0.150781059520959,0.7,14,100.0,71.74679683814608,1,1
1,1,60.290458733932475,1,940,5,21,17.91613954775541,940,0,0,0.41435627981937095,1.0,11,100.0,100.0,1,1
2,0,62.1487721860003,4,277,3,22,46.602132012463926,0,0,0,0.5763371171670088,0.7,22,90.58129517960319,67.57941165113743,1,1
2,1,69.9266878288237,3,327,5,12,60.88806750412455,0,3,0,0.7882372866444699,0.85,1,93.63286289733414,53.52463907605008,1,0
1,0,52.63182481532519,1,46,0,13,84.6338614097861,46,1,0,0.13937928138593558,0.2,9,39.058604743215994,10.54544936335344,0,0
6,2,59.41114759777652,1,109,0,14,62.52087401492984,109,0,0,0.2731488061340134,0.2,3,64.56795489119189,28.23927956732825,1,0
2,3,51.25444761388463,3,87,2,21,41.546775678484416,87,0,0,0.49270180853521406,0.5,11,88.48788315135485,49.4240109125808,1,0
1,2,49.47143351903613,0,28,0,10,40.44726850393964,0,1,0,0.16949717671407363,0.2,22,58.24393998436405,33.15574443252868,0,0
1,2,77.15747304378667,1,55,3,18,56.793969318622885,0,0,0,0.526424472864488,0.5,14,73.41204275221261,40.598768741473954,1,0
3,4,49.996025201241714,3,161,1,11,56.08373701354304,161,0,0,0.30832483169421554,0.5,24,83.28495485271522,57.17694779975995,1,1
3,5,48.864024044373316,0,283,1,14,42.729967228873804,0,0,0,0.3060295556763284,0.5,2,100.0,63.987723457736415,1,1
1,3,57.44660172216561,4,174,1,21,36.0422750221021,174,2,0,0.02649545348165002,0.85,4,100.0,37.24032199496271,1,0
3,1,47.89261093715016,2,367,0,10,49.56743591712321,367,0,0,0.3009042600859816,0.5,13,80.69596441632203,54.14289044944558,1,0
1,1,47.600917207015975,0,62,0,13,38.347373479123085,0,0,0,0.0987119932958823,0.2,12,59.80796319209334,18.006952233130903,0,0
0,1,65.01729981152644,2,5,1,21,51.66984069404956,5,0,0,0.5538660254638368,0.7,2,85.86761950046709,45.613764103228746,1,0
3,1,40.35346572606139,2,90,1,8,51.27569208258028,90,2,0,0.1916934619150478,0.2,3,57.967914242652164,36.63796315861855,0,0
0,4,63.67660390648852,5,63,0,17,31.69711947469667,0,4,0,0.6580220340505335,1.0,5,100.0,61.81562408437806,1,1
2,0,62.752741308192356,1,141,0,7,81.37815176901671,141,0,0,0.2538609157943163,0.2,11,43.786167190668664,19.778668050710788,0,0
0,1,54.61890984227277,1,285,1,19,68.33895137138464,0,1,0,0.5755610169921209,0.5,15,87.36831488101585,54.43185336841313,1,0
2,0,50.52726926719705,2,77,0,13,66.70744084117122,77,0,0,0.0059320418180853355,0.2,23,42.44289988091923,18.09916203449801,0,0
0,5,62.42907852267648,2,249,0,21,34.41727545739768,249,2,0,0.6371103534989903,0.85,18,100.0,73.3744883546958,1,1
2,4,59.03113229381633,4,1330,2,23,54.20086024362926,0,0,0,0.17335923712508058,0.7,2,100.0,100.0,1,1
0,2,59.18014428724215,5,223,1,10,26.43953514776733,0,2,0,0.18326272428551857,0.7,12,89.43374980105669,58.87631674080896,1,1
2,2,55.825498311687646,1,260,1,19,61.955845863356714,260,1,0,0.07915415071491631,0.5,5,97.0128238084453,38.751456289929706,1,0
3,2,56.15462081463551,1,233,2,9,93.39525972933825,233,0,0,0.3568408666116525,0.2,7,53.151450537092394,44.151179982594506,0,0
2,3,50.55232074639877,2,66,0,15,17.59974927275973,0,1,0,0.3428159878484629,0.5,11,87.17691267848787,41.42925396067559,1,0
1,2,44.23422776292704,5,132,2,22,54.76240266951216,0,4,0,0.30080229594947033,0.7,2,100.0,55.00259179217956,1,1
2,4,70.38667591820334,6,54,0,20,23.68782747831448,54,3,0,0.4908202314183468,1.0,18,100.0,59.8691818288119,1,1
1,0,51.35565338724629,0,59,1,10,81.83792458140921,0,0,0,0.4066855823744288,0.2,16,34.64469963566108,34.68232324549202,0,0
4,0,60.848384758204105,0,64,2,9,71.68070263154809,64,4,0,0.2835260485168615,0.5,13,56.40352058354404,17.68257033618686,0,0
1,2,50.329431418599164,5,372,0,15,41.090391191040396,372,0,0,0.10500519601924552,0.5,16,100.0,59.1633295320268,1,1
4,1,45.30994532011171,0,233,1,12,88.52510748597129,0,0,0,0.36488416979507443,0.2,17,60.43676665687165,34.14944942633263,1,0
0,4,48.62787961479254,3,319,1,19,10.0,319,1,0,0.26354245214842953,0.85,6,100.0,73.27884701273314,1,1
1,2,56.19414595288518,4,62,1,19,34.09027929083815,0,3,0,0.4862319301236994,0.7,1,99.1679856703888,51.93374018846931,1,0
1,2,58.142116309411975,6,33,1,18,33.238414400599396,33,0,0,0.45154420349701746,1.0,2,85.93496745328642,58.823990624176226,1,1
2,3,52.676607582544854,3,44,3,18,54.23799822350328,44,0,0,0.3734781264233505,0.5,1,81.00530016741915,39.89992976448603,1,0
3,1,51.539832720634315,2,14,5,20,73.26941714432331,14,1,0,0.33787673789877837,0.7,4,66.97176416849001,23.9368681536305,1,0
1,1,48.46685523567461,3,34,2,13,67.39323938194418,34,3,0,0.48765449483867757,0.85,7,75.19113620437712,37.71138560495909,1,0
1,1,36.17437817947322,3,9,2,16,57.347133777993996,9,1,0,0.04750936248458409,0.2,16,50.74326627934474,19.43766697160441,0,0
1,0,58.532502341068444,2,149,4,20,47.93410322746821,149,0,0,0.08568316164349325,0.85,5,79.77662125541458,38.426790654548704,1,0
3,0,67.05721795076235,1,488,0,12,41.103843031092715,0,0,0,0.27397231832739594,0.5,5,100.0,62.412578468675925,1,1
6,0,48.30671131166034,1,228,1,9,63.3842831404035,228,1,0,0.26034577942555254,0.2,22,53.203693676775806,28.088363854759734,0,0
4,2,52.618461778211426,2,33,3,9,54.25749657687097,0,1,0,0.9171594330939917,0.7,22,62.99905787716928,58.86670165639168,1,1
4,2,59.0746158636996,6,152,3,21,50.50552434193841,0,0,0,0.4771482256303699,0.85,13,88.78387839642271,52.87066307739113,1,0
7,1,53.00118065258665,5,89,2,19,59.640856636897304,89,2,0,0.6488196396852968,0.5,23,81.09221220462442,49.49443359565571,1,0
2,5,48.9922307026101,2,344,1,22,43.050872727146924,344,3,0,0.3653142462056568,0.85,6,100.0,69.35924910771715,1,1
3,4,67.7483397680395,3,251,1,24,65.84897381598492,0,0,0,0.5015923718282664,0.85,20,100.0,53.15690818223485,1,0
4,1,42.36710060193242,2,223,2,7,93.0714234908971,223,0,0,0.26651862572515966,0.2,24,40.09998100846601,35.064089594887946,0,0
1,5,54.96387932286644,4,290,1,25,41.72687234208113,290,2,0,0.5057756234032965,0.85,7,100.0,83.12022109057128,1,1
0,3,47.227158429235814,4,37,4,9,65.8323827562266,37,2,0,0.7234699169234322,0.7,3,52.87657890182688,49.018775985505826,0,0
5,0,49.066618519374174,3,186,1,12,55.34714518848915,186,0,0,0.20958652951106072,0.5,15,57.40349426397192,34.741760897923065,0,0
0,2,46.317175582863086,1,104,0,8,28.673469530932575,104,1,0,0.2520093066621921,0.5,23,78.73126105385552,44.56174051071343,1,0
1,4,57.67329052782846,4,86,3,11,38.49786375593446,86,0,0,0.1657075043413445,0.5,16,90.9270434263202,41.48160782572913,1,0
1,2,68.49360967185197,1,74,0,11,37.09146339700675,74,1,0,0.4500962703968541,0.5,19,78.74893164954568,43.359479512397854,1,0
6,2,35.0,0,0,1,12,76.26301764767946,0,0,0,0.00374056702602194,0.2,2,47.03474749733398,6.813069376188642,0,0
1,3,66.20771672231186,2,108,3,12,43.53534324821131,108,1,0,0.08935736761911797,0.85,5,100.0,39.41121253012985,1,0
1,1,51.922505092471454,4,3,3,14,51.21095968568261,0,2,0,0.26283542894625894,0.5,10,67.4494857501513,33.001465697406516,1,0
3,2,59.53635603094804,5,91,1,20,64.52141210657037,91,1,0,0.6582728526823098,0.7,20,87.27869630046676,56.361668074481344,1,1
5,1,48.04803833117145,1,2,1,4,71.96399479524065,0,0,0,0.314950934099116,0.2,20,24.606841732719403,14.556486798557344,0,0
2,1,54.093890957775486,2,83,0,13,62.91157977789995,0,1,0,0.32342948534867233,0.5,18,57.23577805136968,42.82007971359181,0,0
1,1,49.12638630730688,1,58,1,12,79.19414327004672,0,1,0,0.3269621114657777,0.2,3,56.665698025171835,19.050236280219263,0,0
3,1,58.69285131091961,1,66,0,11,50.53087021539655,0,0,0,0.04636798394379318,0.2,9,58.73297302484757,36.42583439544378,0,0
3,0,58.618744997211934,4,239,2,25,57.9114501393056,239,4,0,0.3340473552410036,0.85,9,100.0,43.76213977845166,1,0
0,1,68.10995299992676,6,123,2,18,68.71670349965495,123,0,0,0.4806589438909804,0.7,8,86.90378259654052,48.335921518232176,1,0
2,2,56.518100491641306,1,420,1,19,39.23017278641156,420,2,0,0.1803690015653212,0.5,23,100.0,56.56964106281521,1,1
4,0,44.098858190975776,3,5,0,15,64.83351097632755,5,2,0,0.03220079138480321,0.5,23,50.88393775501546,20.266665205703685,0,0
2,1,50.45589628328575,7,76,1,14,61.717041876396294,76,0,0,0.12967936610767158,0.85,12,66.22417059769951,39.42586486925824,1,0
2,0,56.712138014497306,1,44,0,13,77.1901982054064,44,0,0,0.0793598251021973,0.2,13,43.66974242589269,17.054662754557242,0,0
1,2,63.55114271234309,7,66,0,30,58.31748625006131,66,2,0,0.6918850933533779,1.0,22,100.0,59.47710198778652,1,1
2,3,35.0,5,87,0,12,38.29165520553178,0,0,0,0.5764497262437803,0.5,22,73.34830377077486,59.12659989349759,1,1
2,1,58.44332269568266,4,346,1,15,40.508058241528666,0,1,0,0.6282868491160782,1.0,14,100.0,71.14156930565345,1,1
8,1,56.95045081685581,0,113,1,12,60.16313082303985,113,0,0,0.2043437151850339,0.2,16,49.53244846889537,25.87399245587671,0,0
3,2,57.66383806244107,1,138,0,10,72.47870685962096,138,0,0,0.3821364149724861,0.2,6,60.87500217582385,49.43271279856586,1,0
0,1,54.989883857838926,1,223,0,9,61.27331150829839,223,1,0,0.012958577034509512,0.2,1,64.78979963330582,18.6326456735397,1,0
4,2,48.3798904814133,1,569,2,10,52.37933443105038,0,0,0,0.03901540073030376,0.5,9,100.0,55.672840749414036,1,1
2,1,49.67734155591873,3,257,0,15,75.59251073899603,257,1,0,0.13318268996427127,0.2,12,73.42243288650992,36.66157887336907,1,0
2,1,65.47748815942049,4,598,1,10,58.131053441378086,598,0,0,0.2014310834102252,0.7,17,100.0,68.81685092754206,1,1
5,4,51.409278010501914,4,474,0,21,44.84561358659251,474,2,0,0.005624547889859857,0.7,12,100.0,81.7236110994453,1,1
4,1,47.204660242269554,1,43,1,14,57.268243320063206,43,0,0,0.6286659866613082,0.5,20,65.52681782346983,48.169218682393804,1,0
1,4,57.18360275174167,8,371,2,14,25.057161316060046,371,4,0,0.4220597578551342,1.0,16,100.0,82.86218296455613,1,1
1,7,61.21586960741277,3,315,3,17,17.43388416254386,315,1,0,0.29707023089784057,0.85,18,100.0,86.06386154906825,1,1
0,2,67.87915168015283,8,269,1,21,44.66929334740478,269,2,0,0.7334986918753251,0.85,20,100.0,75.08283463932612,1,1
1,0,55.36320795249608,1,65,0,10,45.929787248088836,0,1,0,0.018177933555748947,0.5,18,57.521704751534344,13.52235632098499,0,0
4,0,40.28088924717833,1,93,1,6,40.44645018877233,0,0,0,0.3271521596923962,0.2,4,50.343634243278636,35.02509208392173,0,0
2,3,65.07704366541235,1,17,1,11,47.79697411982444,17,0,0,0.34951523644679366,0.5,15,62.87792507676829,32.24760643325476,1,0
4,0,51.337539206222544,3,329,1,17,70.09348538893829,329,1,0,0.8826420495303533,0.7,6,77.61542253105189,55.05885623789309,1,1
2,1,37.266784773085,4,283,3,14,82.77413615559175,0,0,0,0.47653241080473785,0.5,15,76.33727330489063,53.12154885546062,1,0
3,2,51.16967415086149,3,128,1,17,56.28009663692341,0,1,0,0.21859359556857705,0.5,17,75.37587222887063,43.99587632895349,1,0
0,2,59.72728332903048,2,193,1,11,68.67625185958397,193,1,0,0.07291754740935898,0.5,1,69.89589212809642,40.80580064932405,1,0
0,4,40.63462046939403,9,108,3,23,44.71916770450574,108,2,0,0.23547324841581216,0.85,9,100.0,56.35713947354952,1,1
4,0,48.776608347726174,0,318,0,11,63.17880406485677,0,0,0,0.09794413256776341,0.2,17,62.565661119188256,34.79413673311471,1,0
2,0,48.41834241252402,1,90,0,9,48.407129864185364,0,0,0,0.022550003661890566,0.2,11,51.85316261096948,21.056391062109885,0,0
0,1,60.5465098905597,2,115,2,19,50.58858537417049,115,4,0,0.6426103549532166,0.5,12,92.93555595822549,44.81085575240757,1,0
3,1,44.64192924218492,1,118,2,16,61.47878523392776,118,0,0,0.12633625096958598,0.2,22,52.66361310665826,29.061766634056916,0,0
3,4,64.61755830594288,8,108,1,16,46.730514403454386,108,0,0,0.40065190788000926,0.7,14,98.03356393792446,62.25350109666025,1,1
2,6,52.9971082378758,1,233,2,11,31.68044576672908,233,1,0,0.13991217393629432,0.7,4,100.0,61.650954053927734,1,1
2,2,58.07402701159231,0,15,0,4,41.69065310188857,0,0,0,0.7238757897800616,0.2,9,56.88191300890463,32.0316590504509,0,0
3,0,77.21988906237854,9,31,1,27,32.89092705965232,31,1,0,0.5461004872115652,1.0,8,100.0,44.59877502554134,1,0
1,1,58.04610591148753,6,51,2,23,57.50231628874986,0,3,0,0.10814862859241689,0.85,17,93.61293385075038,29.89513851989715,1,0
1,4,61.18445931112652,5,46,2,15,30.35274384816017,46,2,0,0.40328039663502485,1.0,15,100.0,57.253592594303974,1,1
2,2,70.24520734009714,0,229,0,11,56.54555300619248,229,0,0,0.13381990908039137,0.2,21,78.16210596801412,36.63974234590047,1,0
1,1,58.93347354785515,4,82,1,17,32.17156393587639,82,1,0,0.6872541666034067,1.0,18,98.06790070577726,49.67555945813447,1,0
2,2,56.99612124814877,1,450,0,7,68.29410005166163,0,0,0,0.5965066962887355,0.2,18,91.24768594509497,60.05224090157126,1,1
2,3,45.72087185048706,2,266,0,12,69.90534514450957,0,1,0,0.17050356192875882,0.5,17,77.02378111204,45.624915829711036,1,0
1,1,36.047395850127515,1,53,2,23,33.834417058987,53,2,0,0.05557308209354303,0.7,18,84.31176637067495,27.85872147975805,1,0
0,4,63.18316074772759,1,216,2,33,32.8934192834614,216,2,0,0.056077674146705496,1.0,12,100.0,51.31166417951531,1,0
3,3,48.52227076521546,3,68,1,22,59.671631269435004,68,1,0,0.4167913681440524,0.5,9,80.89486256200618,47.2291752912791,1,0
0,5,66.66508890053937,6,13,4,21,39.81133861907964,13,1,0,0.048837982297399274,0.85,13,100.0,43.107897052200464,1,0
1,2,57.99329484227094,6,342,0,22,41.62561126513873,342,1,0,0.16362788126198696,0.85,12,100.0,58.586308328718566,1,1
3,0,56.124872543784726,0,169,0,12,58.10145386255732,169,1,0,0.4930249005159898,0.2,22,48.38932127087329,32.904313713266696,0,0
3,5,49.90038078668271,3,233,6,22,24.33719231703965,233,5,0,0.6858459842859568,1.0,17,100.0,75.90734049332524,1,1
1,2,55.16073626767539,6,299,1,21,46.88024985428093,299,4,0,0.4416684418565644,0.85,24,100.0,59.99357487748571,1,1
2,1,55.63694580472369,0,142,1,16,43.547685629295614,0,1,0,0.1307752850590615,0.5,11,80.07301048163492,33.43057361735907,1,0
3,4,61.59145849290839,5,499,2,26,61.10941386078416,499,0,0,0.378766164012759,0.85,16,100.0,80.88754021571381,1,1
1,1,56.31864033496569,5,32,1,11,62.15944013214135,0,0,0,0.380337037285693,0.5,16,56.76849064813675,41.235581171804036,0,0
1,0,47.5377047321535,0,4,1,15,47.17226733477794,0,0,0,0.15362950250425117,0.2,17,52.51896275462169,19.04974461559963,0,0
1,1,59.55012993843233,3,999,2,19,74.98727511543439,0,2,0,0.38299160533177723,0.7,18,100.0,100.0,1,1
1,1,42.51529743462755,0,26,0,8,79.99752488771563,26,0,0,0.04292618753771651,0.2,3,35.54998128138136,12.089946936854009,0,0
2,0,46.50875584139669,0,140,1,9,85.70234260167301,140,0,0,0.021750828564918508,0.2,10,44.57583173464507,20.865151877362347,0,0
0,1,53.25558483297002,3,240,2,25,45.626869330711514,240,3,0,0.3286154696241126,0.7,21,100.0,44.79436856793742,1,0
3,1,47.14262100886636,3,233,0,12,62.37721601631944,0,0,0,0.410877306998429,0.5,11,70.71289800521288,47.20338776177794,1,0
3,3,64.57347328073297,6,56,1,20,55.27093065755804,0,0,0,0.0853410375997409,0.85,5,92.48856728534889,42.92626797015997,1,0
5,4,35.944276924186426,2,329,2,24,64.56370206672717,329,0,0,0.024910253394331505,0.5,1,100.0,58.04944930151935,1,1
2,1,58.31353340395031,10,240,2,20,75.85803215718788,240,1,0,0.8552648444667812,1.0,11,99.16808824369004,65.85786677630455,1,1
2,0,65.86365352602128,0,50,1,7,74.45032236930837,50,0,0,0.06994712621744369,0.2,20,41.784916204796644,10.559198764612391,0,0
3,2,55.32020209950969,3,50,3,14,70.4378588530537,50,1,0,0.14901862417345496,0.5,24,76.60228084625649,32.00266039446536,1,0
2,2,47.666205808887234,5,237,1,13,46.54125295578684,237,2,0,0.35744284199549,0.5,17,83.0992734285781,46.941886123793424,1,0
4,2,52.23832789236735,5,154,3,11,55.78936044970182,154,1,0,0.29887314121072084,0.7,13,80.55155394727079,45.672791031498846,1,0
3,0,43.20113622691785,0,162,0,12,71.78372564268469,0,1,0,0.2474217485595891,0.2,6,57.796014711806706,25.176917017113762,0,0
0,0,47.83396498929198,2,560,1,19,63.49139283034481,0,3,0,0.049358436752189525,0.7,12,100.0,59.58885581141344,1,1
3,1,53.72118186343869,0,118,1,8,67.39782310362503,118,0,0,0.33594454990491135,0.2,10,50.416772250148085,30.811776748746244,0,0
2,0,60.651963194027296,3,89,1,9,65.6663252695725,89,3,0,0.7944927216885976,0.2,6,58.09270219053238,43.858133451164875,0,0
0,4,62.546979600469044,5,310,2,28,31.66546167735976,0,3,0,0.41905176331730765,1.0,20,100.0,74.91013544810475,1,1
2,2,60.19673980859507,4,292,1,13,42.292425282273456,292,6,0,0.5195329276768784,0.85,8,100.0,60.222398709059675,1,1
2,0,44.52038498531698,2,101,0,9,50.45634989428109,101,1,0,0.09534593352977065,0.2,18,54.271434994580886,19.29356915262325,0,0
0,4,61.849175716523945,6,50,4,18,49.160182948525176,50,1,0,0.3838108001247211,0.7,7,100.0,52.118973887725915,1,0
1,0,44.14130023146864,1,38,0,11,76.14040108015752,38,0,0,0.39281083285200286,0.2,1,38.618560517872,23.545567115709016,0,0
7,2,49.20026967063311,1,357,0,9,47.26869994704691,357,0,0,0.06257332017644152,0.2,3,74.86051142933067,47.61200685465496,1,0
2,0,53.59083494542693,2,216,0,13,69.3196318315962,216,0,0,0.25442148075270365,0.5,14,54.77878074285779,41.48477070001812,0,0
1,0,46.49471084531633,3,186,3,14,69.52612027838012,186,2,0,0.6644902799396037,0.7,2,70.05857461189726,42.70484306675617,1,0
3,0,46.18705439804271,5,147,2,16,53.30901893681189,0,2,0,0.5483610022793621,0.7,11,79.42108792389718,45.99185624972247,1,0
1,2,67.8056620094695,1,245,2,16,30.191257870061186,245,2,0,0.5943993431306395,0.85,9,100.0,64.78830879945555,1,1
1,1,68.69766394881226,4,36,1,24,46.17148499086468,36,2,0,0.2777149125702193,0.85,2,100.0,31.224752675622334,1,0
2,1,48.71609575570373,1,285,0,16,60.78246149763671,285,0,0,0.2336802034013404,0.2,1,68.56774226195796,49.31703163124563,1,0
1,0,37.29363268638086,0,89,0,16,39.2512691195837,89,1,0,0.019191934162272085,0.2,11,63.510320309446314,18.926183430017492,1,0
4,0,48.60064368355719,0,74,1,13,51.893299876568875,74,1,0,0.008022564395319821,0.2,6,44.34364203329183,22.506492341138838,0,0
2,0,42.82323085368436,3,202,3,18,64.62500099625026,202,1,0,0.6375661706264361,0.7,1,77.9374641489052,53.755878675870015,1,0
1,3,67.33893319582279,6,159,1,17,17.24390444641551,159,2,0,0.30216108116294943,1.0,7,100.0,57.856882164907304,1,1
1,1,55.14016807808697,0,33,0,7,73.45161993375599,0,0,0,0.16275460653498225,0.2,7,47.649190582502,21.16861527141528,0,0
3,2,60.76798136511832,0,142,0,6,76.93534246705023,0,0,0,0.39037096068041083,0.2,11,56.74619066308921,41.595736755893434,0,0
3,0,43.681620741210395,1,89,0,12,56.33342181506822,0,0,0,0.06774886056586801,0.2,22,37.803471011266055,24.561756957051475,0,0
0,3,54.28490064119616,3,97,0,10,78.23297868170262,0,0,0,0.045416514689398314,0.2,5,60.451871239780886,38.295890269242,1,0
0,1,49.72913592913605,3,165,3,23,11.782371435014838,165,2,0,0.430115331457076,0.85,12,99.46615307394768,57.90976736797489,1,1
1,4,59.89904068818792,4,349,1,32,57.71210280226333,0,2,0,0.25892508926784746,0.85,21,100.0,64.80492128281361,1,1
4,3,47.37042933114499,3,764,0,10,57.464520267128606,764,3,0,0.35735317110673553,0.7,10,100.0,94.99573025769159,1,1
5,0,55.13299778627727,0,170,1,9,87.30749713443518,170,0,0,0.4109400898659479,0.2,15,39.05221115396103,32.82655846179996,0,0
3,2,59.73009997174823,2,83,1,15,18.533182540425578,0,1,0,0.4994484712122244,0.5,3,91.6008832242673,33.99306053361286,1,0
2,0,46.82220512257981,0,73,0,9,57.4238666794494,73,1,0,0.22920286732761724,0.2,6,47.995788011701016,23.643063370494723,0,0
2,1,41.676538263005625,0,38,0,11,60.793390961568726,38,2,0,0.154235950877023,0.5,10,53.12680626065601,21.297096141180567,0,0
0,2,56.972858458449586,4,40,2,19,52.961715880749594,0,4,0,0.8288095997423249,1.0,1,98.24078316106235,52.53601703599358,1,0
1,5,65.34666583684928,9,342,2,28,23.05771633606894,342,2,0,0.26710155464481894,1.0,5,100.0,92.7289531478655,1,1
3,1,54.72921981317943,3,341,0,15,47.434607924684734,341,2,0,0.11846613291590681,0.85,11,99.38991543418275,53.76347190961237,1,0
3,1,58.162586333527344,6,16,0,15,43.193736332875915,16,2,0,0.48601697900512586,0.7,15,80.1131878969445,44.38442950417966,1,0
2,3,55.07536821945924,3,40,3,18,29.733237065760694,0,1,0,0.4266927543933121,0.7,17,96.77901222740677,48.954468598618654,1,0
3,0,59.88972587521947,2,44,0,20,88.94165933769204,44,0,0,0.02572586891973984,0.2,17,56.89285225224221,23.29786424669969,0,0
0,1,55.95475915525706,1,70,0,10,42.58502484298604,70,0,0,0.018394007686466454,0.2,5,53.36016818767623,33.52915160366268,0,0
4,1,58.90748577493967,1,115,0,8,61.99486128017782,115,0,0,0.0060243348854852,0.2,5,43.52022244592327,27.18354377170908,0,0
0,1,53.85074564977899,3,103,1,17,86.50593416433506,103,1,0,0.5794303217391847,0.5,16,66.80818480596943,38.77738291227531,1,0
3,3,55.13126555544577,3,145,4,22,10.0,145,0,0,0.23978173858159865,1.0,2,100.0,55.14904066210112,1,1
0,0,57.30731257249288,2,90,0,14,100.0,0,1,0,0.005433868663991259,0.2,5,46.85190724188513,6.201537078682742,0,0
3,3,44.56354382653287,4,268,2,10,67.77797388582654,268,0,0,0.5188807648666525,0.5,2,69.67242301104515,56.85398549961552,1,1
1,0,58.293529759956,1,95,2,9,77.6912466987077,95,0,0,0.43315912728323436,0.2,5,32.40571751478713,27.023324500648734,0,0
4,3,46.3286872799521,2,11,1,9,66.75597095129316,11,0,0,0.24666738057469106,0.5,21,50.90180499327051,32.36735478769307,0,0
1,0,62.27439272734654,0,155,0,8,87.8682293632344,0,0,0,0.4574519023444324,0.2,23,49.05451263733406,25.357977845291046,0,0
3,1,51.655189929588104,2,168,0,8,51.26078557134863,168,0,0,0.0942961763505824,0.2,24,63.98371070089575,37.77732850258306,1,0
2,1,56.505905992005694,1,125,0,16,69.84398994385705,125,3,0,0.21087207125916294,0.5,12,72.27371623997394,27.65726860175955,1,0
3,2,61.14677810086517,3,406,0,14,42.942952298543716,406,1,0,0.5836512147802065,0.5,1,100.0,68.78951786681823,1,1
1,3,47.4660965450808,3,413,0,9,59.99425300735184,413,0,0,0.4164402761641846,0.5,2,91.67130416063212,69.91043255489389,1,1
2,0,50.32278591333298,2,73,2,14,52.83676378489548,73,4,0,0.6654898760935919,0.7,11,82.37214528374531,39.54227000873025,1,0
2,1,46.818405192998554,4,346,1,10,77.18023719757537,346,2,0,0.18412672039294947,0.7,5,72.88883856462334,43.316553260945426,1,0
3,6,48.36969747629091,2,30,4,13,46.30410452821296,30,1,0,0.360231672046195,0.7,7,89.3816312111841,51.45205936575542,1,0
3,0,49.01861618146498,4,293,0,11,43.29935262775072,293,1,0,0.14543019779996472,0.5,19,76.8148010465736,41.14242833651357,1,0
0,3,47.54177783991703,1,296,0,20,40.47925306675456,296,3,0,0.2651295369187651,0.5,1,100.0,55.469783508023326,1,1
2,3,51.9963850184863,2,236,1,21,30.110566721799426,0,0,0,0.31245634068995004,0.7,19,100.0,63.14473261593962,1,1
0,5,57.55410454695389,7,74,0,28,24.31818238180134,74,3,0,0.20299753380910612,1.0,21,100.0,64.99952287149799,1,1
5,1,50.65752622732593,1,104,0,16,24.955773792022107,104,4,0,0.14580025705108585,0.5,6,86.13554062413975,37.06087564430325,1,0
6,2,56.34506612339868,0,31,1,14,56.739705652055825,31,0,0,0.16582073891007948,0.2,6,65.97967329376884,26.630255226716177,1,0
0,2,59.627948181689376,2,52,1,20,69.91615421826445,0,0,0,0.2413063328361784,0.5,16,70.75200606534304,36.88945894157351,1,0
3,1,52.57733749651648,5,104,1,16,43.08634234712873,104,3,0,0.3943480744900202,0.85,19,88.01085999372081,50.06511289258407,1,0
3,0,67.09300492273151,1,59,1,8,85.75863551228989,59,0,0,0.0471667095974668,0.2,9,40.367617995037,10.094506059840722,0,0
3,2,52.67121789586319,4,328,2,16,50.158831709149865,328,2,0,0.2883222560005313,0.5,2,100.0,54.48358203624101,1,0
0,3,38.81133749735018,3,228,1,13,56.853191797629606,228,4,0,0.8120922806092499,0.85,13,100.0,62.852041416519924,1,1
3,0,43.223237596146575,1,490,0,13,44.965104113386396,490,1,0,0.3507345088524847,0.2,8,94.32664131440424,56.46685748243824,1,1
3,2,58.77670003285298,3,63,2,22,39.51140307497547,0,1,0,0.3821888632481806,0.85,22,96.69562523720498,45.49683124994088,1,0
5,0,37.23248881785151,1,185,0,9,63.6144665123622,0,0,0,0.006076241075598333,0.2,1,49.51233821787142,34.10413198210811,0,0
1,4,61.84774719904472,4,8,0,24,71.34686049756066,8,1,0,0.4471071270125478,0.85,19,97.84705117648242,42.303358619224554,1,0
1,1,72.88996374768462,5,375,3,13,56.98946701565595,375,3,0,0.33510663692973036,0.7,9,100.0,65.25129516634486,1,1
2,0,56.41207519342572,6,109,6,12,48.027861196583046,109,0,0,0.47941638526206815,0.7,5,65.00663109342815,51.46608052172377,1,0
0,2,68.42158293075357,2,101,2,17,38.69432401067037,101,1,0,0.3890870021917275,0.7,10,89.35303052710815,41.19452304341286,1,0
4,2,35.0,3,57,3,12,58.18365231919219,57,1,0,0.35377549928529634,0.5,11,67.81367716471352,33.48781985430772,1,0
1,4,56.699322485707704,2,25,0,27,10.48622323099363,25,1,0,0.19760161317459343,0.7,15,100.0,40.76287754401536,1,0
2,2,49.399534430501035,5,114,1,13,40.92730223168137,0,0,0,0.19065431928515983,0.5,22,70.33619092954928,49.4111715684928,1,0
1,1,59.0737216331309,2,87,1,16,77.40642696081746,87,1,0,0.04058461483924979,0.2,22,58.83612957039769,34.3664226237227,0,0
1,1,56.47436817817112,4,145,3,32,73.76371256910741,145,5,0,0.21292553977914594,0.85,15,100.0,39.647579321261155,1,0
0,1,56.45030120517117,3,45,1,24,19.48091101849562,0,3,0,0.2340420730889279,0.5,1,99.5251798693959,38.046936909552485,1,0
4,1,52.07832903197984,4,505,0,18,68.96517782303657,0,2,0,0.5628010776214316,0.5,19,100.0,80.48099974596134,1,1
5,2,51.5739797776418,0,155,0,15,68.94938181760652,155,0,0,0.006738121987662757,0.2,18,74.42845546956423,22.973313730836697,1,0
4,2,47.12883060008404,0,129,0,13,71.32020229564014,129,1,0,0.10946711993537167,0.2,23,64.69409961299618,28.378147095710847,1,0
4,2,47.55894409291264,2,226,2,8,51.102751991606446,226,1,0,0.11053078327280233,0.5,11,80.5737426631894,41.10584779661435,1,0
1,0,44.42266725847816,1,280,0,12,80.09484554267429,280,0,0,0.22276666868398115,0.5,6,63.66087563270302,37.55128881886965,1,0
2,1,54.29754622896535,2,159,4,18,34.19956338598657,159,1,0,0.05779223825916309,0.5,14,88.7163528446469,37.80089075167396,1,0
1,2,68.22341388927629,4,404,1,10,76.23516182620475,0,0,0,0.2550190861536801,0.7,19,96.81334376575722,56.71571750687374,1,1
1,4,60.989910544730655,0,13,1,14,54.031331820208685,13,0,0,0.8476726033364277,0.5,16,71.12969111976022,48.67423079523573,1,0
1,0,64.6464313251189,2,438,0,15,49.90996233375909,438,1,0,0.13852051614193556,0.5,1,100.0,48.47906491531312,1,0
0,2,58.21851036393854,6,41,3,18,32.64411701788842,41,1,0,0.21393357306243602,0.7,11,89.85868082486837,42.940230676120834,1,0
0,1,57.08381800278638,2,624,1,15,46.16413118721438,0,1,0,0.4699516933295623,0.7,12,100.0,78.58860880033554,1,1
1,1,58.70376716563496,1,258,0,12,68.03084498174391,0,0,0,0.09022203711292066,0.2,3,71.15600976735999,41.57622354697655,1,0
0,3,51.566728620116805,5,275,1,18,44.258583442659074,275,1,0,0.0500708889790901,0.85,4,100.0,47.12766485977915,1,0
2,0,52.35074937994805,1,56,1,12,62.057246154054994,0,0,0,0.0611712373385455,0.2,14,38.52905733890357,22.106137606999457,0,0
4,1,48.4261017555722,1,40,0,7,57.835973851392076,0,0,0,0.1360931919312046,0.2,20,27.512805890083673,24.07923709845968,0,0
4,3,58.79307232041326,3,31,0,17,51.96073130038031,31,3,0,0.41547767086348647,0.85,17,100.0,35.2583764300012,1,0
4,2,57.560830351069036,4,173,2,23,31.059124487860416,0,1,0,0.09929183904945532,0.7,13,100.0,47.650408183223355,1,0
1,3,50.026078213535044,4,51,1,21,53.9950319417356,51,0,0,0.39427232185008343,0.7,3,93.35279907748051,35.34078361390845,1,0
0,6,62.0231553347376,3,525,2,22,46.8375651758221,0,1,0,0.7704307970207459,1.0,7,100.0,100.0,1,1
3,1,55.608535920251136,1,37,1,9,60.17629279022624,37,2,0,0.3382482778348561,0.5,1,60.78070007278562,35.84008059091275,1,0
4,0,47.577446616664055,1,4,0,14,58.68277664991041,4,2,0,0.18508316350364523,0.5,18,51.034442452723006,14.735459292816103,0,0
1,2,67.04411659357183,6,53,2,23,34.184247002626485,0,1,0,0.4213965787793671,1.0,2,100.0,55.7061765962519,1,1
1,0,52.91431452382965,1,202,1,13,81.16992189399424,0,2,0,0.3821103705387714,0.2,14,63.79747304254522,24.52084334012189,1,0
1,0,47.6091840224704,1,73,0,5,79.48842580540828,73,0,0,0.07398710940790225,0.2,16,29.814246099195184,14.777680690907975,0,0
2,0,72.806816209877,1,153,0,16,36.12704064959611,153,0,0,0.1740575330122987,0.5,21,86.60644596482777,36.618079466403934,1,0
3,1,55.59684730800253,1,6,2,9,63.75003800053085,0,0,0,0.45696455013376586,0.2,5,43.52735628680573,29.8538842050711,0,0
1,3,51.42350882817335,3,438,0,17,62.06620606145329,438,1,0,0.23247287816052722,0.5,24,100.0,65.8106718653463,1,1
3,1,51.11560779062384,3,31,1,14,21.754765659610904,0,3,0,0.3480247801858785,0.5,16,79.61660088378727,39.51035288860321,1,0
3,1,66.40630956290309,6,72,1,21,39.65760438170149,0,1,0,0.6063970039999803,0.7,19,92.4627921376354,39.50276084408426,1,0
5,1,66.0064065554276,1,519,0,15,29.725830070677578,519,2,0,0.21442342193068917,0.7,14,100.0,68.06164819842691,1,1
3,2,63.09963126339038,5,3,2,10,29.30788580354963,3,4,0,0.2338219021422075,0.5,17,79.20784248135755,38.28872351882225,1,0
2,1,47.12322700218121,3,568,0,17,73.59537164092576,0,0,0,0.46921341713264314,0.85,14,100.0,65.687228249225,1,1
1,0,58.690980367327846,5,780,1,21,34.75053376741178,780,3,0,0.47232547956204796,1.0,2,100.0,93.47887804391529,1,1
3,0,42.35443930145445,2,119,1,5,64.5647105825404,0,0,0,0.29672547432656293,0.2,17,32.2952002211915,32.19893646337195,0,0
2,1,46.98761620847005,3,552,4,7,50.4738852260229,0,3,0,0.3071593347515243,0.7,15,97.66123766562217,73.07916430195607,1,1
4,0,45.82602488465534,2,151,1,10,73.15200317631901,0,1,0,0.0531652974975038,0.2,18,50.23976947669232,29.274214543117274,0,0
4,0,56.54270105579757,4,210,2,14,70.50470766518104,210,2,0,0.0742860348591615,0.5,24,76.50064510366852,36.65554012415981,1,0
2,1,37.87224962922536,2,35,0,12,75.72277229070556,35,0,0,0.04671051766086442,0.2,19,40.011145210116226,27.032574667872304,0,0
7,1,45.39215397975823,0,81,0,11,72.10360816126311,0,1,0,0.18303165792773146,0.2,3,61.84952425820357,33.075137256086336,1,0
4,0,48.25313009912517,7,838,0,15,45.7006190382289,0,2,0,0.3343771995748952,0.85,23,100.0,87.79692013119593,1,1
3,1,60.25143135572422,1,85,1,13,48.62210570090674,85,0,0,0.2529893649031196,0.5,6,63.52169315435955,42.94312716619966,1,0
2,4,72.04551079473664,3,182,1,20,51.4373940032171,182,1,0,0.5766013965162899,1.0,23,100.0,59.3234962365977,1,1
3,0,38.03649223504748,3,441,1,15,44.750610771069624,441,2,0,0.5189741637402743,0.85,7,100.0,67.75467121589587,1,1
4,2,47.31955019861855,1,179,1,22,78.80002571808986,179,0,0,0.024254764654565556,0.5,2,82.16042437711958,36.21836422768878,1,0
3,1,51.525372057805626,4,8,0,11,68.52429173387117,0,1,0,0.7946757927040039,0.5,2,48.763806644449105,43.652182078409105,0,0
1,2,58.3505267804138,1,58,3,17,60.20491388688415,58,0,0,0.3519224244504821,0.5,3,63.268240793379874,28.290013280465875,1,0
4,0,45.766510870824554,3,283,0,12,76.34263109824536,0,1,0,0.025870822664450406,0.2,1,65.91911876508044,38.03703146200891,1,0
5,1,70.97914266041118,5,362,4,20,35.51354301083204,362,1,0,0.2625699208417515,0.7,5,100.0,59.88194104577022,1,1
3,4,64.22555355245419,4,163,2,15,69.34483761705336,163,1,0,0.7413900045499119,0.85,19,100.0,53.922420857583774,1,0
1,1,41.10626347504917,2,192,4,14,76.03314384254905,192,2,0,0.4775163046037699,0.5,12,70.23751859429069,44.494284365041764,1,0
1,1,55.38494260687639,4,148,0,20,44.192901970460646,148,1,0,0.32208521332078954,0.85,13,94.44762797911353,41.502472425161045,1,0
2,1,42.19088337926913,3,132,1,11,53.269936463579995,0,0,0,0.21241757320392585,0.2,8,62.79093795866265,52.150762879788786,1,0
6,0,56.22993269172607,1,41,0,12,51.278996096718735,41,0,0,0.6893842476207738,0.2,16,52.233329282815745,37.149291798312476,0,0
2,2,61.60377113264075,7,407,2,22,62.33925180159464,407,4,0,0.6885580652533961,0.85,21,100.0,73.61441841644418,1,1
3,1,36.094020112926245,0,35,0,14,58.97957547237601,35,0,0,0.24428345482176808,0.2,7,57.54027801292206,21.824240331694057,0,0
4,1,62.05950359496349,0,135,1,7,74.2943281259772,135,3,0,0.3952485635947741,0.2,13,49.744396652850966,35.20118945880772,0,0
5,0,56.40872434402906,1,125,0,5,94.33318844458128,0,0,0,0.08448379635826365,0.2,13,39.79135423032976,21.241575111466595,0,0
2,1,50.37943309051699,2,189,0,13,70.16718546294402,189,0,0,0.34414789701871873,0.2,19,51.92171627555724,39.51859997151332,0,0
2,0,49.901745408754806,1,261,0,4,43.18370378497845,261,0,0,0.2726673521895623,0.2,23,48.578726377912304,34.677454553751254,0,0
2,1,61.76477300888856,1,31,1,10,31.914356671328672,31,0,0,0.43566338095009693,0.7,17,66.82734220036387,39.12907390041491,1,0
2,1,42.076788745102455,6,517,2,27,64.70431328857073,0,0,0,0.3346895134364944,0.85,2,100.0,70.01657615826672,1,1
0,6,65.45004985296676,5,21,0,18,36.67902612722358,21,2,0,0.37826989290490054,1.0,8,100.0,56.05439653076467,1,1
1,0,41.42519339999618,1,78,0,14,68.29747913934004,78,0,0,0.21399725552710072,0.2,10,51.56288229309697,20.478384874911942,0,0
4,5,60.445918186610946,1,511,2,21,49.97144634586544,511,4,0,0.1622336729622522,1.0,4,100.0,66.61529174252863,1,1
3,5,51.03927540945573,0,667,4,17,62.68035506482458,667,2,0,0.5086746834085653,0.7,12,100.0,80.05363275945325,1,1
3,3,66.70774441673258,5,46,1,28,50.71449076151154,46,3,0,0.9064997431360549,1.0,7,100.0,65.8035110162015,1,1
2,1,48.56730439863043,5,256,2,22,28.577905406145586,256,0,0,0.45515180237213265,0.85,17,100.0,61.419970965012844,1,1
3,1,49.529773564112354,4,407,1,36,54.774251545087765,407,3,0,0.265453248845954,1.0,17,100.0,59.905932424412654,1,1
0,3,54.62791515759139,5,150,4,26,12.377579359953124,150,2,0,0.11155270786722567,1.0,6,100.0,52.396881186912054,1,0
1,2,51.78210641162576,3,138,1,9,52.95084019798598,138,0,0,0.8675846321468608,0.5,15,62.763990234323856,61.78511425244909,1,1
0,3,51.18762738419027,1,311,1,20,60.698117926461904,0,1,0,0.153514341893164,0.7,7,100.0,49.58907518886713,1,0
5,1,56.79281171217511,1,44,0,12,53.56719774694893,0,0,0,0.08022163378102684,0.2,4,60.21930083582195,20.638489469428052,1,0
3,0,43.28029954754287,2,66,1,10,89.83941491056824,66,2,0,0.8359136742358293,0.2,9,39.19597123002383,40.816353280895505,0,0
3,0,51.59647678109738,0,16,1,12,46.79607231496853,16,1,0,0.17017650892651287,0.2,15,51.655914676245686,26.884568594724335,0,0
3,0,35.32535984837724,2,55,0,9,35.23251007302965,55,0,0,0.7396789117466083,0.2,16,48.84329358227603,46.90740943000911,0,0
1,0,56.95540107271751,5,96,0,11,37.004166168835546,96,2,0,0.36534020800356093,0.7,5,71.05696504802492,48.867098559900604,1,0
2,5,56.097207470717024,6,73,0,29,66.60606367114254,73,5,0,0.5296704258885044,0.85,19,100.0,61.47300857270258,1,1
0,3,64.78691908508338,0,78,0,17,54.3257150718264,0,1,0,0.17201458462029,0.7,15,92.11490219954997,29.408189612520435,1,0
3,1,47.13180725260428,2,490,1,16,61.50478996238864,0,1,0,0.20147796028466555,0.5,23,96.0748126599729,57.892695303244516,1,1
3,1,64.44248856506644,1,10,0,9,59.034217468744636,10,0,0,0.34350021507444073,0.2,24,48.64919532229944,23.606638344949232,0,0
0,0,57.4063960066443,4,70,1,16,60.296045763923686,70,0,0,0.4956489143014507,0.85,5,69.84654786402989,40.92802176035594,1,0
2,2,66.03149396933009,4,51,3,16,42.158487588441545,0,0,0,0.13024366863734224,0.5,24,80.13056028071713,36.90210486742923,1,0
0,1,46.77539191394831,5,12,2,20,56.448885267854514,12,2,0,0.2709784804631666,0.7,23,82.60567851007823,40.47119569961486,1,0
4,0,51.30605575961683,2,129,1,15,47.083190025841915,129,0,0,0.21979716815287098,0.5,1,72.25712861372017,34.20202145280753,1,0
2,0,48.42757113939208,0,637,1,5,76.08851414666175,637,1,0,0.03292286806312575,0.2,6,75.44208371074177,58.58431614942862,1,1
2,2,61.80131520790635,5,392,1,12,10.0,392,5,0,0.025564681515630138,0.7,19,100.0,66.97188562081801,1,1
3,0,49.36076214801223,1,94,0,4,53.79448350265217,94,3,0,0.12689341276983473,0.2,2,44.45661290058097,31.929328808214393,0,0
0,3,49.76967362125964,1,68,3,19,45.531426262671744,68,2,0,0.3596535872357713,0.85,7,100.0,38.246458122259114,1,0
3,4,40.348086978560026,6,239,0,15,53.0873803163627,239,0,0,0.07168294889696972,0.5,15,92.50997494839065,56.23082127795185,1,1
2,1,65.68878915662066,2,636,3,16,58.11260594455939,636,3,0,0.31821390730627663,0.85,9,100.0,69.63054557117654,1,1
3,1,52.225156336822764,6,154,1,14,53.17688184171115,0,3,0,0.6031139902856333,0.7,9,82.77497953261654,64.44769417062416,1,1
0,2,56.40469539711305,1,12,1,12,54.77544372953569,12,2,0,0.05343668605519277,0.5,12,74.9220902017952,13.698428513410756,1,0
1,2,41.39117727797659,6,422,4,16,42.273660292612,0,4,0,0.15974299012585189,0.85,12,100.0,69.51080636520801,1,1
0,3,78.94708596359482,6,63,3,19,60.664809443580786,0,4,0,0.4051331598414202,0.85,18,100.0,42.31045770000181,1,0
3,3,49.91041761150892,4,655,1,11,54.92193348697493,655,3,0,0.3132271176063311,0.5,7,100.0,82.06637103990084,1,1
1,0,62.288978659013004,8,109,2,15,44.48171283920227,0,4,0,0.4229961992733827,0.7,8,86.31467414545271,49.74560701416333,1,0
2,0,48.87315111606345,2,33,1,7,40.07761217648769,33,0,0,0.1686066997034114,0.2,14,35.20183850141464,31.32557834890661,0,0
0,3,48.19415906833026,5,310,3,18,46.35922669877999,310,2,0,0.4635850559167492,0.85,13,100.0,67.76885843282018,1,1
3,0,54.470679156326455,1,368,1,4,68.90979614091833,0,0,0,0.14722309781270437,0.2,22,60.52802061066972,39.53372711268608,1,0
2,2,57.99124296317376,1,45,3,7,76.8294131980347,0,1,0,0.019407999190021005,0.2,7,53.19094471780304,19.35650817470784,0,0
2,4,65.94018395927341,3,142,3,22,39.96008434486676,0,2,0,0.4436795503820461,0.85,3,100.0,53.86056736887467,1,0
4,0,40.63587238329253,0,94,0,10,51.89218645995742,94,1,0,0.4724273307284111,0.2,6,50.593874646279346,31.61856217276232,0,0
2,0,46.413416216460696,0,191,0,8,85.88469725247758,191,2,0,0.1497765163617422,0.2,13,40.91167629854547,26.765065040991715,0,0
1,2,44.05124649246369,1,131,0,15,47.98643608317028,0,3,0,0.7092925586298598,0.7,9,90.34224767744627,42.86497477866997,1,0
1,0,52.85644508368935,2,66,1,16,67.3896558465551,66,0,0,0.5768706814923452,0.5,22,53.613844482302255,31.76944887132754,0,0
2,1,65.16836234516174,5,71,0,19,10.0,71,0,0,0.5222321756553292,0.85,9,96.9487231850703,54.369370236168805,1,0
2,0,50.09243126929079,1,87,0,23,41.82399283991048,0,1,0,0.35856696313857206,0.5,3,74.81178822888435,35.641818718276106,1,0
1,2,48.58110217022585,1,514,1,19,58.14031495281422,0,2,0,0.4185551806756655,0.5,5,100.0,65.59668591556985,1,1
2,3,54.98044125560617,4,263,2,12,47.26548948879509,0,2,0,0.7267099992201944,0.5,4,89.8951608222589,78.42427421644612,1,1
2,1,47.69450626414025,1,97,1,9,55.35962244284998,0,0,0,0.559051818609935,0.2,15,51.32831273970616,35.818814060935786,0,0
1,5,65.68977818523331,7,22,5,15,36.75090719290625,22,1,0,0.2947934247624112,0.7,17,100.0,51.264835103281975,1,0
2,2,58.820990198417455,6,152,4,29,22.78506058078377,152,5,0,0.34568308292298205,1.0,1,100.0,55.353881687249505,1,1
5,0,40.13531650898846,1,27,0,9,87.89278096557982,27,1,0,0.5290910500808745,0.2,20,38.364073903620756,30.746009793584648,0,0
3,0,49.66894991657645,2,378,0,12,77.2072195137117,378,0,0,0.30104413088496573,0.2,9,64.98372191492751,47.67091263694902,1,0
1,2,50.717743702791374,4,13,1,18,64.93858008600044,13,2,0,0.4989002887815398,0.7,18,74.43616909141855,48.084510268192716,1,0
2,1,46.81352454194637,1,103,1,10,59.12396171605131,103,0,0,0.46948181867305694,0.5,19,50.25466395974739,42.94692876096901,0,0
3,4,69.1133379459331,4,58,0,22,34.460812024834524,58,4,0,0.362738595944013,0.7,2,100.0,52.959585796105074,1,0
1,1,57.84183059331717,11,186,0,14,46.25024736965044,0,2,0,0.13563759209128012,0.7,24,89.92480531080673,56.55347494761816,1,1
4,0,53.17416722320719,2,178,2,13,53.210529523000154,178,1,0,0.3195788596452851,0.2,13,60.18408034936322,37.14847471700082,1,0
1,0,51.892882497502896,2,160,0,12,50.502982035260196,160,0,0,0.8635974928450644,0.5,10,67.28412895721159,58.59910874175751,1,1
0,2,65.0258387733612,3,135,2,18,70.799307009286,135,1,0,0.33719949814133293,0.5,6,81.33592296953104,43.57621972499301,1,0
0,0,57.40773271323863,10,245,0,23,34.51583021508896,245,1,0,0.19520024888089105,1.0,21,100.0,57.17897473299566,1,1
0,2,59.661198751740244,3,793,1,24,47.802506330940204,793,2,0,0.15469548558509638,1.0,16,100.0,90.37971475698549,1,1
3,0,50.95363316931492,3,7,2,7,66.1666820984971,7,1,0,0.18113175452282274,0.5,2,37.138264996723784,22.807149331348842,0,0
1,1,63.811119551375356,4,408,2,14,58.11441097023862,408,1,0,0.11926821369235505,0.5,23,91.44976395102367,59.70509932583409,1,1
0,2,47.357902794239585,0,177,1,21,27.136428322496243,0,1,0,0.4684481946089787,0.5,8,89.10643814161126,49.364232294986756,1,0
1,1,40.20932439198056,2,325,1,11,72.64678301657219,0,1,0,0.15948952257577106,0.5,24,77.458756981987,44.20533686857587,1,0
1,2,58.16225649440554,2,103,1,19,12.232482891300393,0,0,0,0.5480602338288799,0.5,7,85.42150694437882,56.740205981009716,1,1
3,0,53.96514803592079,1,145,1,11,73.31884141305294,145,0,0,0.23028394980775166,0.2,20,48.202117895587946,26.764221518037893,0,0
1,1,54.17578636770573,4,62,0,14,98.95480428238764,62,1,0,0.5773389009635587,0.5,15,49.87287948191305,36.55219093398239,0,0
2,1,57.21389764671941,1,78,1,15,73.45928470174545,78,0,0,0.43267784933345377,0.7,17,65.74769368851345,30.020138700472664,1,0
1,3,70.08620622155509,3,166,1,20,39.00524175183061,166,5,0,0.5057901430754524,0.7,9,100.0,62.48839688336039,1,1
2,2,54.81763607536364,2,388,1,17,40.87562795729506,388,3,0,0.46549574196353805,0.5,9,100.0,69.94672014557588,1,1
2,1,75.00111533278891,2,50,2,19,64.95946285637103,50,0,0,0.3318254876255691,0.5,1,72.13265338367874,33.881801464101,1,0
1,1,51.06430559850643,2,51,0,6,70.33177172356693,51,0,0,0.3271508385075229,0.2,7,39.45468168140491,21.61829621126058,0,0
3,1,55.80854107794472,4,26,1,18,92.80735606630917,0,2,0,0.30162749897606317,0.7,21,62.36307426537396,29.151540140221414,1,0
3,0,54.26881365882845,2,572,1,16,58.415636777139376,572,1,0,0.2499706133311565,0.5,8,100.0,63.26030146846145,1,1
2,1,48.30239180119498,6,121,1,6,60.30270976672638,121,1,0,0.28872646263540347,0.5,2,54.4724144146896,39.87335804689642,0,0
0,3,47.756987162153195,5,8,0,16,45.27465444516248,8,1,0,0.018591110397934544,0.5,23,75.84808930605001,37.308040143621305,1,0
1,3,61.588996884475314,0,75,0,8,99.41323257719449,75,0,0,0.38989112307501733,0.2,3,48.5293152401099,25.313526049939206,0,0
3,2,60.934219750524356,4,67,5,23,40.79862777981919,67,3,0,0.5822705410126339,0.7,22,100.0,51.67394773243749,1,0
2,1,56.79152316318711,0,291,0,10,66.37837278594003,291,0,0,0.3219197992374676,0.2,8,57.648263000521496,43.026102689203725,0,0
2,2,66.79073462361282,2,616,2,26,65.70614507144265,616,0,0,0.40994046280704916,0.85,23,100.0,78.11566063497125,1,1
0,4,56.947402489663226,5,66,1,8,62.34789232976402,66,3,0,0.4365475520308374,0.7,13,88.66401731868672,55.852510350770935,1,1
1,2,61.30181450495847,1,152,0,14,33.80817133313084,152,0,0,0.2387555081593948,0.5,10,79.13707835876286,39.452551292816295,1,0
5,1,51.97944913254589,2,131,1,13,61.02076415682304,131,0,0,0.40246447591107376,0.2,10,56.35692410900987,32.92240803948748,0,0
2,0,59.8970180192642,0,34,1,13,47.292334338984745,34,0,0,0.04139016830871774,0.2,14,56.31646966393022,17.745622436123604,0,0
2,2,54.70015491850409,4,80,1,20,39.03121768077109,0,0,0,0.21996469788695733,0.7,20,89.53757254818727,39.036670993173395,1,0
1,2,47.59923727225549,5,177,3,12,49.48723082129865,0,0,0,0.06315769123417354,0.7,2,71.51463518337607,42.13044570235074,1,0
3,4,55.68225736966196,3,54,1,14,59.7060282949204,54,2,0,0.7714115608441381,0.7,12,89.40725410360274,48.637224259419725,1,0
2,5,70.72081152486874,5,325,0,25,50.92021713648849,325,4,0,0.10042042567124425,0.85,10,100.0,59.79322254136823,1,1
2,2,74.56773780212984,4,607,2,23,50.92357160958798,607,4,0,0.44882604926895614,1.0,10,100.0,81.49922005659035,1,1
1,1,50.38285585927534,3,254,1,11,41.972299190434185,254,0,0,0.5395945989364018,0.5,5,73.32840950342674,47.84118800981705,1,0
2,1,44.191131153021445,5,441,2,16,48.62339513366458,0,3,0,0.4803488238651891,0.85,11,100.0,70.76271823017679,1,1
1,5,50.059017357030534,2,69,2,19,40.80669376769227,69,1,0,0.554531770775173,0.7,10,100.0,55.91632748966512,1,1
2,0,48.69508996725769,2,125,0,10,85.30601384694783,125,0,0,0.026670273287124558,0.2,23,40.62221769727508,28.98094182367004,0,0
4,2,41.16305145969818,0,14,0,8,46.610764011537356,14,1,0,0.30343717873075776,0.2,15,48.58642507126332,29.80180403151784,0,0
1,1,56.967488304622286,7,222,1,9,71.88205632539868,0,4,0,0.747556782530494,0.7,1,75.18094361138414,60.30838211457596,1,1
4,0,35.386477349296996,0,17,0,13,74.10188313590834,0,0,0,0.09842975394774796,0.2,24,36.61587709542007,11.961866249455182,0,0
4,3,56.74492223764875,3,184,0,12,66.52142044274682,184,0,0,0.5017716130828326,0.5,13,84.88364436021423,51.519450744252936,1,0
3,0,54.306697541410436,4,63,2,17,32.708782017879884,63,3,0,0.03598487997451515,0.85,4,76.08395852936721,27.184989065153275,1,0
1,0,52.78420932916569,3,17,0,15,58.059080341398335,0,0,0,0.40382500086937134,0.5,8,45.70331936253431,32.45736206598731,0,0
2,0,63.36252580481213,1,190,2,20,30.998777934780325,190,0,0,0.27792332422015614,0.5,20,80.72930620272226,46.87789173727855,1,0
2,1,55.2473486884089,3,315,1,16,53.26043120857804,315,0,0,0.4025253030634968,0.5,21,76.05813071977673,54.79420971389161,1,0
0,2,60.65915777888196,6,90,4,16,57.04541803953032,0,2,0,0.6781207854168461,0.7,13,89.17513047588677,50.770011630106886,1,0
1,3,51.46474361115438,5,58,2,12,78.51475539681255,58,2,0,0.5872116471106225,0.5,22,72.77068639124238,45.20906319926718,1,0
5,1,46.304397086936106,0,24,1,10,86.39247837047736,24,0,0,0.11444401690652121,0.2,8,33.967212309415075,10.2090799217906,0,0
1,2,56.545461522691255,2,90,1,22,27.067548761439404,90,1,0,0.3139279883654761,1.0,3,100.0,44.8610645517531,1,0
1,2,65.97996572730761,2,99,1,13,65.61724480957227,99,5,0,0.6417616884873365,0.5,9,81.2661986250958,40.36776400140859,1,0
1,4,48.337270513958046,4,130,2,18,76.00458711061418,130,0,0,0.09021591486971464,0.5,2,77.95041399776147,45.954338011747055,1,0
4,0,35.58305559144759,2,321,1,7,52.71182578544323,321,0,0,0.5549005877040452,0.5,22,59.9323926950107,54.53547368841157,0,0
0,0,53.866336541392684,5,193,2,11,24.101982246133147,193,1,0,0.6984797807666938,0.7,13,72.03955170610122,62.42649477982094,1,1
1,2,52.370570923421155,4,4,4,9,46.37636756941445,4,1,0,0.20623896942308914,0.5,22,57.33290989141996,36.72079327946688,0,0
4,1,51.29949860889743,2,205,0,14,94.50587782324438,205,0,0,0.05799946271514888,0.2,10,57.869349680256626,27.269241906086453,0,0
1,0,51.59490956921063,1,16,0,9,66.30377500051944,16,0,0,0.18160092854537838,0.2,3,46.81011756034256,19.45996937226447,0,0
1,0,60.48351982400795,1,270,1,15,54.32284810386666,270,1,0,0.35384267151526483,0.7,2,86.66610519201365,44.11966164210871,1,0
2,2,38.39386138102799,1,79,0,17,42.5634992182584,79,1,0,0.5342511062774075,0.5,18,77.22903921524905,43.24507889441401,1,0
6,0,53.136721970167876,2,106,0,10,79.34207251882361,106,0,0,0.20275172777192535,0.2,19,43.68878639260498,15.895097968232824,0,0
2,0,45.820770835749364,2,200,0,12,80.91690185775684,0,1,0,0.24586561511740151,0.2,21,55.9356147517321,25.12788191919352,0,0
3,0,46.388930324854734,3,185,0,11,62.407959124413786,185,1,0,0.4138068871281627,0.2,4,50.294848003066775,40.18191608523607,0,0
5,0,44.837612341499906,1,81,0,15,41.565937330889234,81,1,0,0.2301600117644972,0.2,15,54.71057012864707,30.696948674092287,0,0
1,2,50.06597474263544,6,137,2,17,54.09356390204077,0,2,0,0.10415822191184256,0.7,10,85.33439305171561,43.60309172806865,1,0
5,1,47.97503239653871,3,305,1,13,46.479075784455986,305,0,0,0.15174208611301263,0.5,19,72.569231628548,44.257380370236724,1,0
1,1,53.622230733805644,3,460,2,16,15.5587521098501,460,1,0,0.35082375559169227,0.85,17,100.0,67.99668580216061,1,1
2,2,44.96654451295556,6,182,1,13,55.9274750802718,182,1,0,0.21706493263099766,0.5,11,68.66496954506249,51.169873953082266,1,0
1,0,49.803156887049965,0,84,1,13,88.07797022814287,84,0,0,0.07267877397449911,0.2,24,34.136302290682906,17.544666842718975,0,0
2,0,56.56953524263791,0,367,0,6,85.20059387027811,367,0,0,0.7156662943374852,0.2,24,53.254008058787264,47.252943580588266,0,0
3,3,45.23924528643955,4,249,2,19,10.0,0,3,0,0.3070045975609423,0.85,13,100.0,57.320681954165025,1,1
2,0,55.260139978662394,2,186,2,16,58.33065322219108,186,1,0,0.1306966043567002,0.5,19,70.45688423128044,28.727267674054705,1,0
4,1,53.9815412368122,4,484,1,17,60.944063814176666,0,1,0,0.3055322679793905,0.5,20,100.0,62.5040219736617,1,1
4,0,65.10470589312241,4,217,0,12,48.81916517859135,217,2,0,0.3601668034511761,0.5,1,76.7043907577043,46.88256027523493,1,0
3,2,41.80276754806978,2,451,2,15,55.02029953698463,451,0,0,0.08543852198519195,0.5,20,99.44072057326213,56.03697658808466,1,1
0,1,43.75355276121014,0,263,0,11,67.12685825578549,263,0,0,0.8846535233267668,0.2,7,63.860216065424275,56.63757800800371,1,1
3,1,58.64814573633955,1,165,1,11,77.11881468714711,165,0,0,0.6325741574382234,0.2,3,56.20612468702819,40.37346553217447,0,0
1,1,59.0342905778576,7,116,1,15,43.23344820466703,0,0,0,0.6054068486501005,0.85,11,77.86279241393815,61.79140690562433,1,1
1,3,72.43132332364405,7,196,4,23,63.728141402484816,196,3,0,0.4105516725660539,1.0,19,100.0,60.63085218026582,1,1
2,0,50.12553314742033,1,12,0,9,80.0030903529851,12,0,0,0.028057415097778017,0.2,14,24.099202404372665,18.518797823054424,0,0
3,1,71.23905264106303,2,599,1,15,27.269592000025735,0,1,0,0.21432097948883042,0.7,7,100.0,72.42131234339726,1,1
1,6,69.9357661193208,2,48,1,24,67.62733790912709,0,2,0,0.8403570213358093,1.0,4,100.0,55.96788989698759,1,1
1,2,54.716728235055314,4,63,2,17,41.39464058970953,63,1,0,0.3812672357870033,0.85,20,80.37668035224698,42.287612898454,1,0
3,0,48.972817507409424,2,378,2,19,53.95007427505223,0,2,0,0.28914810960880866,0.7,19,92.82811987439597,48.00769397174228,1,0
1,1,47.83025421591432,9,40,3,14,24.659401438841968,40,0,0,0.1995670833909044,0.7,21,71.15461342477434,46.88014095293113,1,0
3,1,45.806251038344875,1,11,0,11,58.10184650826216,0,0,0,9.930276346397735e-05,0.2,20,45.48863709893727,28.74572262300115,0,0
1,2,54.140970487814826,3,48,0,18,79.7261891154173,48,3,0,0.4297041779782734,0.5,21,71.99473727645417,33.98950204758195,1,0
3,1,56.94533680309269,3,427,1,24,32.37975409028849,427,3,0,0.42025036965937446,0.7,17,100.0,72.60685094572091,1,1
2,1,69.1448497720234,2,75,0,15,33.42839520308449,75,3,0,0.676276502162047,0.7,2,88.67664135324873,46.500930161599946,1,0
1,1,70.8328373166904,3,14,2,18,44.35477326944908,14,2,0,0.8192485959654344,0.7,15,86.55898107750221,37.497623747887,1,0
6,1,35.0,0,34,1,4,76.5290861186297,0,1,0,0.12033589404113158,0.2,23,36.51267248712872,20.55461445326058,0,0
2,4,55.580763058079995,5,353,2,17,21.109436742524537,353,0,0,0.08119894484433599,0.5,23,100.0,73.05570405158267,1,1
0,0,58.98208845501166,6,212,2,14,10.0,212,1,0,0.5252370106791554,0.7,23,94.739957866398,60.48110381700623,1,1
1,1,56.412421792485056,6,1566,2,18,41.825264786486805,1566,1,0,0.2580372622830348,0.85,23,100.0,100.0,1,1
2,0,49.01461667789579,5,15,2,7,41.063309990882416,15,1,0,0.4873248630546366,0.7,10,43.85940389938507,31.779686127363654,0,0
4,0,50.20761739920139,1,289,0,12,54.79732762131938,289,0,0,0.014216471176129272,0.2,10,67.10091399081809,33.6079438311869,1,0
2,1,61.769370872412864,1,97,1,15,33.23302396335748,97,0,0,0.15414021473797185,0.7,1,86.21076827874548,35.09830193910982,1,0
4,3,52.718137154852286,4,101,2,12,51.89616871285326,0,0,0,0.005032752163126444,0.2,20,70.09700151712268,32.88901517588489,1,0
1,4,57.89968958902207,5,100,0,19,24.667405650399875,100,3,0,0.4229202397339605,0.85,14,100.0,64.60600720958475,1,1
0,1,57.65818947833367,1,174,0,3,74.47398304738144,174,1,0,0.2230416187631761,0.2,1,53.71439355580499,30.82393952846704,0,0
1,2,61.73363985117281,2,320,3,13,77.59443872330733,320,0,0,0.49239135835411085,0.5,5,88.61621331883723,53.69516279912764,1,0
1,0,57.322892609065825,2,63,2,29,41.79119956133154,63,1,0,0.2007721226777432,0.7,19,91.46796591881109,27.28233352037315,1,0
3,1,59.56144495658685,6,31,0,13,59.49349922277315,31,2,0,0.2129557503566819,0.7,21,66.85478897549574,34.149286206380594,1,0
0,1,64.16464484204262,3,226,1,17,72.38263235498087,0,2,0,0.3226573957651462,0.5,14,93.10688383266097,44.863910384990426,1,0
1,2,51.26884500602344,4,170,1,15,73.54355059163153,170,1,0,0.17261179245222166,0.5,11,76.56102112624785,38.74583174319085,1,0
3,0,51.28537287704607,1,66,0,7,72.10228108526464,66,0,0,0.4673747276366106,0.2,12,37.63085316487571,33.69503647989312,0,0
1,0,61.80651722882024,4,133,1,17,58.08941074313626,133,1,0,0.4696916753174957,0.5,7,75.6821430186358,53.91472927340415,1,0
1,1,56.86283520883724,3,376,1,12,63.55379085315437,376,2,0,0.28268545133451023,0.5,2,94.23145761393812,47.15033911978931,1,0
3,2,46.57684932786562,2,34,1,7,59.00812620664258,0,0,0,0.27260533417931737,0.2,14,40.64008027231146,23.598645011154343,0,0
0,1,55.46572379378881,2,2,0,16,55.514371919735964,2,1,0,0.480396291792043,0.7,18,64.31144685574316,33.17024735763191,1,0
0,0,44.551959932552435,4,222,0,11,47.48513095404374,0,0,0,0.25684496633273857,0.5,18,68.83923543381933,46.2977042878353,1,0
2,0,50.64992898382358,1,23,0,12,46.13377252472738,0,0,0,0.619638989858677,0.2,3,50.6502518669488,35.77466324574457,0,0
4,0,55.092999060934574,0,136,1,11,79.25037794275737,0,1,0,0.10466213446705655,0.2,15,41.479905706000864,17.45152575004562,0,0
0,1,49.19498310354535,5,17,2,27,36.38798962441649,17,1,0,0.3851008567815224,0.85,13,91.15880044450032,41.363243422377174,1,0
2,3,59.558302175197554,5,164,2,22,35.481721332025884,164,3,0,0.5974333737125028,0.85,22,100.0,65.8004201056403,1,1
1,2,53.72668521483765,3,249,0,19,23.529965571440194,249,3,0,0.5018222954312608,0.85,15,100.0,61.031342553957316,1,1
0,2,54.732058951837764,4,356,1,12,44.03764715913693,356,2,0,0.5832712238762561,0.7,12,100.0,72.6924577345955,1,1
0,3,63.894621024888814,3,592,3,22,47.71089521309379,592,4,0,0.16402772656934073,1.0,19,100.0,69.86038548205839,1,1
3,0,40.24298590430196,0,42,0,8,49.61124704348087,42,0,0,0.32823089913199477,0.2,14,39.41090568172297,32.17704531616177,0,0
0,4,41.22410151600784,5,373,2,17,66.3065280863285,373,2,0,0.5010267404232799,0.7,17,100.0,69.50181975385225,1,1
0,2,59.15576513014461,6,354,1,24,19.907617555449463,354,3,0,0.3957360770528058,1.0,20,100.0,72.08701722087935,1,1
1,2,60.48267702765957,5,546,1,13,64.2012355337256,0,0,0,0.30554492357459495,0.5,17,100.0,71.4746909974435,1,1
5,1,36.99637121644686,4,529,1,14,45.64789874364286,529,0,0,0.49118338698861685,0.5,10,100.0,81.87385119679867,1,1
4,0,66.9448542643815,1,520,0,17,30.45236988092225,520,1,0,0.4251862905081624,0.5,14,100.0,70.28755180818546,1,1
5,0,46.13152841799128,2,13,0,7,77.86445398462169,0,1,0,0.6757413191426919,0.2,2,32.37239712844335,29.45673327671979,0,0
1,0,35.23994485121781,0,21,0,9,80.91216788097893,0,0,0,0.19522645534196256,0.2,23,34.44386138899684,5.086445858012432,0,0
3,1,60.56068918144076,1,342,0,13,32.39052557894411,342,0,0,0.05092576528939417,0.2,3,78.94182908584767,39.54794988074851,1,0
2,0,36.33427197436366,1,193,0,7,57.884418456546655,193,1,0,0.07340678057504149,0.2,21,45.812614677749345,29.594673639177163,0,0
3,1,46.96325500193356,0,375,0,6,84.68780469077186,375,0,0,0.2845388976043765,0.2,24,58.62110882138822,39.46592035516794,0,0
3,1,44.95251688840471,1,97,0,8,76.29658052127309,0,0,0,0.009142900786322149,0.2,11,33.64773951059394,18.40584543935246,0,0
2,1,55.147190744268244,1,64,1,12,59.27258951779734,64,1,0,0.17212393656797673,0.5,5,73.098734261718,26.706439166746247,1,0
3,0,52.48167195167035,0,30,0,15,53.083610477628355,30,0,0,0.17144128876647743,0.2,6,45.24754346057119,23.720242797506156,0,0
2,2,55.44731326058145,3,21,2,14,15.839507089141662,21,1,0,0.47368923170808747,0.7,17,81.22906494150067,51.99138026313462,1,0
0,1,58.45102619843024,0,225,0,11,74.3617348972095,225,0,0,0.21297413472843071,0.2,24,54.75004515887938,30.790887891572396,0,0
0,2,58.64692031462428,5,263,2,21,20.317538052169063,263,2,0,0.6808070232312056,1.0,5,100.0,69.71974923401386,1,1
5,0,54.45839988503801,1,26,0,4,48.892378964385244,0,0,0,0.20414023126271663,0.2,23,37.31544182990174,24.35630264935307,0,0
0,4,50.672639976344314,1,118,2,14,29.68785060394712,118,1,0,0.9062773014415456,1.0,11,100.0,62.54746535803759,1,1
4,2,46.69293833561817,2,33,0,10,52.350818790378874,33,0,0,0.3327081128908496,0.2,11,53.581553670339254,36.000150874083516,0,0
1,6,67.58237023066323,7,29,2,20,28.123333352229906,0,2,0,0.2220516858256371,1.0,19,100.0,52.44855818403531,1,0
0,1,52.64215610171583,2,187,1,10,32.32380192867754,187,0,0,0.7085528360983288,0.5,6,68.50355211042702,50.462047803560694,1,0
2,1,52.71895434834051,0,93,0,5,27.2875728647551,93,0,0,0.052564523964351816,0.2,12,54.034156868855,20.9173652422478,0,0
1,2,56.84711423631999,5,324,2,17,36.15723318932581,324,2,0,0.2836123830250443,0.7,20,100.0,64.06047447276545,1,1
3,0,54.772039628867304,3,107,0,5,47.47150040516931,107,0,0,0.2439017406541649,0.2,15,48.661289982092505,32.82669681070288,0,0
4,1,49.466806024887546,2,277,1,6,75.28021069092617,277,0,0,0.03265359862472127,0.2,21,56.031135252063166,44.23597750283392,0,0
2,1,52.7464498881362,1,98,0,10,59.5604864042761,98,1,0,0.27784917479955706,0.2,11,55.993297642704924,27.487430865343647,0,0
1,1,48.368792298073,3,228,1,14,62.29269510724625,228,0,0,0.23120131994070303,0.2,19,68.18273080904788,40.40318888193458,1,0
4,1,44.03201826704516,0,122,1,10,66.28062716147912,122,0,0,0.08962811887337475,0.2,4,43.81812136575704,32.71013837563392,0,0
0,1,53.98322146093644,2,32,4,6,35.4728839790448,32,3,0,0.19746010318151638,0.5,17,57.057064087560846,23.44463794522348,0,0
2,3,53.63912119199603,2,156,2,15,46.01054821050967,156,1,0,0.13345344049709376,0.85,3,100.0,33.83833458133182,1,0
1,2,64.24244945799681,6,140,1,23,31.410422208636952,0,2,0,0.3101133840639031,1.0,15,100.0,42.32281302369367,1,0
5,1,50.61411518201791,0,102,0,21,26.898311594977244,102,1,0,0.6439649890781549,0.2,22,76.50945763710038,47.911034341899665,1,0
3,2,49.28089645857608,1,219,0,5,67.26489691696885,219,0,0,0.062041272888047554,0.2,20,55.60267429021207,33.40916965978467,0,0
5,0,50.58745701717924,2,128,0,9,78.21341778457125,128,0,0,0.06448299500762032,0.2,7,43.41934723730568,14.1032862530725,0,0
2,6,53.95548343090677,6,122,3,19,71.99255038043626,122,2,0,0.7616584442373905,0.85,1,96.88064967819318,73.43516272226614,1,1
1,4,61.926422848982796,2,130,0,7,48.98896302075475,130,1,0,0.3274813165408036,0.5,9,80.14031333894512,42.628459424953896,1,0
1,3,53.79502973480003,5,1,0,24,39.91484180864233,1,2,0,0.2764263319264893,0.7,17,99.55821745965119,44.22529472049519,1,0
2,2,63.03618743562904,0,148,0,14,62.104746661202114,0,0,0,0.3510396352830315,0.5,1,79.44726138037068,30.249796939598212,1,0
1,3,58.1090014089906,6,29,2,21,30.7503384432099,0,2,0,0.6051945744195492,1.0,18,100.0,61.728671834689244,1,1
2,3,65.74904654253518,5,283,1,15,77.67997299301204,0,1,0,0.447987655026917,0.85,20,100.0,52.608789351579084,1,0
1,1,46.839431206916316,1,46,1,12,45.12555207484195,0,0,0,0.053631593250276305,0.2,9,50.293600329955694,31.303670296352216,0,0
2,2,55.136024841891945,3,27,0,23,54.21904688201126,27,3,0,0.038439869680487106,0.5,2,90.93304086615679,35.160782604394946,1,0
0,0,38.41897707144395,1,20,0,17,62.40489072914738,0,0,0,0.021025899038322752,0.2,23,48.17910623525949,17.182483625551,0,0
4,1,73.99069630609027,4,377,1,25,54.15033022579455,377,4,0,0.26222314620140075,0.7,17,100.0,46.80891422176103,1,0
0,1,57.80701809535307,1,349,2,8,38.30768477733648,349,2,0,0.06785204111038003,0.7,8,90.67629353409464,43.15921055680775,1,0
0,2,41.83911753749874,1,248,0,17,54.40153219109159,248,2,0,0.7432875792894338,0.7,2,87.25979515870837,57.06009651675007,1,1
2,0,67.18807295663885,2,66,0,9,43.51490597502182,0,0,0,0.07036476334116937,0.2,15,55.2969735080765,25.269876249764778,0,0
0,1,55.55374828097483,2,100,1,11,48.03885523989976,100,1,0,0.12452749324851994,0.7,7,72.01283219492063,38.06137266621065,1,0
0,2,67.27677300386924,5,67,3,19,44.57939232829523,0,1,0,0.44376338872079024,0.7,21,93.83975660650496,47.98718580642086,1,0
1,2,44.073153688406634,0,179,3,16,63.793481102894994,179,1,0,0.2802644423274261,0.7,5,76.36665109885509,42.48947916911306,1,0
0,1,53.45820847542988,1,88,0,20,69.2699582066148,88,0,0,0.4622394504182404,0.7,2,73.75231963837587,40.046212304161614,1,0
2,0,56.85935345905942,0,106,0,5,59.86081335860041,106,0,0,0.10440555981241977,0.2,16,47.91238687708786,27.770247072699753,0,0
1,4,51.107396675106344,4,770,2,22,22.797104920594233,770,1,0,0.4998108157642104,1.0,7,100.0,99.32277790269197,1,1
1,3,61.59592798899273,4,72,3,10,48.34681754135714,72,2,0,0.3781393357032488,1.0,17,96.27959212339194,41.42607366552759,1,0
0,0,42.97206991453973,2,79,0,13,57.553053430020945,79,0,0,0.5335614855956418,0.2,6,51.88071662846593,37.444712364171856,0,0
3,0,44.7214806341275,4,11,1,15,55.55567492693218,0,2,0,0.1694938424008297,0.7,16,61.30770974847729,34.52628900062706,1,0
2,3,57.62353274510255,6,60,0,16,64.50212099163377,60,1,0,0.3264187262619487,0.5,7,76.40467212121149,39.47334299784061,1,0
1,1,49.10108450617692,6,28,1,20,33.62399837283512,0,0,0,0.0766348621004009,0.5,12,73.54851609642725,38.77237148063629,1,0
0,3,57.34611919465213,3,14,2,22,35.90560108748586,0,1,0,0.3866228720247077,0.7,21,89.23738658663498,42.15693749934042,1,0
1,4,64.91387051507128,3,221,2,18,30.01268490037129,221,1,0,0.48019813454271104,0.7,24,100.0,61.746875783243766,1,1
4,0,55.7949422851871,1,120,0,13,63.78037969295023,120,0,0,0.3746060110446134,0.2,13,57.32247963889321,37.94458044895362,0,0
2,3,55.09131342167745,4,81,0,22,43.558523134465254,81,2,0,0.47029803575741386,1.0,11,100.0,43.89638157793291,1,0
1,4,71.6500700782654,5,159,2,14,53.07334856558142,0,0,0,0.6588099903375262,0.85,16,100.0,63.36116832202381,1,1
0,6,48.8673362682606,3,146,3,14,47.959994377760474,146,3,0,0.6132691418819267,0.7,2,100.0,64.55332358139813,1,1
2,3,37.61599092476524,1,684,1,22,62.2354963636374,684,4,0,0.2220753587099751,0.7,13,100.0,80.3190279702279,1,1
0,2,54.69455104642121,5,26,1,26,30.274688400674883,0,1,0,0.37030092072361,0.85,23,100.0,42.777845118041235,1,0
4,0,42.042638238446166,2,49,0,14,51.61708259017407,49,1,0,0.2515774475213095,0.5,2,56.999163493774205,24.054542513042094,0,0
2,1,66.19156647330627,2,24,1,14,60.90944835601907,24,1,0,0.287291870406614,0.5,8,66.59644858899794,28.160014400640968,1,0
1,4,47.92328934865856,6,101,2,18,33.19034056919324,0,3,0,0.22113410987237525,0.85,13,100.0,60.1195772617053,1,1
3,1,53.040837409294284,3,329,3,18,61.56625788743198,329,1,0,0.5776920065908256,0.85,9,97.88166797268549,61.697541405397004,1,1
0,3,62.78215137043817,0,4,2,15,46.429259885894886,4,1,0,0.5349467238727438,0.7,17,75.42389064778574,41.70541124874174,1,0
2,2,39.75024009194295,1,61,0,13,58.48439373945147,61,1,0,0.19217161739352587,0.2,12,67.29677591087102,33.94017104923657,1,0
1,4,60.56050290985884,6,126,1,17,33.60464627964787,126,0,0,0.38553715426192325,0.85,24,100.0,57.99703966171492,1,1
2,0,53.99577470076082,1,90,1,20,85.90787940213453,90,1,0,0.31320543516199567,0.2,2,57.116359065317674,21.714094998432756,0,0
0,0,50.985514115629485,4,808,1,15,50.1383923116228,808,1,0,0.28655532203911915,0.7,19,100.0,79.83407727884428,1,1
2,2,63.52279477851383,1,557,0,21,47.96078319506302,557,0,0,0.24363053941763668,0.7,14,100.0,65.93166289852327,1,1
1,0,50.8067755557516,1,19,3,19,52.53766849759275,19,0,0,0.2471412259874069,0.5,8,60.645015304106586,32.14986829929781,1,0
1,0,49.15851777975625,1,252,1,18,31.17873827433439,0,1,0,0.24401318039801334,0.5,21,87.34420155590013,41.37825317626993,1,0
1,2,65.60609960365582,4,689,0,13,35.18284181515897,689,2,0,0.28058177716771654,0.85,20,100.0,95.21087693382466,1,1
2,5,59.62870879066921,6,360,0,13,56.80789312580943,360,1,0,0.17355405681512936,0.85,21,100.0,76.09192763808043,1,1
2,0,55.271821448315315,0,139,1,22,50.299470530723895,0,1,0,0.33035309766912113,0.5,15,90.2852048647563,24.655226606967886,1,0
2,0,70.10364679547186,1,555,0,13,30.731907313682594,555,0,0,0.27481894193048645,0.5,21,100.0,64.43700681752925,1,1
3,0,49.20375708365385,2,117,0,9,63.34605948323778,117,0,0,0.14502374964472134,0.2,6,48.88645716451777,24.64500240906102,0,0
2,2,50.80863048684517,2,79,2,22,56.53237946424625,0,0,0,0.2662888749417529,0.5,8,71.86790642204465,30.151539031689577,1,0
1,1,68.57259567123648,2,73,1,8,39.27625421930457,73,0,0,0.17343475970478214,0.2,12,63.80436276911659,36.91893126773371,1,0
1,0,42.976770673927454,0,2,1,9,28.1040735492925,2,0,0,0.15764443448979323,0.2,3,39.42470342172683,19.903354960748867,0,0
4,8,62.34987548701187,5,57,0,22,23.58289965590024,57,2,0,0.5987931894080101,0.85,24,100.0,77.95201283590858,1,1
0,1,55.81520990155486,0,14,0,11,53.799015531175186,0,0,0,0.11763558072534361,0.2,15,57.90863364736298,26.66276314644355,0,0
2,0,54.3573721555842,3,502,0,10,51.950391268613416,0,0,0,0.3785797600456927,0.2,8,82.45354737040826,58.9578140013683,1,1
1,2,60.376215173030616,4,840,0,15,48.83832911374929,840,2,0,0.18440074177529475,0.85,24,100.0,83.94832179951449,1,1
0,1,39.14012936650096,3,69,0,17,52.58935172170534,69,1,0,0.4156820693119883,0.7,19,64.31372455098746,41.23445556425543,1,0
1,0,44.34563290862396,5,592,0,21,63.70838587609743,592,2,0,0.6151308377574882,0.5,11,100.0,77.26372627648618,1,1
1,1,66.10833148481836,3,296,2,17,63.5354221897219,296,3,0,0.3048685204338224,0.5,4,94.95102568346645,44.78858670559891,1,0
0,3,65.14128112844492,3,404,3,27,43.95251083830752,0,4,0,0.1860658704678541,0.85,13,100.0,64.96821719145065,1,1
0,2,61.0405150864685,3,372,0,16,86.93042189578951,372,0,0,0.46878887154136867,0.5,3,80.45010085226787,63.640378936665826,1,1
2,0,54.41175419362607,1,47,0,7,77.87321339293378,47,0,0,0.0050016753699333874,0.2,13,26.081866860451285,5.245921194733386,0,0
0,5,49.605376217106105,4,18,3,23,47.67956403474975,18,2,0,0.18365476447333445,0.85,6,98.26780441456906,46.97860489938644,1,0
1,2,57.181678322071285,2,206,1,12,66.2011260552678,206,2,0,0.33681933278719517,0.85,6,85.09563750979699,46.98506010503525,1,0
0,1,51.6128645491565,0,14,0,11,65.96227409882657,14,0,0,0.020849210382206,0.2,19,42.887263007171924,19.376956618161643,0,0
2,0,46.95247513764953,1,32,1,8,34.464766557680335,32,0,0,0.01647502494148075,0.2,8,40.67600688652579,22.753134837476697,0,0
4,1,61.12657292214499,0,166,0,16,75.43765919038997,166,1,0,0.037942092592952226,0.2,18,73.23062001446829,30.956119465106298,1,0
3,1,50.49620467833554,2,30,1,14,73.9751704364897,30,1,0,0.1251486411413618,0.2,22,47.62916965997964,25.162305407245686,0,0
1,0,37.2698010144345,1,39,1,10,75.96365594896336,0,0,0,0.005820211712087829,0.2,6,28.582921687669455,20.326588653952946,0,0
3,1,40.61863692220799,5,25,0,15,55.870604530963604,25,1,0,0.4343026225727863,0.5,17,62.15028217198533,41.15170021305412,1,0
5,2,53.80786497428029,2,16,0,12,50.19113583295614,16,1,0,0.2173175517112969,0.2,24,63.18399068383536,40.63049328292795,1,0
1,2,55.34842783340679,0,114,2,24,60.065193110953906,114,1,0,0.894004627755684,0.85,8,96.07550740715145,38.67975551318503,1,0
2,2,48.9564917171944,0,132,1,9,72.91305597229066,0,0,0,0.06706339996000547,0.2,9,48.51696191579679,30.897502464012515,0,0
1,2,52.452992580021174,8,282,1,25,34.26409283347457,0,3,0,0.0930943248792511,0.7,21,100.0,56.00248156638825,1,1
1,1,66.86247463486444,5,30,3,19,27.488224036706836,30,1,0,0.31389642478239943,0.7,24,83.71468720249611,45.279986884964735,1,0
2,0,61.91257925143114,3,46,1,20,42.132301656830236,46,4,0,0.21970085331313396,0.85,10,93.34918408873,25.348251879200483,1,0
2,3,43.52208398408843,4,37,0,18,57.92570620828327,0,1,0,0.2702008250252357,0.5,9,75.13177940886189,46.75643509110662,1,0
3,5,53.95022650071172,10,231,2,34,55.95795196116828,231,4,0,0.30199090387643807,1.0,5,100.0,70.71851428405104,1,1
0,2,64.68221252944204,5,6,0,16,79.78593238181809,6,2,0,0.2539573419561523,0.7,12,77.74541102529496,36.35621083177294,1,0
5,0,47.64308841984271,0,113,0,13,48.74895597804743,113,2,0,0.41168642137468353,0.2,7,62.14682233935781,26.983896469634608,1,0
1,0,51.32269143269733,0,123,1,12,40.36970067598842,123,1,0,0.2592659511802581,0.5,23,60.97007219535527,40.69775620819873,1,0
1,2,51.03658729304059,2,32,1,19,42.132366175872,0,2,0,0.2778987898472742,0.7,2,86.11580608868137,37.68253737789494,1,0
1,3,49.495942895976064,3,244,3,15,58.00649615096503,244,1,0,0.3097611046701826,0.7,21,90.94761554714918,45.089872506122596,1,0
2,1,41.40217888464047,1,269,0,10,83.67889862996876,0,0,0,0.029859447599623848,0.2,4,57.22312302330591,37.96093171461387,0,0
3,1,48.581499773998495,3,12,1,8,70.1657502347925,0,0,0,0.3451332985355512,0.5,17,47.684704930483406,34.89172933447756,0,0
2,2,52.483428329260725,5,85,1,13,60.268365703734425,85,1,0,0.687761413089398,0.85,19,74.27464183741579,47.016556335672306,1,0
3,4,53.036723719574915,3,1214,4,18,37.500593379184075,1214,4,0,0.2615684235088431,1.0,6,100.0,100.0,1,1
0,2,48.00228151273153,1,77,2,23,39.68530063878323,77,1,0,0.5993133955318704,1.0,3,91.25572186689882,40.139062766399874,1,0
0,3,58.62811722063734,8,47,1,17,58.451287071870475,0,4,0,0.31974513787799236,0.85,7,99.16320758589559,42.95395239080169,1,0
2,0,40.782051464472175,2,3,0,11,51.51037844976783,3,0,0,0.2587385596934258,0.5,12,45.82919022198988,20.370463341743793,0,0
4,2,52.74527266214237,4,264,2,18,34.06300717900622,0,2,0,0.6740782446811794,0.7,16,100.0,66.61447709384288,1,1
0,0,52.247797057213305,3,55,2,19,54.2010616000947,55,1,0,0.28922406704673004,0.5,20,74.16077266819471,36.33967442254638,1,0
1,6,58.39016928037754,2,348,1,16,23.065365996928183,348,1,0,0.3190381628650785,0.7,7,100.0,84.52096925981587,1,1
1,1,65.31042862965091,0,126,1,16,42.23091560446611,126,2,0,0.2345859851883939,1.0,17,93.01542499988007,42.90301453342019,1,0
0,0,57.79244831474416,2,128,1,16,49.72012732724507,128,0,0,0.5494015325195404,0.7,24,73.4881006001651,44.01234426267544,1,0
2,0,49.39070296816928,0,143,0,7,70.56247444612683,0,0,0,0.12079035207620253,0.2,12,44.65925354313046,22.030025329055146,0,0
1,0,50.80326063369664,1,223,0,9,49.68241227223301,223,1,0,0.562172894062442,0.2,3,51.0507161844083,44.66561837119339,0,0
1,4,52.92338806995672,8,35,2,19,49.004303373812576,35,0,0,0.5038149934199486,0.85,1,83.32864281760425,61.842713710647814,1,1
2,3,46.168479520505144,1,72,3,16,57.22742958701659,0,0,0,0.19837505798317104,0.5,16,71.9017267676678,35.32237441734989,1,0
0,1,49.62994985539011,4,267,3,29,10.0,267,3,0,0.49615821003714244,1.0,3,100.0,67.32565419011524,1,1
1,1,46.04424101392062,1,123,1,10,66.63840627937971,123,0,0,0.31464606746919715,0.2,12,48.67948462498995,40.18730552723413,0,0
0,3,49.884552296794645,3,323,3,28,45.09972901345187,323,2,0,0.23609278292677702,0.85,7,100.0,73.46172069090684,1,1
0,4,55.395085324259476,1,16,0,20,59.126398794996575,0,0,0,0.6764466514444607,0.5,11,92.03585261575809,49.609243275031446,1,0
3,2,49.917338220639465,1,31,2,7,74.32741824973141,31,0,0,0.18347770118909404,0.2,19,41.86515702362904,25.36048744212108,0,0
7,1,52.27068642284555,1,11,0,8,35.034077619489814,11,0,0,0.13417702666742748,0.2,20,45.69428994540354,17.770946432599516,0,0
5,1,58.51293541120158,3,357,0,15,60.267552141425966,0,1,0,0.4600356466203516,0.5,24,97.22047234745537,60.58796878430623,1,1
2,3,69.55504228560996,3,982,0,16,18.740665340815312,982,2,0,0.5014024798400385,0.7,11,100.0,100.0,1,1
1,0,55.756627444040674,3,192,0,13,56.722836018577866,0,0,0,0.21706044269009359,0.2,10,69.77456669364864,40.80081574004464,1,0
1,3,60.31217959197083,3,173,1,22,44.94507737466167,173,0,0,0.41531119941798805,0.85,13,100.0,40.68701623658419,1,0
1,5,55.696027342824365,9,18,0,19,72.44330349317228,18,0,0,0.6027332926990668,0.85,16,88.62001815479957,56.72432153678166,1,1
2,2,59.505724540003605,2,110,1,8,45.885569732125006,0,0,0,0.04952718944621998,0.5,7,62.79920564785791,38.04743444328458,1,0
2,0,54.53296037435513,3,616,1,7,55.24411512499127,616,0,0,0.07728447090039321,0.2,7,83.09176693112923,70.01996217776806,1,1
0,1,49.10888519414135,7,14,2,27,68.04579381131288,14,1,0,0.8440843104490642,0.85,20,86.43643452817209,49.40406912008829,1,0
0,2,48.54286517417507,2,31,0,15,58.021671675231026,31,1,0,0.3859959880291265,0.2,6,72.369117940034,29.297088225328267,1,0
1,1,61.03876739165512,1,82,2,14,64.3981790302022,82,0,0,0.34267068332015693,0.5,18,63.138547157633994,28.099693262694966,1,0
0,1,57.40750488758871,2,183,2,14,61.10645844397018,0,0,0,0.24887204692395654,0.5,9,82.45285133336505,35.90489576262742,1,0
0,0,51.97645757527935,2,310,5,22,20.498186690649554,0,1,0,0.2748468060142986,1.0,17,100.0,52.78051340678191,1,0
1,3,57.90313439792898,4,96,1,16,38.13073917175469,96,3,0,0.3610043078044694,0.7,6,100.0,51.21666841649968,1,0
1,1,54.06840687028085,1,52,0,6,86.81499473709063,0,0,0,0.34669805885373967,0.2,2,30.029490222764274,21.023987590825584,0,0
6,1,51.21982785626425,1,85,1,12,39.81726474011985,85,0,0,0.6660084350371528,0.2,19,68.21203797900385,41.94985595245578,1,0
2,0,55.01533744322951,3,30,0,10,67.25780960920726,30,0,0,0.2514738425000479,0.2,9,40.96118007268807,27.301847177548233,0,0
1,2,48.70808640750828,5,396,3,14,33.94116973447753,396,3,0,0.3111845963474135,0.7,21,100.0,64.41433135606344,1,1
1,1,50.99621910238049,3,304,0,13,45.019033535228886,304,0,0,0.18687737131137233,0.5,6,84.13899646523005,51.66780644039817,1,0
2,0,52.56056677654349,0,78,0,17,86.34572444688942,78,0,0,0.3796972223408206,0.5,10,60.28713559341921,18.176186004515976,1,0
0,3,62.05521824501537,4,227,1,11,60.34811180781108,227,2,0,0.34159684195346585,0.7,5,86.78309295646156,54.50721780685225,1,0
1,0,52.59660432169595,1,170,3,20,64.98345675896965,170,3,0,0.3012646852588908,0.7,2,86.8024410539056,35.87436225647119,1,0
1,0,72.48367419784297,2,3,1,12,37.89758290951154,3,1,0,0.13998006960207893,0.5,5,63.60782627949556,26.956487301389323,1,0
2,1,46.84221600449088,4,305,0,16,76.76271003598202,0,1,0,0.1310717373468269,0.5,2,75.96619602485198,47.32908581097224,1,0
2,1,55.66542158807292,3,77,0,11,100.0,77,1,0,0.051444713467882854,0.2,12,35.65672546171956,18.61987735018883,0,0
1,2,60.6494997693241,6,340,1,23,32.44716719050076,340,1,0,0.09931890465849282,1.0,5,100.0,65.78148492900965,1,1
4,3,52.097295479796045,2,15,2,23,42.53854497095374,15,1,0,0.3099577465967067,0.85,10,90.59122065156107,39.3237170821123,1,0
1,0,44.90977275505519,1,117,0,11,75.29822553998422,117,1,0,0.5997007722584193,0.2,20,44.361526484079135,27.070459812567336,0,0
2,0,49.12823699100558,1,308,2,14,71.98863250896076,308,0,0,0.3594916435997841,0.2,17,57.96032094133601,37.13914260962493,0,0
4,4,57.6812808585816,9,624,2,16,43.367301384103946,624,3,0,0.8324668671611722,1.0,2,100.0,100.0,1,1
3,1,49.60454297129999,2,48,2,14,53.440632356841846,48,2,0,0.4401071518627834,0.85,21,79.82028307913359,36.351812073367185,1,0
1,0,44.68311781019223,0,218,3,15,52.37047275352081,0,0,0,0.5464740711804915,0.5,22,67.91588676325979,45.66155825886513,1,0
2,0,35.0,1,68,1,12,76.24618596485672,0,0,0,0.08289734440390334,0.2,17,42.948393590098796,12.940756890249668,0,0
1,1,62.09912682716107,6,256,2,16,41.41059156266251,256,2,0,0.20724689361135457,0.85,3,99.83415380814792,50.887344240525216,1,0
2,0,37.576608694472085,0,156,0,14,59.45198370507187,156,1,0,0.13095769170071928,0.2,13,64.0374278542834,39.559843954798396,1,0
4,1,56.63668341383258,6,328,1,20,62.901837325282116,328,6,0,0.7006007847482588,0.7,14,100.0,68.35475397146543,1,1
2,1,55.476914066702676,4,161,2,13,36.100383766685084,0,1,0,0.6003651632959537,0.7,11,81.67991455454539,54.411821784542816,1,0
3,0,58.041034405883224,4,82,2,19,60.44295341779677,82,1,0,0.11748372653169309,0.7,17,70.7010406626476,30.069470411327632,1,0
1,1,55.84564925166155,5,78,1,20,54.799803028450285,78,1,0,0.02649252334071714,0.5,11,67.26808355827391,28.92447989419965,1,0
0,3,74.84211287661091,3,81,2,16,44.38378914364404,0,0,0,0.2216182865361198,1.0,20,100.0,41.27605258696031,1,0
1,1,59.70324872376342,3,82,1,24,46.26377144027236,82,1,0,0.22909020829975052,0.7,23,92.65931328478794,31.603353228354646,1,0
1,3,57.43833135514072,4,364,3,20,51.9006812701194,0,1,0,0.31513762995757383,0.7,8,100.0,67.80735972169312,1,1
3,1,39.12147859090138,3,434,2,11,44.17182197713626,434,0,0,0.1028791659418948,0.5,10,98.55601992228084,59.1466023448907,1,1
0,2,50.14317985624861,3,250,2,20,83.60655120017329,250,2,0,0.23496511415845278,0.5,20,81.8697156683145,52.166494668917736,1,0
0,1,54.507573829322695,4,248,0,9,74.93482577622314,0,0,0,0.4721998663354432,0.5,16,56.03518242364761,46.449324146448774,0,0
4,0,59.10233369149687,2,37,1,12,53.248833852854744,37,0,0,0.07645821278823023,0.2,17,52.50032116220087,24.911568350054786,0,0
3,3,59.5142298521739,1,535,1,17,59.97934416235063,535,0,0,0.24838430797992156,0.7,22,100.0,69.6897994173614,1,1
2,3,47.45522625488931,5,194,1,20,26.031211884394413,194,3,0,0.5840664028328187,1.0,6,100.0,67.46821301299225,1,1
3,1,66.75578091790004,0,71,2,16,70.0811995034723,0,0,0,0.2586888162151539,0.5,1,69.19577688437256,23.400732461756935,1,0
3,3,53.44963308083071,2,29,2,22,54.29959659741054,0,3,0,0.4133461509991696,0.7,7,87.2668503579563,34.01744971769014,1,0
0,1,44.78820257198731,0,96,0,12,64.9292225899462,96,1,0,0.1041014094985622,0.5,7,60.28368792472569,27.216602321146077,1,0
5,1,68.35086310732487,1,156,2,10,43.46816076936113,156,3,0,0.2059991247966881,0.5,21,86.1520703045498,29.464396105015844,1,0
0,2,71.44121808311925,4,131,1,18,19.742662246824874,131,1,0,0.7485212121152474,0.85,10,100.0,60.76549429782353,1,1
1,0,59.19152332966377,4,484,1,10,73.67184079149393,0,1,0,0.5079104227632856,0.5,6,87.88041958469908,67.40109465218345,1,1
4,1,45.055648737211904,0,66,1,7,75.48720720880588,66,0,0,0.046138455896336944,0.2,15,25.96302266865945,10.607590949905822,0,0
1,2,60.640365490924374,7,22,3,26,35.33405928152399,22,1,0,0.5921114862784969,0.85,2,93.04308507246961,66.12894607827997,1,1
1,0,52.94838889553552,1,385,0,11,72.08300236253844,385,2,0,0.04300840202216357,0.2,21,73.39667782696588,32.173211567571414,1,0
3,1,42.911156300226565,2,127,1,24,50.46143194293267,0,1,0,0.38442875009999866,0.7,13,86.06180925387233,42.34495807879455,1,0
2,3,44.84628035890888,4,38,1,22,51.49775646138079,38,2,0,0.4039219303652756,0.5,23,87.5209611357864,39.20249614822622,1,0
0,4,50.26923401845969,4,25,1,20,47.928216548078844,25,2,0,0.46212299705287396,0.85,21,96.99728461330088,44.33611421987072,1,0
1,3,71.41031404156183,1,283,0,10,62.606372952275755,283,0,0,0.1958832697944747,0.2,3,79.3894464822638,48.48744949206822,1,0
0,2,52.14997215098403,4,196,3,17,36.06551222657678,0,2,0,0.7630432752279325,0.85,8,93.93782378060884,62.15817075905501,1,1
1,2,44.58814156243007,3,9,0,9,34.77786734368116,9,1,0,0.6293444780648796,0.7,2,64.08271095118614,44.43627138678125,1,0
1,1,56.54407060171249,3,144,2,20,57.468878518121045,144,3,0,0.42611648356874193,0.7,16,81.29877111185134,49.012983424839874,1,0
2,1,59.67817569902155,1,26,0,9,79.98123445304849,0,0,0,0.27001452952135785,0.2,10,42.805293155533434,22.954401361962926,0,0
0,2,49.05018691995643,4,904,1,18,70.70364917230687,904,1,0,0.3572226511115084,0.7,7,100.0,97.3767466845708,1,1
0,1,65.79230275071,0,68,0,8,77.68988706327588,0,0,0,0.5631317345358035,0.2,18,52.33634191662084,29.304456733564603,0,0
5,3,51.83165129029154,0,149,1,8,80.25407198809718,0,0,0,0.36561101849423283,0.2,23,63.145989420930675,24.47140149104172,1,0
2,0,48.647304014306215,2,534,0,8,74.4025929615861,534,0,0,0.05222460184523292,0.2,18,65.3877992273962,45.78038884288647,1,0
1,0,52.89303727838741,4,233,0,13,38.27515746404479,0,0,0,0.45351303302478546,0.5,13,69.25757193167948,52.883194412076634,1,0
2,5,76.05748973588753,9,28,1,14,40.38799765432449,28,4,0,0.5279358933412609,1.0,5,100.0,66.87419124395656,1,1
1,2,63.60598120676469,3,36,6,19,52.48072575465095,36,4,0,0.585911383698215,0.85,19,100.0,38.96815430110668,1,0
3,2,55.561641954820054,3,481,0,14,53.17325585484147,481,1,0,0.5516689171364962,0.5,13,100.0,66.48958757881013,1,1
1,5,53.51247355724236,6,188,4,23,38.256799342666,0,1,0,0.40516857062252226,1.0,11,100.0,61.073666592188054,1,1
2,0,40.72032918370511,2,112,0,13,76.84200699107706,112,0,0,0.08033488707159651,0.7,20,48.72510176904058,20.925173544363943,0,0
4,1,46.5708467562786,1,162,0,14,39.071152500447326,162,0,0,0.2909477830753095,0.5,6,66.24947884028009,41.13468838475762,1,0
4,1,44.19154090525747,3,111,0,9,53.51660356255244,0,0,0,0.4610262093084328,0.2,6,56.002151425153116,46.886722513213584,0,0
0,0,57.638111213832104,0,3,0,13,78.09204230925847,3,1,0,0.02155324999723106,0.2,6,42.23596898066065,12.786314203462071,0,0
1,2,50.65873475549901,3,112,1,19,66.94790180024326,0,0,0,0.4760904805415053,0.7,10,69.66710646596222,38.211366454332925,1,0
0,0,56.968046879460395,0,84,0,6,68.45221340372598,84,0,0,0.004081951182899201,0.2,16,30.98103385440217,19.947970754875158,0,0
2,1,58.16483341294696,1,177,1,10,44.637090901783054,177,0,0,0.4747615997463439,0.2,17,70.73408462051371,44.36304280647774,1,0
3,0,44.19573244579679,0,114,0,10,57.13844682702294,114,1,0,0.3895209807187834,0.2,3,44.535389600175826,19.119310763368752,0,0
3,0,44.37330525131246,3,176,1,11,81.80185728159509,176,1,0,0.42541601409323543,0.5,11,50.75146685290943,35.875039094857506,0,0
0,3,59.91625029347001,1,12,0,15,33.70786422095795,0,0,0,0.7160378061395457,0.5,7,73.7739305979049,44.65507932876801,1,0
3,0,38.16795490722286,3,9,0,4,60.240241383447334,9,0,0,0.1499854665378261,0.2,14,26.99651669269336,24.117263840864002,0,0
2,1,52.74397865234466,3,82,1,14,50.166577408278755,82,1,0,0.2175026043541814,0.5,17,78.59927682227756,29.797594017912147,1,0
1,0,54.28322907426259,0,447,3,10,49.15156826583895,0,4,0,0.5170619584565791,0.7,13,100.0,53.4768165878297,1,0
1,2,61.93212684692264,3,9,1,17,34.46995747475101,0,4,0,0.5348676524365027,0.7,14,88.1785795640268,41.133819810714336,1,0
5,1,58.93883767932943,0,106,1,9,83.22585309392296,106,0,0,0.22023894382285528,0.2,5,42.218748309404965,23.896376568873947,0,0
1,4,59.66694402665491,3,25,0,17,44.9370233563011,0,1,0,0.45225407362739695,0.85,19,94.03984808081331,55.56113082793691,1,1
5,4,56.27797248442995,1,59,2,9,33.2537732371682,0,0,0,0.2721311614696995,0.5,17,80.60875588755562,43.414829156689066,1,0
1,4,58.226619356665566,8,768,2,30,16.267467563807045,768,3,0,0.8658514895061611,0.85,1,100.0,100.0,1,1
4,1,52.84756852227177,3,71,0,14,57.287519139325596,71,2,0,0.5506364187763587,0.85,7,73.40093049770526,35.867223795415384,1,0
0,2,54.246815588083706,2,234,1,8,77.29245467447737,0,1,0,0.30454692621928525,0.5,4,63.2235047028541,37.65682331768044,1,0
3,1,70.71908304146118,3,450,0,20,35.84032808942824,450,3,0,0.6768447855971557,0.85,13,100.0,75.03057697693002,1,1
2,2,51.29667729272791,4,124,0,18,59.06787987590799,124,2,0,0.2551995931289502,0.7,22,93.50169905346236,29.293940514368707,1,0
2,5,54.12396716278872,1,15,1,8,39.44884565591788,15,1,0,0.1445199048376903,0.7,22,95.28194917753345,48.24121082912518,1,0
3,1,50.3812968174834,1,33,0,12,37.919324192042104,33,2,0,0.194711499672138,0.2,8,56.119209067223295,35.26234030817596,0,0
1,1,50.90641529363697,1,371,5,15,39.48577279267009,371,2,0,0.4680876050017341,0.5,5,100.0,65.62405002824819,1,1
2,2,53.32324129267874,3,376,4,16,44.72752157122042,0,0,0,0.4377094038439062,0.7,21,100.0,63.228440085191224,1,1
5,0,58.48012573777052,3,14,0,11,67.1718841757762,14,0,0,0.12550671557778162,0.2,10,44.81026712507839,22.833372217931142,0,0
1,3,71.75958204952673,7,59,1,20,55.94571225974246,0,4,0,0.7746448020023222,1.0,24,100.0,63.80362396285507,1,1
1,4,62.21459168144694,1,273,3,12,70.51667754451734,0,1,0,0.2049104087851885,0.7,23,100.0,38.06921353504508,1,0
2,3,42.91991411196942,2,194,0,10,45.09534391508222,0,1,0,0.01797110697321263,0.5,13,72.5158243704702,40.464784375258134,1,0
2,4,57.25525543433004,4,20,0,18,77.37530348767758,0,1,0,0.532995447776819,0.7,24,81.01337690280386,33.957374972702475,1,0
3,2,68.28671853227725,4,13,0,18,43.38928488721205,0,0,0,0.440850366221602,0.85,19,96.05553070478618,41.98266471405206,1,0
4,1,62.723431613499685,2,315,0,8,77.11807014150257,0,1,0,0.08540794868714828,0.2,5,70.14370958621274,44.2507528728535,1,0
1,4,56.56679680201911,2,11,5,14,48.710641636320155,11,1,0,0.5883520641301514,0.7,2,85.7961803212436,56.432885878700965,1,1
1,3,59.63841091151828,5,69,0,21,57.01268282430325,69,0,0,0.07535867348667383,0.7,18,83.54433788056666,34.51907408594211,1,0
3,2,66.28984020490722,6,391,2,14,52.907398252864866,391,1,0,0.3147131459970401,0.7,16,100.0,60.931717147788575,1,1
1,2,47.81446387957582,2,326,0,21,56.68481786718969,326,3,0,0.2566438101026724,0.85,12,100.0,59.97862117627792,1,1
1,0,62.97059504362704,2,259,2,9,64.14931523564793,259,0,0,0.401837898521437,0.2,1,57.53001739845237,51.73268587974811,0,0
3,1,47.35255493566841,1,8,1,10,82.19168980306817,0,0,0,0.020199895532087987,0.2,15,31.525845224561657,5.403995555789381,0,0
3,1,44.35385438010533,0,792,0,12,65.30648419317573,0,0,0,0.16095583188416565,0.2,22,100.0,77.79200041480718,1,1
2,2,60.39758074402141,5,59,0,20,31.832843623362116,59,0,0,0.4500285073856006,1.0,9,88.51743924826141,51.454458356775675,1,0
1,1,63.08237422670232,5,32,1,10,36.65415641617765,32,0,0,0.7314636762344365,0.85,19,73.3678096689349,54.40163642825794,1,0
0,5,57.681868344322346,1,30,4,16,10.0,30,3,0,0.7202871942168585,0.85,12,100.0,66.60656592275033,1,1
1,1,64.5247686380068,4,666,1,17,35.084367551303465,666,2,0,0.022132737221264652,1.0,19,100.0,75.83201744930443,1,1
1,5,49.18255229305459,1,50,3,11,50.82920460207432,50,0,0,0.3888127908025626,0.7,14,82.0161031944745,39.94897556872896,1,0
2,2,61.65875092235148,6,191,1,20,40.453122068004234,0,0,0,0.7462203111881767,0.7,16,94.90320670497772,69.85889105378135,1,1
1,2,45.75493716935743,4,77,2,13,50.96593194094679,77,0,0,0.17804065590866736,0.85,13,81.32651194986252,39.500155471671604,1,0
2,4,70.54109821302549,6,179,1,24,28.862018592953238,0,2,0,0.26046431066741405,1.0,10,100.0,66.94360187930988,1,1
2,2,38.59441220904024,2,61,0,26,51.54912812376389,61,1,0,0.6456181316848413,0.7,23,90.9272769755695,44.5001227499722,1,0
4,0,38.9364331624477,3,178,1,13,29.68796408180442,178,2,0,0.4789112461089067,0.5,8,76.89861920451436,46.52240860323056,1,0
1,1,47.960027854988404,3,327,1,15,54.31658865136884,327,2,0,0.3958039491946305,0.5,4,84.77121981410417,64.85516090755544,1,1
1,3,57.53621675478709,5,264,2,25,48.83098520070542,0,1,0,0.09598204256698838,0.85,14,100.0,58.552406610987916,1,1
1,0,57.065370963367265,0,45,1,8,52.16735127099232,45,0,0,0.12979785282388276,0.2,11,48.83519554155576,30.49397624505331,0,0
1,4,41.32586651354769,2,3,0,17,44.065392732118205,0,1,0,0.2659336777729937,0.5,8,75.6008898358516,33.0117865427578,1,0
2,1,71.70725747395568,4,46,4,17,54.37056086788644,0,2,0,0.5276625807669467,0.85,19,89.478959577806,50.40749085212151,1,0
1,1,62.06201146197471,2,94,1,17,68.62915658340977,94,0,0,0.17775327883637349,0.5,8,74.09297855919351,41.0376358349099,1,0
2,0,58.93469564513534,2,84,0,6,71.26748287259053,84,1,0,0.02235935001583762,0.2,3,35.416483976617144,26.623688524465432,0,0
2,2,57.520344573695134,2,368,2,14,60.800756570634455,368,0,0,0.5533077375687381,0.7,18,95.49001548799185,52.62667310166007,1,0
4,0,58.68349983746259,0,116,0,9,54.28990015170243,0,0,0,0.28215383602413535,0.2,18,52.371285117745124,27.712051724833792,0,0
1,2,63.85513738496087,5,873,2,13,46.983857572562044,873,1,0,0.14398947296671902,0.85,21,100.0,95.37709097374263,1,1
1,3,60.01742583777317,2,70,1,20,27.191637482202736,0,2,0,0.28824322742577235,0.85,18,100.0,40.420465859769564,1,0
3,0,48.81728052618391,0,141,0,14,65.5270965583939,0,0,0,0.7467537877328504,0.2,9,50.54680489327214,44.84203309279115,0,0
0,0,47.72421265254716,3,74,1,13,69.0434962960058,74,0,0,0.4499782139298184,0.2,14,37.79497432233325,29.865391596347834,0,0
3,0,57.63445545010086,3,163,0,10,56.64532797425066,163,2,0,0.6891940051492865,0.2,5,55.53953865940406,46.918761185238814,0,0
0,3,68.29820304511857,6,236,2,15,10.960293951777615,0,4,0,0.27256531296456676,1.0,11,100.0,70.76461195924323,1,1
2,1,57.05575363731069,3,222,0,18,21.438750295990317,0,1,0,0.10117337833292644,0.7,3,100.0,49.225450076803675,1,0
0,1,55.532115505286804,5,421,2,18,39.53322439309851,0,3,0,0.4925405254729208,0.7,16,100.0,66.82619699959923,1,1
0,2,56.3763432836954,6,370,4,18,33.63980603121762,370,2,0,0.35038589626931677,1.0,11,100.0,71.69009112008507,1,1
4,2,35.0,2,45,1,11,67.42087336158438,0,2,0,0.02742238524756262,0.5,20,47.638169299778696,27.95785215289399,0,0
0,4,63.13746890882824,2,80,2,30,38.66607802090746,0,1,0,0.6879955436136101,0.85,10,100.0,56.064016601392886,1,1
4,2,45.16125503527208,3,369,0,18,34.209684637433945,369,1,0,0.2913193974746865,0.7,16,100.0,53.37375145539258,1,0
3,6,58.03944763689448,4,68,0,17,78.73576042587366,68,0,0,0.3588877658084054,0.5,3,87.98574469605428,36.97611433303338,1,0
1,1,41.62181655900007,0,6,1,14,62.7099860495114,6,0,0,0.47363530655782093,0.2,6,45.427453571606286,22.98206468352401,0,0
4,0,41.39325863233989,0,31,0,10,44.425648276987815,31,0,0,0.5276829924852184,0.2,16,41.96676478260019,31.366239478610353,0,0
2,2,57.020695371001636,3,51,1,11,41.5940136257584,51,0,0,0.11090334943192019,0.5,12,71.28002078310544,42.20714967157375,1,0
2,1,48.55431284686584,2,20,0,6,67.05039753929515,20,0,0,0.4207420203609016,0.2,5,29.311673770363214,33.21781517387873,0,0
0,0,56.252344069694864,2,314,1,17,32.581876620079456,314,0,0,0.6340498589391319,0.5,1,86.1835689295616,57.638973925069386,1,1
0,4,45.25592256568948,3,52,3,28,23.456133556849778,52,4,0,0.3381164770568595,1.0,2,100.0,48.79240336942912,1,0
2,2,60.053510567642,5,336,1,15,37.52618663362333,0,1,0,0.6617125161511919,0.85,8,100.0,78.31378603436971,1,1
4,0,35.0,1,157,0,13,95.39285386128194,0,0,0,0.14495902435949679,0.2,10,32.7053093649684,28.455707117912194,0,0
0,2,49.662249644818885,5,453,1,20,20.910691285257503,0,1,0,0.6370707926503301,1.0,4,100.0,86.98769844286312,1,1
4,0,35.0,0,7,0,6,76.51656184792468,7,0,0,0.18356403551275546,0.2,13,20.30487314485603,11.171408507070687,0,0
0,2,56.81009044286898,3,658,4,16,23.264917508886985,658,3,0,0.5507792028899273,1.0,2,100.0,88.50795842743086,1,1
1,2,57.109304098633544,2,51,3,9,55.51688598135433,51,0,0,0.2024707017255214,0.5,17,56.15008088176348,28.00589853274472,0,0
1,2,63.83060922831787,5,213,6,8,59.339110678513244,0,1,0,0.5756492139097492,0.85,6,74.76740662227523,59.800730998191135,1,1
2,0,40.86167843486574,1,146,2,10,62.465559373272015,0,2,0,0.7737466047351795,0.5,17,51.5323532396788,42.400981428854465,0,0
2,1,56.810092368286526,0,109,0,4,82.37864811675166,0,0,0,0.49765163282689406,0.2,5,39.11526516973174,28.614708849049514,0,0
1,1,48.42662812972986,7,331,1,19,53.42197294391606,331,0,0,0.32488612502371284,0.85,2,97.38399405443027,60.99953203095323,1,1
0,2,64.9688924535778,5,8,2,14,14.309870290163929,0,0,0,0.22563908197872606,0.85,17,92.0855865148731,49.249801655106936,1,0
1,2,63.90069606707137,2,75,3,13,51.83932059369383,75,2,0,0.08611966968479827,0.85,5,83.50406447459018,37.38118159302333,1,0
4,1,68.52982629135775,0,128,0,7,58.478664073793865,0,1,0,0.018758474963603524,0.2,2,68.68235853054829,22.622399178221645,1,0
6,2,52.35428110752021,0,55,1,14,56.89367566359398,55,2,0,0.5408326460503352,0.7,2,71.5549940842125,35.69298868974865,1,0
2,1,58.18731258981286,3,91,1,26,27.901543061104498,0,1,0,0.24451717794207384,0.85,17,100.0,47.549508349644334,1,0
5,1,54.37361004160918,2,277,1,8,93.26101961174473,0,1,0,0.28762223827050465,0.2,24,64.87909010656944,50.248363742475185,1,0
4,2,49.72830530398315,0,45,0,19,50.12166540107758,0,0,0,0.34271852845020534,0.2,19,68.36472018029104,27.61193412867414,1,0
4,1,53.96718387845322,2,174,0,14,65.24911061214506,174,0,0,0.00858488977618656,0.2,7,65.81357069555342,44.76483217182582,1,0
3,1,46.268732098975626,0,374,0,5,53.00302112912762,0,0,0,0.2831974988182368,0.2,20,77.77789179623885,44.148271471079426,1,0
4,0,48.49741514308941,4,104,0,8,71.74351299051659,104,2,0,0.25389428377881207,0.5,8,51.54025268040227,28.67395543700036,0,0
6,0,53.791765467540245,5,31,2,13,43.07510569625801,31,2,0,0.22815823724838524,0.7,8,65.26204987913007,28.684451491201873,1,0
0,2,52.791403944206124,1,333,0,20,76.4561086693959,333,1,0,0.2155364410467201,0.85,22,100.0,48.521000906132265,1,0
2,0,48.39589663348099,0,248,1,5,84.98907062849956,248,0,0,0.08621559580089998,0.2,18,42.981826503305,17.73040376379401,0,0
3,0,51.61948044702946,8,38,1,21,55.44667482871637,38,2,0,0.5513201740162345,0.7,1,75.58628680300717,46.2700341287784,1,0
1,0,66.74382691905485,4,585,1,12,55.1092745836221,585,0,0,0.21194749743167415,0.5,9,100.0,65.82899711686731,1,1
0,2,51.21093983390155,5,287,2,18,66.78323003704602,287,0,0,0.11016460817048346,0.5,11,91.15860900335599,51.83640369213626,1,0
5,0,41.53737005650074,2,281,1,17,58.07589697826458,281,0,0,0.2473088228848745,0.2,23,70.89253013058514,48.31261670878631,1,0
2,0,60.53297800530548,4,611,1,13,35.53026602530101,0,3,0,0.4085463474750456,0.85,19,100.0,77.257100198144,1,1
1,4,57.5085126047661,3,200,1,16,35.0975929169947,200,1,0,0.7860820067769193,0.5,17,95.91342900655965,70.52795638484858,1,1
1,1,59.92865332392193,4,275,4,9,38.34318203500804,275,1,0,0.5581649477308569,0.5,7,81.79650680308009,64.18878461104211,1,1
2,7,50.86094379968448,1,247,2,27,38.91551500655661,0,5,0,0.6545359833038167,1.0,11,100.0,83.83345323739275,1,1
1,2,49.55905474506632,1,189,1,18,25.552159813177596,0,0,0,0.5548028203520452,0.7,20,92.69881520360704,50.200197933286645,1,0
3,3,50.924067604066764,2,89,1,21,31.53712852359524,89,0,0,0.13204398732005942,0.5,11,91.93281971170494,44.742058540560095,1,0
4,0,70.28025580797222,1,27,1,8,32.3641134546868,27,0,0,0.029705750913187397,0.2,10,51.60395454845405,27.695572777851883,0,0
2,6,69.504952453252,4,842,5,23,52.19931184025351,842,3,0,0.8140290134125344,1.0,19,100.0,100.0,1,1
0,4,55.44104079917998,2,183,0,18,89.90757746641069,183,0,0,0.1642367823396684,0.5,9,88.91747443911909,37.20363076493041,1,0
3,1,41.0325534766268,0,11,1,12,65.26020322182595,11,1,0,0.023564316156472278,0.2,15,45.366916350559585,13.522184673986892,0,0
2,8,49.096293069556936,3,187,2,20,43.29635853095684,187,2,0,0.2229578197604831,0.7,13,100.0,65.9907909979389,1,1
2,1,64.40218409328243,4,218,2,21,39.52269921263838,218,1,0,0.23571589488075267,0.85,10,100.0,42.43813945812258,1,0
2,1,38.778897517476864,1,168,0,10,58.89161833003518,168,0,0,0.1841466661968254,0.2,2,55.57707537305568,34.46160111495232,0,0
2,0,50.228366294734386,6,597,0,16,48.005229142401966,597,1,0,0.3523941038874072,0.5,23,100.0,77.71917164793794,1,1
3,0,52.20718416598963,4,34,2,22,87.13523430043969,34,1,0,0.2477987208990785,0.2,15,51.433540694227645,28.398503782193494,0,0
1,1,53.87715409987395,2,1,1,20,48.45941736370253,0,2,0,0.4489191917814083,0.5,22,73.26758586557311,30.869332571994484,1,0
4,1,45.39539644559947,1,697,0,9,75.6717659801594,0,0,0,0.3830145709805829,0.2,5,80.43282404864193,70.9559691910833,1,1
2,1,58.42286596718681,3,117,2,17,29.270220945318997,117,3,0,0.2882967175762832,0.7,9,91.31736478399203,41.355870136834795,1,0
1,1,54.415724730544746,7,115,1,16,39.65849993171155,115,1,0,0.22245890452634848,1.0,13,93.41880271207309,38.80535204958191,1,0
3,4,53.03245159468208,4,55,3,22,45.914712156561954,55,1,0,0.250509441441245,1.0,19,100.0,35.599724434147106,1,0
0,3,74.01261333858893,5,123,1,13,34.424569633286794,0,2,0,0.4197091407653108,0.85,6,100.0,56.64995178172234,1,1
2,0,59.88634443183772,3,51,1,16,77.38976768251007,0,1,0,0.23102081005550384,0.5,22,60.71561714074984,26.45632768452811,1,0
3,1,52.42722932173013,0,312,1,7,41.59676172904676,312,0,0,0.17593495786369417,0.2,5,69.66618002807425,42.3811302881491,1,0
3,0,64.63300355965094,5,9,5,17,25.709427988828566,9,2,0,0.11602845392619844,0.7,4,84.98045754264515,37.01536255561434,1,0
3,1,46.81275051225037,1,138,0,9,43.311278744295095,138,0,0,0.4783476403470528,0.2,16,53.99052081930787,41.40201392499638,0,0
1,2,40.218053402765825,3,34,0,15,70.67045752552214,0,4,0,0.01431226105705608,0.5,18,79.99209839571235,23.85674896495521,1,0
0,1,47.08924614312598,5,170,1,20,50.34774141487813,0,3,0,0.22761425700997298,1.0,22,100.0,50.80042330453546,1,0
5,1,55.25204363075416,1,164,0,16,48.39853424256144,164,0,0,0.3773435766582078,0.5,9,70.38799585413769,43.756138784937804,1,0
0,1,64.05400398037267,3,306,0,15,57.678808096806456,306,0,0,0.4838083125756877,0.5,16,92.58949198371539,57.66951511956233,1,1
2,3,46.04568818962588,0,164,0,10,80.00305369912294,164,0,0,0.39294731714929204,0.2,19,59.32906833834435,31.462783656221106,0,0
1,0,55.320816870522414,4,17,1,17,41.075314189338606,17,0,0,0.5257288353388471,0.5,23,65.36086245695925,35.84680433403159,1,0
2,3,42.705537089492594,3,43,3,24,67.57458274227258,43,0,0,0.23896027229369185,1.0,9,97.90003387325083,40.99991802715621,1,0
1,2,56.938442437274816,3,373,0,14,42.51709144757042,373,1,0,0.32010994264461606,0.7,19,92.06864748837158,61.70396441337109,1,1
2,4,60.76530450154624,7,255,1,20,36.10800941559686,255,1,0,0.3772780274828375,1.0,22,100.0,72.54477610128775,1,1
1,5,57.281826713049284,6,103,1,13,10.0,103,1,0,0.5183465141919992,0.85,21,100.0,63.81911596247873,1,1
1,7,49.08058415225569,7,1002,0,14,10.0,1002,0,0,0.5444954174105688,1.0,3,100.0,100.0,1,1
1,2,46.48870910063556,2,68,1,19,50.75822941595001,68,2,0,0.45723108003250507,0.7,24,80.62510500818381,39.56174343274839,1,0
1,0,50.13312400488037,0,42,0,15,72.7148893314419,42,0,0,0.20429106445689313,0.2,12,51.79918292943021,24.483915619116132,0,0
1,2,46.2228011030929,0,71,0,11,80.40841896430882,71,1,0,0.27560298598698174,0.2,5,45.704304946509275,26.604884586394814,0,0
1,2,60.61890410938897,7,48,2,27,48.37629030509447,48,2,0,0.5533251796018726,1.0,14,100.0,49.46711153135572,1,0
0,6,52.79558367500128,9,318,4,17,28.073952225423113,318,1,0,0.17074948148645705,0.85,21,100.0,78.14948752315723,1,1
2,1,54.92232141586758,2,172,0,11,61.06317871900331,0,0,0,0.22247951389611978,0.5,19,64.18088619626923,40.08005689204128,1,0
1,0,56.10895603477646,1,24,1,13,35.06018077127452,24,2,0,0.201528105958683,0.5,8,73.06412836209432,24.56763117858545,1,0
1,2,53.59541694201596,3,159,0,8,47.45242420651693,159,3,0,0.3065281836613578,0.7,6,79.60171497589458,51.59136864292893,1,0
1,0,60.67896401091478,4,115,0,20,24.306018529802934,0,2,0,0.28626985302243435,0.5,7,89.46083538891169,45.23056978304912,1,0
2,0,53.840684797403455,0,80,0,10,75.87911619174113,80,0,0,0.13456885269986507,0.2,11,40.38098435044268,27.756363003564477,0,0
2,2,45.84485344861111,3,134,2,11,77.29076208744009,134,0,0,0.48639156747800816,0.5,5,68.09933299172026,43.74704728958626,1,0
0,3,51.138944669456784,4,73,2,16,67.49580523908182,73,2,0,0.11225574821286431,0.85,20,87.80411363682832,31.08330496967816,1,0
3,2,54.285174326107445,0,179,1,10,55.99960003252637,179,1,0,0.2831756961703215,0.5,8,90.79607184811398,36.400582103780685,1,0
2,2,43.749720640033274,6,670,0,11,62.12844372259945,670,3,0,0.6343166983476177,0.5,11,100.0,92.16383305662372,1,1
2,1,65.64192241719799,4,101,0,12,78.65395478942924,101,0,0,0.26265725805340046,0.5,19,67.01461593949558,37.895136051536205,1,0
2,2,57.95640805894708,6,159,2,22,74.39706237346084,159,1,0,0.691242131144663,0.7,12,80.78627385657246,61.69688261714699,1,1
2,2,57.10719094840362,1,70,0,10,66.75637092279446,70,1,0,0.06670616308101117,0.5,23,54.828364236072694,33.47456276302551,0,0
1,0,51.543615012429164,0,9,1,2,65.71374051828549,9,0,0,0.13166963861230516,0.2,9,27.02374862039801,12.592225996682469,0,0
4,3,59.07743267348871,1,14,1,13,89.76391014657538,0,1,0,0.1311521205636942,0.5,10,71.6762500659331,18.866584074649232,1,0
1,1,55.15924747471814,4,286,2,19,42.81680746376966,0,1,0,0.24223825477553948,0.5,3,97.58234679833302,56.87099778218868,1,1
1,3,59.01658805651287,2,368,1,12,56.42549997895049,368,1,0,0.6530515460521431,0.5,13,95.54124435246833,61.102344906965975,1,1
2,3,61.417509234548184,3,0,1,15,44.30040781643723,0,2,0,0.4821358868905622,1.0,15,92.52819808996526,44.29025878217932,1,0
2,3,55.72748298184562,5,79,4,20,26.460820538130807,0,3,0,0.6298792561079847,0.7,22,100.0,60.435646727142604,1,1
1,1,60.007906673866614,2,32,1,13,56.46500389911407,32,0,0,0.6686232231031831,0.7,3,61.78895435282167,37.79488270150329,1,0
2,3,61.36653760729595,4,120,2,10,51.18938786648531,0,3,0,0.5879860473823393,0.7,4,85.02066441033732,57.75722899380057,1,1
0,0,45.19558232188813,1,47,0,11,74.21329318568422,47,0,0,0.03788277462306712,0.2,6,38.075166407626526,12.231667264425727,0,0
3,2,37.31732047515716,3,168,1,11,70.41161475538976,168,1,0,0.4433372173680758,0.5,20,70.37803795189231,41.12278699901368,1,0
1,3,53.42438655017174,0,423,2,21,62.442696486120816,423,2,0,0.7352408074201171,0.5,4,100.0,61.28330510974888,1,1
1,0,58.96166842501913,2,88,0,12,69.68208755922946,0,1,0,0.20409328181060554,0.5,18,54.16796133578399,27.899827047037732,0,0
3,1,56.754881295666955,1,45,0,10,47.0873484857146,0,0,0,0.10673340660319301,0.2,18,49.66839965885401,28.703597255354563,0,0
3,1,48.25666375907177,4,6,1,8,59.25299823863156,6,0,0,0.3199590341372765,0.5,22,49.827742808985946,29.572447815848125,0,0
1,4,55.573635253092064,5,75,1,21,52.64782556404024,0,0,0,0.6648890931870044,0.7,24,85.99265974811914,60.24477292915062,1,1
3,0,42.91679404443846,3,65,0,12,76.44750537465119,65,0,0,0.3634354841754743,0.2,18,35.811621303106755,35.05080335071386,0,0
5,0,52.07550656734673,1,215,0,10,81.34805294788923,215,1,0,0.052769489926320516,0.2,21,53.199650139064055,25.55034052408166,0,0
1,2,41.52477128238023,5,86,0,16,31.826499356280806,86,0,0,0.5047323999188614,0.5,18,80.9712698866318,56.881571980491216,1,1
1,3,69.195137093754,2,200,2,15,48.079987654893394,0,0,0,0.3285803300085747,0.7,2,90.19882869862893,47.519622188782016,1,0
2,0,53.30151456453232,0,111,1,11,70.91732800950123,111,0,0,0.06726435797967599,0.2,4,55.61862242931511,22.33555964815244,0,0
2,0,47.55405236213649,2,334,0,7,55.43057586955501,334,0,0,0.030864805361122866,0.2,12,61.014910657690585,47.10469687476977,1,0
2,2,53.783077255267756,2,200,1,19,36.47686590507396,200,2,0,0.7445622365154054,0.7,5,100.0,64.21511609662626,1,1
2,5,57.70000928381013,5,687,2,24,33.89445929555947,687,2,0,0.5627865440021833,1.0,7,100.0,100.0,1,1
1,3,54.15018177073045,2,84,1,22,66.72856078015951,84,2,0,0.6433736793528768,0.5,6,92.86887520876179,46.80327632211266,1,0
5,3,65.1470764142149,4,175,1,16,49.049706722988226,175,2,0,0.6219056525110934,0.7,15,100.0,63.24283658732032,1,1
2,2,40.63502855006427,0,38,0,9,53.784407924266134,38,0,0,0.4988732546480816,0.2,18,46.42481410549678,24.77390563506626,0,0
1,4,45.55493211989693,3,132,1,30,48.42830287104935,132,0,0,0.3596152277708344,0.7,11,100.0,56.80634320926433,1,1
2,1,35.0,6,13,0,26,58.640115707004206,13,2,0,0.2776539811926413,1.0,5,91.72708832282645,36.036300760412296,1,0
2,2,45.600029338425244,1,170,2,9,68.62807310990755,170,4,0,0.44893955882131986,0.5,8,73.45417802529978,39.5472713631909,1,0
2,0,68.5206847721234,5,428,2,12,14.265049796605926,428,3,0,0.23133209018966458,1.0,10,100.0,67.6977550253437,1,1
2,0,35.42404091885481,1,48,1,5,60.66929479403318,48,0,0,0.006357278425656686,0.2,18,30.203694427793295,20.2620715073862,0,0
0,2,63.95457954496087,2,202,4,24,47.19182998223978,0,2,0,0.5605936399113312,0.7,6,100.0,53.513047630853144,1,0
0,4,53.96021491330233,6,16,2,26,18.37993609277033,16,2,0,0.23924295391521783,1.0,6,100.0,49.70235183032324,1,0
3,1,53.08601238561227,4,27,0,24,49.34034973456284,27,2,0,0.16301637814578393,0.85,19,89.87756191814229,42.44737487219758,1,0
0,2,58.01204597001086,5,5,1,20,60.85901645710475,5,1,0,0.633036967843117,0.7,22,78.75435637973244,49.7221811604433,1,0
0,1,74.4527590114452,4,267,2,23,53.56768595936362,267,0,0,0.615403933998758,0.85,9,100.0,52.11503192661886,1,0
0,2,66.24662896527366,3,17,1,12,36.60272765964635,17,1,0,0.4441644357768218,0.85,19,78.62980955533014,46.43644314160517,1,0
0,1,49.960284411668034,1,120,1,15,46.838120028314584,120,0,0,0.15724302562036413,0.5,20,71.40431861625737,39.98987423408258,1,0
3,0,62.48076958857425,1,91,1,10,91.40155000153285,91,0,0,0.03926361494878042,0.2,16,43.560769886419514,15.466348904805491,0,0
1,0,48.65080900785203,2,281,3,12,65.24964259976359,281,4,0,0.3960466201216334,0.5,16,69.25962709092211,43.97500248719145,1,0
1,2,61.10205267034811,1,5,1,14,67.72929492439,5,2,0,0.6716006798435714,0.5,17,67.13625717876936,39.100619748691464,1,0
2,0,55.303512652766095,4,894,3,29,45.807199851536254,894,1,0,0.4845809777143052,1.0,24,100.0,90.1352426392482,1,1
3,2,55.87216504584413,2,31,0,11,63.46238529780752,31,1,0,0.2547876950624999,0.2,8,54.63459173538673,31.036704226366346,0,0
2,3,60.21729908741146,3,37,1,18,66.62335946727653,37,1,0,0.5977872509328158,0.5,6,67.83499863573518,49.72294352590099,1,0
4,2,45.0525079697823,1,56,1,15,53.21587868151528,0,2,0,0.7447546492026904,0.5,15,68.3157724149218,40.490294211773104,1,0
0,0,48.632251833252965,6,350,2,13,72.67699625629967,350,0,0,0.40851822983914754,0.7,10,74.71862761952481,51.968003250738064,1,0
3,3,73.75898149468827,1,7,1,14,43.91275892410283,0,3,0,0.24290371130911995,0.7,24,96.48551235332921,34.570103391015685,1,0
3,1,63.0144153943174,4,66,3,14,60.909052209929015,0,1,0,0.28360269942743055,0.5,7,64.94006866986385,39.47157038283733,1,0
3,0,51.68461630267425,1,150,0,5,69.93528932800098,150,2,0,0.3474019273558448,0.2,7,44.851630844552666,28.691503016407076,0,0
2,2,49.51495878146527,4,34,1,12,61.088201335103165,34,1,0,0.15719049441035185,0.7,1,58.64169328311934,36.92683290489019,0,0
5,3,66.70157921066517,6,1268,0,13,74.68492872632754,0,2,0,0.5196823064860623,0.85,21,100.0,100.0,1,1
4,0,61.29580903011064,0,182,1,18,34.668065042265226,182,0,0,0.2510344077591941,0.5,17,91.52022633795406,39.01392400255727,1,0
1,3,53.16599474446298,5,510,0,16,53.70519254230666,510,4,0,0.2698186854710116,0.85,9,100.0,79.63570726068559,1,1
2,0,49.68730638086725,2,193,1,8,42.784783897899715,0,0,0,0.07805920076403726,0.2,9,49.60581799531513,37.2070167825913,0,0
2,0,57.9345922357976,1,4,0,7,56.57790920009587,4,0,0,0.17797470482345956,0.2,23,36.37916340733633,22.51654111394583,0,0
0,3,48.032397250805246,2,62,1,11,56.595088103264985,62,0,0,0.4717381686279019,0.5,10,75.56756759259815,38.497216199430525,1,0
0,0,64.52026054032258,3,330,1,15,14.784292343901683,330,1,0,0.7930606349012521,0.85,1,100.0,63.15782269488796,1,1
0,2,51.08799012361684,0,71,0,14,66.15803078549442,0,4,0,0.15603692967940355,0.5,6,73.02203054682239,23.24894811595258,1,0
4,3,56.292418012019404,1,63,1,16,37.42382047530552,0,0,0,0.367034664230283,0.5,4,85.61987683305452,44.10529790119582,1,0
0,5,67.14746427234653,2,529,0,13,68.41878299003012,0,0,0,0.4080561746712751,0.5,22,100.0,80.4220634342034,1,1
1,3,60.717519437695906,3,167,1,18,29.601850745641364,167,3,0,0.1276637847881978,1.0,8,100.0,54.16104613661722,1,0
1,1,38.79320879828195,0,111,0,6,50.480921235051,111,1,0,0.12947602615145234,0.2,13,41.725405632930716,24.008529735455433,0,0
3,4,77.48959413002827,4,427,1,21,41.25206009788935,427,2,0,0.7682211846184779,0.85,15,100.0,79.63749450695781,1,1
2,0,55.90522714864493,1,20,1,9,60.88325814421242,0,0,0,0.006847801079799858,0.2,22,40.66885129467526,9.59491910348796,0,0
1,1,56.52945943734664,3,94,2,23,60.61020468019001,94,0,0,0.18539499959750397,0.85,11,82.18079345557346,42.0148456810851,1,0
1,0,39.74841878349095,3,192,2,15,34.19434551799175,192,2,0,0.38693979523978933,0.7,23,79.48134762967058,53.00119692516121,1,0
1,1,50.02122336195367,2,24,1,12,59.04092014099773,0,0,0,0.5287103302194816,0.2,3,51.62901042610732,28.399126195315645,0,0
1,3,57.35939381654824,6,1007,0,22,24.553024599375288,0,2,0,0.2219751738751113,0.85,19,100.0,100.0,1,1
3,3,65.45530930433947,4,73,2,21,51.876947404999434,73,4,0,0.5935845899267469,1.0,8,100.0,53.219208938182284,1,0
3,0,39.34144819786616,3,97,1,5,61.977900820566425,97,0,0,0.025231859538189363,0.2,13,23.062783559073267,27.29115454361169,0,0
1,2,61.48367550493556,3,150,6,24,42.490103272317945,150,0,0,0.4221696171318665,1.0,15,99.94513454797682,49.693403751610035,1,0
3,0,51.55861788687351,1,446,0,16,51.84734499925648,446,1,0,0.15161242606353376,0.2,11,94.4928004579859,54.21714561106031,1,0
5,3,43.24344121930766,0,111,1,8,42.23362958822591,111,0,0,0.14860561321503693,0.2,15,65.06898348363262,43.42666235015222,1,0
3,0,64.35182353726782,3,77,0,10,56.70023108072194,0,0,0,0.05887907892931763,0.2,5,49.42939704780004,18.274662421303226,0,0
2,1,45.18412585373686,2,85,1,20,17.45947369663063,85,2,0,0.5562302526843533,0.7,16,85.24941305779716,45.512313449394085,1,0
2,0,58.045801543609855,2,203,1,16,64.20674146946311,203,0,0,0.09362478629334502,0.2,10,63.591513532725,33.03274760258271,1,0
2,0,56.76386633079267,0,202,0,5,66.2323750643823,202,0,0,0.04983278228017809,0.2,2,44.3367272185276,26.885486278498394,0,0
1,1,40.11986899275083,0,178,1,17,27.079562355325482,178,0,0,0.20347906296461613,0.5,13,80.25716774602405,34.4348784953784,1,0
2,0,42.51452126396683,2,0,0,11,88.79433891459183,0,0,0,0.32353180717701396,0.2,5,32.12567724344481,24.6323982692233,0,0
2,3,60.9787400676981,9,701,3,18,49.58055789910556,0,4,0,0.35893536653321406,0.85,20,100.0,99.84525344301791,1,1
0,4,60.514350407173694,5,93,0,25,56.784366340420874,0,0,0,0.5105764957924366,0.85,24,100.0,54.72227144380504,1,0
5,0,63.24297829288309,3,201,3,20,47.57997913149412,201,1,0,0.34873613478039706,0.5,19,82.36270914845586,46.323969909652426,1,0
0,4,64.48211373086151,4,382,1,18,19.07357939579682,0,2,0,0.24864428930554552,1.0,16,100.0,71.58835672018967,1,1
2,2,50.73387912003506,0,7,1,18,80.47183199654646,0,0,0,0.2822656715299686,0.5,18,63.65263060298975,27.448137094068407,1,0
2,0,51.61914311774463,2,410,0,16,60.345436974900444,410,0,0,0.13777499927528716,0.5,14,100.0,44.585137687046206,1,0
1,2,60.03256748924837,1,16,3,12,61.881046718822034,16,1,0,0.2418535438990502,0.5,7,68.25477589652108,29.19059164874717,1,0
1,2,63.56687325554015,4,361,1,17,64.43047450709113,0,1,0,0.051059936837216775,0.5,9,100.0,52.57504603490737,1,0
2,2,46.672015915092246,1,267,0,19,80.93685853765749,0,1,0,0.4652307854177506,0.7,13,89.15991206776422,48.134398578044774,1,0
2,2,45.231208240095796,3,545,1,14,70.03517278621189,545,2,0,0.5008913838425374,0.7,21,100.0,69.89886276757802,1,1
0,3,58.811063917498196,5,104,3,24,51.49398575966367,104,2,0,0.5491927486288211,0.85,4,98.69952950033884,54.31554484089474,1,0
1,2,52.21127887894223,2,98,0,12,62.05133542219764,98,5,0,0.38037501781781885,0.5,20,81.16333755531026,43.401596371767035,1,0
1,0,35.76379756271503,1,44,2,12,43.58056145532957,0,1,0,0.3104034799795474,0.5,12,56.849138307962754,27.688659164892357,0,0
3,2,55.91983312620172,1,295,1,19,60.7490679855473,295,3,0,0.1309626413631991,0.85,10,100.0,50.86403446892298,1,0
5,0,40.13026208769817,0,216,2,8,58.08996245352472,216,1,0,0.05084802153028211,0.2,2,54.207080577741976,31.63283670121216,0,0
1,0,53.5714113742744,1,185,0,6,70.74391713322399,0,0,0,0.08324199876046931,0.2,21,37.08223258377964,28.038403270768054,0,0
1,1,48.116079274459565,1,58,1,17,57.25219992007153,58,0,0,0.3818367321720859,0.5,1,62.721937771212914,30.715888403806836,1,0
3,0,41.47769791755884,1,5,1,14,36.062262860972425,5,1,0,0.5746056118138839,0.5,23,59.94047748350953,28.46753708087728,0,0
1,3,56.10289244044492,6,65,0,15,55.50353507229695,0,2,0,0.6547329539966505,0.7,11,85.09811787526785,58.65505196921364,1,1
1,0,51.790380861974974,1,137,1,9,67.4237543268432,137,2,0,0.4811506502335061,0.2,23,51.282307670111656,40.664507458747,0,0
4,1,45.25396703049333,0,360,2,9,53.68814291993555,360,0,0,0.048138947354647944,0.2,14,70.67232396094613,35.71508653017329,1,0
1,0,52.14523678736627,1,103,1,16,68.09732566232988,103,0,0,0.1612911394660299,0.2,2,48.90219242297959,30.286489405538976,0,0
2,3,51.63505173433,1,118,0,17,66.74726710513742,0,0,0,0.5117694582772324,0.5,19,72.84727216859585,44.66271700448166,1,0
2,1,45.470531155572466,2,8,0,10,90.02841333277719,8,0,0,0.1516332817231085,0.2,10,40.13335173672855,24.51950651270306,0,0
1,5,51.78787468728768,7,49,0,13,62.13090510749251,0,2,0,0.6355071256535155,0.7,16,83.2783142382186,64.2460533285004,1,1
2,4,63.249689785359365,4,33,2,17,45.906796399275656,33,1,0,0.16586651795496696,0.85,10,96.73167095047026,36.66221324130036,1,0
1,2,68.95492756550901,3,253,1,18,40.218934922952016,253,0,0,0.5175939832491105,0.7,21,100.0,56.7656477428959,1,1
0,1,54.02003249093055,3,47,0,16,35.11546135640779,47,2,0,0.6800575413252957,0.5,6,70.55621255158482,51.749658423762284,1,0
4,1,55.78106871052922,12,7,2,14,60.52576809871258,7,1,0,0.7486178074071032,0.85,19,71.59447154148206,53.166826823926634,1,0
2,0,49.859751092794234,1,778,1,8,60.509791720608185,778,0,0,0.03426231422429413,0.2,24,90.23745709348995,61.18502266143018,1,1
1,1,50.55357534682306,3,107,4,25,27.741045202623738,107,0,0,0.6147582067724553,1.0,19,100.0,49.20136775058313,1,0
1,0,56.09260072875453,2,60,1,22,45.66069548060697,60,0,0,0.5016457826908269,0.7,21,79.31786211062858,42.17509023825736,1,0
5,1,56.93973482668015,1,279,0,15,62.438197433970025,279,3,0,0.026616262545087286,0.5,2,97.8402210818162,32.480245110100626,1,0
2,1,52.448457838706204,3,180,3,18,52.84406287950837,0,2,0,0.4594136462693412,0.85,14,92.86005025732631,40.004825158714176,1,0
3,3,64.31392871929884,4,263,4,14,56.243090869785945,0,2,0,0.28749961746847735,0.85,20,100.0,63.515062230436094,1,1
2,2,60.05388156591683,1,11,0,11,48.50553831811753,11,1,0,0.1416140586890259,0.2,3,66.82360321759369,31.824734266932904,1,0
1,0,63.05930475094917,3,187,0,11,24.49955165042475,187,3,0,0.26687898333451626,0.5,2,100.0,49.44228414201702,1,0
2,3,46.134851528462015,3,593,4,22,38.42427738681954,593,2,0,0.22073879591596754,0.85,24,100.0,74.87576143168421,1,1
2,1,62.38434668311921,0,71,0,9,64.36054117429458,71,0,0,0.5767832457946066,0.2,6,48.5475096192319,40.66663216095722,0,0
3,4,70.8688744800571,5,45,2,11,43.97047219292063,45,4,0,0.8210838996011645,0.7,11,96.55645921394238,51.41391586188384,1,0
0,2,58.147213246916486,3,29,1,21,47.72649075766391,29,0,0,0.6952901138903083,1.0,21,97.05930349213911,39.888424550476095,1,0
5,0,43.847935068327246,2,38,1,9,77.99025414433001,0,1,0,0.00017541758715053723,0.2,2,25.962538369523976,22.169891957393226,0,0
1,0,61.23547480541206,3,114,1,19,54.63255978224113,114,1,0,0.26637599991627314,0.5,24,76.66132502696715,38.945494574769306,1,0
0,2,68.92132678536042,6,297,1,25,25.228985005406354,0,4,0,0.22441884317313027,0.7,8,100.0,59.26124075495807,1,1
2,3,63.0819159996432,8,767,1,18,63.005428129917824,767,2,0,0.24094559930655715,0.7,9,100.0,95.58485500954521,1,1
6,1,53.24586926996908,2,188,2,15,59.3704247693635,188,0,0,0.19447154557484625,0.5,23,73.98592579474601,43.12532232729739,1,0
4,3,43.621397275818126,5,91,2,7,57.780360021934065,91,0,0,0.34309560989628,0.7,7,66.70514077873547,44.55008403426605,1,0
2,1,62.87325442162204,1,37,0,10,56.448046659960994,0,0,0,0.1236386453362903,0.2,6,48.96327809631489,22.429754289313117,0,0
1,0,60.26108777533372,0,146,0,11,63.998458380949,146,1,0,0.16602430884631905,0.2,12,53.34814316817255,37.34778550529772,0,0
3,1,58.03706571339547,0,244,1,5,99.23313955621344,244,0,0,0.3477899141603326,0.2,8,37.73313092315147,32.801317349352686,0,0
2,2,53.246729176644926,4,138,1,16,63.60613214171249,138,0,0,0.13675741723780002,0.5,10,80.23073053954307,28.855049603687313,1,0
2,2,59.576055652818724,6,209,1,17,42.368153589611275,209,0,0,0.037219863600774165,0.7,21,93.48875810890677,43.76405049382156,1,0
2,2,42.29894647755302,5,48,0,19,69.19020734389524,48,2,0,0.42317923906117605,0.7,20,86.29894745144617,37.48501442722832,1,0
0,6,60.13571445334027,4,394,2,22,64.00961722896956,394,3,0,0.18432260877048337,1.0,14,100.0,64.67591468511652,1,1
4,0,48.678767218967884,2,157,0,8,74.43002362902831,157,1,0,0.10325341923982631,0.2,9,35.2851597346157,32.62970213820783,0,0
1,1,50.33217231212695,2,168,2,12,70.22345880907028,168,0,0,0.07563276956877371,0.5,20,54.471459105475226,22.520445363611024,0,0
1,1,50.02992893724782,2,250,1,11,55.12452093835207,250,1,0,0.5581821524677465,0.5,12,66.74172108695747,46.71470943595931,1,0
0,2,47.37415324007408,4,43,1,13,38.58436351500167,0,2,0,0.5285954517789099,0.7,15,73.1987254499057,36.111186204787785,1,0
0,1,49.672869897989315,4,95,2,15,44.353871070395776,95,3,0,0.22090166705676625,0.5,13,74.17129249140413,45.73678605082099,1,0
0,3,62.38790485491313,3,55,4,20,55.19985254348704,55,1,0,0.5329941753503993,1.0,7,100.0,41.34400917954113,1,0
1,0,44.848622248619535,2,12,1,10,58.08999530457275,12,1,0,0.041079315768841426,0.2,6,46.84070895780947,19.45436055483708,0,0
1,1,60.59735236874768,4,477,4,20,66.68757695919692,0,0,0,0.4211374623378825,1.0,20,100.0,68.99206924949834,1,1
0,1,58.5458710034597,3,40,3,24,61.63578161720088,40,1,0,0.7774234317706051,0.85,4,82.46129202308464,39.55205911642249,1,0
2,0,38.23445152956164,4,75,1,8,43.3500710493004,0,1,0,0.19383833688240315,0.2,11,42.146587043950134,32.93923306677373,0,0
3,0,55.856080833278355,4,269,1,17,43.30472521963144,269,2,0,0.2473739962400141,0.5,13,83.6995626577704,52.092647700691515,1,0
2,1,57.52713586837527,5,142,1,28,62.42589254058758,0,2,0,0.15257625689257528,1.0,22,100.0,31.813167937579585,1,0
0,1,46.368850476547856,1,182,0,7,67.26214771174656,0,1,0,0.39586662430950476,0.2,23,53.467341820453925,43.992436930130694,0,0
4,2,51.80326203198261,3,15,1,14,24.275313273883853,15,1,0,0.35058021979903436,0.5,19,81.26164358082737,43.112440779172715,1,0
5,0,36.73246907292446,1,3,0,10,68.22730129024876,3,1,0,0.5247918611642479,0.2,2,36.818631195255264,24.20317999789454,0,0
3,4,51.82256284369821,1,186,1,15,99.04291734686885,0,1,0,0.5822340484536002,0.5,20,68.22833375017184,43.76800929197352,1,0
3,0,54.01111838487183,1,117,1,14,65.71050832666616,117,0,0,0.17906160704749946,0.2,4,49.38501323434921,24.04445955634852,0,0
3,1,50.982689910470285,3,124,1,14,63.1305680479131,124,1,0,0.09774441323022078,0.5,12,68.93763056306639,34.833468782776734,1,0
2,3,43.964300014138864,5,61,2,13,49.42875624950756,61,0,0,0.2573029092384911,0.5,18,64.3456573975836,48.65705421342523,1,0
1,1,55.803100848688565,2,81,0,16,60.24312094006108,0,0,0,0.1455426777826166,0.2,4,53.294625685575774,25.835698992472224,0,0
3,4,57.85040076570554,2,239,0,14,49.715532002745604,0,1,0,0.024032868761672915,0.5,2,99.06234479882117,47.70818573446916,1,0
2,0,62.4752071854309,2,116,0,18,57.1657162597629,116,0,0,0.34490219990350024,0.5,3,73.0881696455232,41.30728410889207,1,0
3,0,49.75017733477874,2,17,0,12,66.84834491579771,17,0,0,0.16494722046519192,0.2,16,39.87074042223777,26.127390493782435,0,0
2,0,48.50304477168614,2,38,3,7,41.1060356548238,38,1,0,0.07001188983390472,0.2,9,43.15978345578415,24.070336803682338,0,0
2,0,56.00713823496224,2,18,0,20,71.04802612810218,18,1,0,0.23276809911670154,0.5,6,64.56874833086468,18.73576043780455,1,0
2,0,69.31313174614061,0,72,1,12,44.39347148175493,72,0,0,0.0502725508705163,0.2,17,56.08640131542723,22.440677782320247,0,0
0,1,59.51988689306815,2,92,2,17,48.722637264499355,0,1,0,0.3499126341113427,0.7,17,71.43421308064453,38.523893805336066,1,0
3,0,59.68407836914747,0,16,1,13,52.61497480831258,16,0,0,0.42290354765262245,0.2,15,47.955971980414915,24.193624274410315,0,0
2,1,51.57936076260777,4,546,1,11,41.781235837417775,546,4,0,0.5893432129455178,0.5,18,100.0,78.97833189605791,1,1
2,2,47.965312717407485,3,13,1,8,74.13846076826042,0,0,0,0.18123671285515788,0.5,24,44.54386824489274,29.675063245495274,0,0
1,4,50.50650207929659,5,671,0,16,41.14738372754412,0,2,0,0.17967463334649952,0.85,7,100.0,89.83818827942906,1,1
3,4,48.33827552807493,2,117,1,16,21.49828988298505,117,0,0,0.3415991599968484,0.7,7,90.09180025236537,52.34654814664634,1,0
3,4,47.437676022740064,2,75,1,11,56.345995555665304,0,1,0,0.7341000657282252,0.5,18,69.38981142215613,59.729333220716086,1,1
2,1,70.62094146811839,0,158,1,14,39.77993823562531,158,0,0,0.32844889376710185,0.5,1,85.22456166132694,37.606268074905095,1,0
3,0,35.0,0,98,0,6,83.92992107181387,0,2,0,0.2027914445714299,0.2,18,27.31276398306145,22.242805930485936,0,0
1,1,61.12192220014655,4,290,2,15,30.065264608146663,290,1,0,0.13745749411079097,0.85,14,100.0,63.4553106886001,1,1
1,0,52.53666636494099,1,155,0,11,47.953336996088964,155,0,0,0.12717623951653687,0.2,17,64.69801716564766,30.9623763707622,1,0
5,0,60.10914067105868,6,136,1,11,55.032562707939135,136,0,0,0.0643446732793149,0.5,19,60.22013265357344,34.57716097000703,1,0
2,0,62.23962840972714,0,148,0,10,74.02486114524476,148,0,0,0.014575051178447348,0.2,14,52.51227667032205,22.812815038305025,0,0
2,2,52.419567100562794,2,14,0,23,30.066518691996695,0,2,0,0.37288266218057176,0.85,7,97.89166086671031,45.63455937520719,1,0
2,0,48.44473370990489,0,57,0,8,67.53665730765081,0,1,0,0.045642623901677684,0.2,3,35.637409336781936,20.98582829565826,0,0
2,1,59.39021326448262,3,210,0,15,67.38094660289735,210,1,0,0.5645682437915059,0.5,16,69.0813201396769,49.108110136389456,1,0
0,2,58.99081584642279,4,174,3,17,39.68367222007085,174,0,0,0.20663775415019592,0.7,3,100.0,43.65362382074515,1,0
2,1,38.99473096959781,6,241,1,11,34.39530010656934,241,1,0,0.6402549705359917,0.5,9,78.6748321595455,69.05369411393626,1,1
2,2,52.5599109317082,6,466,1,12,38.67242150393839,466,1,0,0.5133171821089273,0.7,14,100.0,78.4745227736444,1,1
0,1,48.363109486345095,0,10,2,23,34.2554069585029,10,2,0,0.6188889434176839,0.7,21,91.33045807606142,37.60393609273946,1,0
3,0,52.18658253982711,1,197,1,18,88.12089884543809,0,1,0,0.3986054906264699,0.5,14,63.010429525525296,33.85233691646755,1,0
2,3,63.69985558619707,2,103,4,20,32.91865716355984,0,5,0,0.27752071842715015,1.0,11,100.0,48.21752501034495,1,0
4,0,65.7448906263429,1,82,0,11,60.98015355699855,82,1,0,0.3501331492380906,0.2,1,57.51679288661888,20.866066026213637,0,0
1,2,46.21427752619077,1,307,2,25,27.636561949407767,307,3,0,0.32743398028560977,1.0,20,100.0,61.59248316474748,1,1
1,2,48.556572963313904,4,10,0,15,51.67235802157472,10,0,0,0.15386226841562306,0.7,2,65.99135941958646,31.161267423957863,1,0
4,3,38.07298271285238,3,42,2,19,30.534512801137573,42,0,0,0.08616644914142756,0.7,16,90.09957184522322,32.358339987837965,1,0
1,1,64.76579002027177,2,212,0,15,66.32329513348003,212,1,0,0.43443107994728275,0.5,3,88.33259651252355,49.92944045620283,1,0
2,1,53.439299337581964,6,168,1,11,52.7200830749366,0,0,0,0.23392332148443906,0.7,22,73.18989916995282,54.615680865305976,1,0
2,0,49.895538812867166,0,265,0,16,28.591877639342876,265,1,0,0.13500069370301482,0.2,12,84.71701677311856,26.708326513553047,1,0
4,0,51.85436351833501,1,80,0,11,76.10624339970843,0,0,0,0.16666428978063075,0.2,21,43.11536136109478,23.04641102310316,0,0
0,1,71.26128621151112,8,33,3,19,61.71836362135116,0,1,0,0.4772155731163951,1.0,15,90.43818787902659,45.69584977894641,1,0
3,1,35.0,1,65,0,11,56.03689005831543,0,0,0,0.17569742132333888,0.2,12,51.454891872300685,26.136070522469048,0,0
3,3,50.8794894250745,5,74,1,12,49.49593742688103,74,0,0,0.21027161126280908,0.5,21,65.6979726673481,49.24271054784829,1,0
2,0,35.27708401777808,2,261,0,12,38.100400533853445,0,0,0,0.1741574465374259,0.2,16,68.43504258624117,42.48463827580453,1,0
4,0,51.71650343492466,1,4,0,15,63.830910713284254,4,0,0,0.7961957789177603,0.2,9,48.4074273382861,30.652035501823374,0,0
2,4,50.1534507136207,6,193,2,13,54.73062014043993,0,4,0,0.19135169214059156,0.85,10,98.55056414479944,51.242019153418966,1,0
2,2,62.76470074975269,2,278,0,18,40.626246685298376,278,4,0,0.4663170820165254,0.85,19,100.0,56.62911233406958,1,1
0,1,59.67710864281161,7,107,2,20,32.259189116388086,107,1,0,0.3614475564731965,0.85,19,91.0155633514218,51.77532468143723,1,0
4,1,48.97399002203571,1,281,0,9,52.82667395769836,281,0,0,0.013332914846243044,0.2,19,59.77289960618458,36.61900514915502,0,0
0,1,60.62603557325327,1,45,2,18,61.23967195191848,45,2,0,0.0559696792547834,0.7,16,84.9506592171899,23.254015499583076,1,0
1,1,51.41924835236314,6,565,3,17,62.12156645844422,565,1,0,0.2255321807450937,0.5,9,100.0,77.31486299807074,1,1
3,1,56.315836597890964,1,317,0,4,44.66214718863199,317,0,0,0.12951275645276486,0.2,17,68.55032825031317,47.4460728030876,1,0
4,0,43.39177544451504,1,312,0,8,89.88841327854557,312,0,0,0.3348178241124496,0.2,12,58.92716960437948,37.728035119569405,0,0
4,1,60.410919188151595,2,5,0,11,62.56614939694402,5,0,0,0.35825981507310173,0.2,6,39.793358904736834,28.67532887352175,0,0
2,0,60.034367346875285,2,5,1,10,42.74321856744848,5,0,0,0.3053474392628055,0.5,9,54.034981691930795,31.29837373207016,0,0
3,0,36.59592319171606,3,152,0,8,59.31846862418767,152,0,0,0.16118889180970167,0.2,9,46.2368627236631,38.55593432458564,0,0
3,0,63.707231912408226,0,47,0,7,33.98584247608599,47,0,0,0.40763680735903607,0.2,2,49.15482874824867,30.392360894209347,0,0
1,1,59.732617917930526,4,186,1,11,38.40485115152222,186,0,0,0.1478419838594421,0.5,21,82.64342352448136,40.012857618639714,1,0
4,0,51.40452113979829,2,277,2,10,22.990069119989244,277,1,0,0.10409684870010852,0.5,23,80.42416983653762,41.098563419704824,1,0
5,0,54.06334311229073,2,115,0,10,65.8139704188022,115,0,0,0.11288635380371266,0.2,6,44.73884052157672,25.214043212731685,0,0
1,2,50.03533342943871,3,285,0,8,65.06368796524342,0,0,0,0.3360515329541615,0.2,4,67.59558137230626,54.18550697060657,1,0
1,1,56.71834668485832,7,101,1,15,41.05873806880247,0,0,0,0.4027581804114943,0.85,16,75.21980656315097,48.491033767350324,1,0
0,1,57.68908687090048,1,231,0,15,50.040503622335635,231,0,0,0.14046783513896677,0.2,24,72.09897787898686,44.91958512092076,1,0
2,3,65.09600709423862,3,772,1,13,63.238835986942675,772,2,0,0.44546530908476417,0.7,22,100.0,96.16718895382618,1,1
2,1,66.1980533105477,2,563,1,11,53.8237070786399,563,0,0,0.7471934171729859,0.5,22,100.0,75.24524550381359,1,1
0,4,49.48266894182533,6,26,1,25,30.460157832541622,26,2,0,0.543283035668083,1.0,4,100.0,69.55915069494426,1,1
4,0,53.82626010259175,1,12,0,4,85.52786068450449,0,0,0,0.06759503330288812,0.2,17,25.827896105010055,12.757185859558348,0,0
4,1,56.444785564464084,1,94,0,9,62.36670986203714,94,0,0,0.33101836476540275,0.2,18,47.36456594851795,28.25866800043542,0,0
1,2,55.407905516203684,7,191,0,14,42.87255401199407,191,0,0,0.08324888390083623,0.5,18,87.77037463842316,52.50248070726812,1,0
2,0,62.14100015978225,1,16,1,8,93.44216346510588,16,0,0,0.23029502434490415,0.2,10,33.01565358329411,10.70192264882926,0,0
2,4,77.78364160048747,6,9,2,23,37.54858295550361,9,2,0,0.49856317783699544,1.0,24,100.0,63.12056071525064,1,1
1,3,49.23073180199132,1,5,1,21,46.00773746958032,0,2,0,0.6554530750813006,1.0,4,97.0393877970424,43.47402963524423,1,0
0,1,39.85686315230767,2,115,2,10,47.108850306839884,115,2,0,0.261164416315053,0.5,6,59.8690092419197,42.403328779432655,0,0
1,2,43.285601206842735,1,44,1,10,68.2515232586822,44,0,0,0.2464752767371078,0.2,13,54.63691724716171,20.95120777332222,0,0
3,6,63.47439189426595,3,688,1,24,58.68996944154788,688,1,0,0.519857811038055,0.85,17,100.0,100.0,1,1
1,0,46.06749889259102,0,91,0,13,43.90407014839221,91,1,0,0.06875911895969254,0.2,4,45.94052646030761,27.019940717469826,0,0
1,1,51.632838451970436,0,7,0,3,70.28621518846072,7,1,0,0.023641429699409956,0.2,13,32.7283666070519,10.056042278212354,0,0
1,0,51.64248267158287,1,69,0,9,56.65913331364058,69,0,0,0.014061077916938825,0.2,12,47.18276868145977,16.001755062055047,0,0
1,4,48.436016623047564,2,212,0,14,51.22901639405577,212,3,0,0.4660581257793153,0.7,15,97.15306952855116,58.6138094517165,1,1
2,2,56.11575405706119,2,83,0,20,68.36947707142893,83,1,0,0.6558112405078478,0.5,19,78.62504913839655,48.719590332628655,1,0
0,5,55.74529590988912,4,313,4,13,58.086881455801674,313,3,0,0.19584216510974908,0.7,18,100.0,61.12255533600741,1,1
4,0,56.45771343530545,0,128,1,7,54.769095571445746,128,0,0,0.2505420799286815,0.2,7,50.3592503273126,29.862072322202394,0,0
5,0,53.84913454436633,2,31,0,16,66.69826791749755,0,1,0,0.6344516773884006,0.5,19,68.62760458935074,32.726336879291885,1,0
0,2,48.43762129958904,3,242,3,8,51.73962204594286,242,2,0,0.2155296774382901,0.5,2,81.27772875334885,50.958754119302064,1,0
2,1,49.73154357195831,2,143,1,11,55.81529694105491,143,2,0,0.5074077744441011,0.5,16,73.07375528513214,43.08083634928133,1,0
2,1,63.354517997072435,9,238,2,20,50.242343367457565,0,1,0,0.3814787144437513,0.7,1,100.0,62.05072500062452,1,1
1,3,66.74242863091253,5,55,1,21,58.77933883457394,55,2,0,0.6117693980626442,0.7,5,97.63979837028702,45.767649455001205,1,0
0,1,58.732660217663316,1,78,2,20,41.87669487474056,78,0,0,0.2918847810258095,0.7,22,73.49901101008571,31.621377892282176,1,0
3,4,53.348139988617696,3,49,3,10,37.88187255675619,0,0,0,0.1571002564997501,0.7,10,77.6591862574897,51.00085441721093,1,0
2,2,52.14124449457916,2,15,1,5,59.22115859404633,15,0,0,0.08044561370042226,0.2,22,46.85985924708781,36.603063946408625,0,0
2,1,63.07562729610175,5,64,1,13,51.88362814184305,64,2,0,0.5018397020001149,0.7,7,72.70514288428323,52.883920596503934,1,0
1,0,63.567577605249554,1,39,2,8,50.79372748025218,39,1,0,0.32482438261816904,0.5,1,55.98928626522298,23.504175817327322,0,0
1,7,59.93045180282194,0,21,0,12,35.51277475651196,21,2,0,0.6710664967786488,0.7,17,94.86422468165776,64.03926449115646,1,1
1,2,63.952897358826576,1,198,0,13,25.720039957975686,198,1,0,0.47572928682856347,0.7,24,99.71478030724509,49.104478201952155,1,0
4,0,56.27864196919201,1,6,0,16,58.48557383570288,0,0,0,0.1400376633896048,0.2,8,49.40188095478275,12.31045784934727,0,0
3,0,54.416043607482784,2,12,0,13,37.85896267337871,0,2,0,0.0037716018019792225,0.2,17,56.43279387220098,18.494133807571735,0,0
1,0,53.44915987329943,1,306,0,11,52.16398799216253,306,0,0,0.18174455529304545,0.2,3,72.88608718952796,49.75603426499855,1,0
2,0,49.443206600305594,1,453,0,13,56.23814207379386,453,0,0,0.15256137515995385,0.2,8,71.91460822330421,62.73165472433315,1,1
3,2,55.11340835516569,3,446,0,24,68.99193782999495,446,1,0,0.22886144279228776,1.0,1,100.0,60.48790772651316,1,1
3,0,45.60422045084357,2,54,0,14,69.06199580629166,54,1,0,0.5362460172692479,0.2,4,48.52229617479853,30.836611499940076,0,0
3,3,38.651867421412504,2,78,2,15,48.45385299584103,78,2,0,0.22697229944952643,0.7,9,77.52655710766695,39.35554168789914,1,0
3,1,69.92148114697703,3,240,0,16,75.89618829844187,240,3,0,0.6541222925716851,0.85,6,97.5979585059042,46.618321881476916,1,0
2,3,57.42333890019588,2,8,1,20,47.12887573223309,8,0,0,0.7941303834460987,0.7,12,88.85960392249599,52.45107250291197,1,0
1,3,54.91064974917715,4,152,3,14,23.24336512084119,152,6,0,0.36153084962255766,1.0,13,100.0,61.07769586612733,1,1
6,0,60.3202260947437,0,162,2,8,59.340476197859864,0,2,0,0.313012040773228,0.2,19,55.25690680697774,34.228113439090855,0,0
1,0,45.86013020105101,1,255,1,17,44.547663472689656,0,3,0,0.48004192551003494,0.5,18,84.74899312056064,45.644511890064024,1,0
4,2,37.902727597787226,3,122,0,10,69.8836067433075,0,0,0,0.5703304571655935,0.2,23,59.102043086043196,52.11582337700276,0,0
0,3,66.91681973876788,3,101,4,16,52.740982505008766,101,1,0,0.41971328928039875,0.85,21,99.81418424243554,51.65831207566292,1,0
2,0,58.45399708478588,1,197,0,4,44.641252519306065,0,0,0,0.22580191717573184,0.2,19,56.62469029876305,33.16645770097732,0,0
3,3,45.792088743052695,4,107,0,18,63.269447250310634,107,1,0,0.37552021566102817,0.5,7,78.85908748035855,44.66853568772825,1,0
0,2,55.981347725563175,1,505,0,17,37.48214971879753,0,1,0,0.44300348930538785,0.5,13,100.0,69.92858933564592,1,1
3,3,52.50264813993114,5,488,3,24,49.17992443346543,0,4,0,0.7562143037207681,1.0,10,100.0,88.32540090946773,1,1
1,2,46.421113664204654,2,85,0,13,38.526445867167254,85,0,0,0.24829177164856056,0.2,18,58.2504550616231,42.54752807350994,0,0
2,4,65.4684438576153,2,274,0,16,26.86811513105697,274,1,0,0.4502909760872178,0.85,3,100.0,64.04458616453861,1,1
2,4,57.6346817065163,4,323,1,16,12.064437637218457,323,5,0,0.7737783694193567,1.0,6,100.0,79.79458206310257,1,1
2,0,47.45829738389303,2,10,1,3,67.46334884005702,0,2,0,0.32252906513002827,0.2,15,28.328887098919793,26.13665802313194,0,0
2,0,54.13647483656709,1,21,0,7,52.11664807419542,21,0,0,0.00613421476576665,0.2,8,46.83768088689223,12.177678860911099,0,0
2,2,62.594164249850145,4,335,2,13,86.29932943306235,0,1,0,0.35316214032020266,0.5,14,79.42187177435525,42.653225815749636,1,0
4,2,58.25664643110727,2,684,2,19,35.23685865352721,684,1,0,0.07424335065436832,0.7,16,100.0,83.20187660467943,1,1
1,0,55.2446836670023,0,114,0,7,72.12176640862268,0,0,0,0.07255112784901832,0.2,9,44.40961438255593,23.24194739154398,0,0
2,0,64.21829655489657,3,206,2,15,47.46289167705365,0,1,0,0.259280487277261,0.5,6,84.35827983953051,35.40934123861322,1,0
1,2,53.571124071450534,4,113,0,14,77.77062350482024,113,1,0,0.6482022427229748,0.5,3,70.19849258725736,53.595999254730785,1,0
2,0,51.58732697230636,0,53,0,13,93.58590193942123,53,0,0,0.019043814874700034,0.2,2,33.63122710628836,7.847863506075299,0,0
3,0,71.71988720479895,1,291,1,15,43.259677466025956,291,0,0,0.12537682282392434,0.5,4,88.63563893566635,42.391658115904484,1,0
2,1,58.49836773083325,2,608,1,17,47.62547629621232,608,0,0,0.6041129052620274,0.5,16,100.0,76.16041776030178,1,1
0,0,46.98401037456581,1,71,2,4,77.21826544036578,0,3,0,0.3351525815860697,0.5,12,38.3240227366731,28.300720718087387,0,0
5,0,42.838163608878695,5,82,1,13,33.17763979831982,82,1,0,0.555066311377677,0.5,16,67.41241576538495,44.37089840025399,1,0
5,2,54.44734363838454,4,1,0,10,36.49520591848761,1,1,0,0.243639432077332,0.5,19,64.21759789485426,33.292663210341814,1,0
1,2,65.30997377236484,2,27,0,19,52.33036147145419,27,1,0,0.5281118207693624,0.85,10,86.05899386207118,35.664305550844375,1,0
2,3,60.137899427830284,4,25,1,23,25.647624225058095,25,1,0,0.34420790581704536,0.85,14,100.0,49.11507883139097,1,0
1,0,44.2754138981651,2,205,1,12,57.62862166076363,205,0,0,0.07777560331377573,0.2,16,47.90793529267242,30.11191059457693,0,0
0,4,51.236648017748486,5,243,1,18,58.3788589110417,0,0,0,0.07514343920321925,0.5,22,95.28363473102128,51.21741099497227,1,0
3,2,45.076050026473254,2,170,0,13,68.6500171268554,170,0,0,0.05895329584353406,0.2,12,65.35749649609704,41.43432762280988,1,0
2,0,50.42868159196222,2,359,0,19,44.123820311691986,359,1,0,0.19550214000529367,0.5,23,92.54287945699346,47.05203416004649,1,0
6,0,61.050233313259135,1,2,1,16,52.385995711924245,0,0,0,0.37498513143892404,0.2,7,51.885229804901805,30.62063321204105,0,0
3,1,74.7273550416258,7,84,2,21,30.2203017753067,84,4,0,0.6342584814019534,1.0,24,100.0,57.90667239101693,1,1
0,3,50.91196852362772,2,420,0,10,55.05710251342189,0,0,0,0.2947837622516168,0.5,4,96.45391500486964,62.39962269139543,1,1
0,6,59.29386337075921,3,497,1,18,43.717991442171446,0,0,0,0.4329733921522284,1.0,6,100.0,86.67501990048135,1,1
2,3,45.98999886906715,6,213,0,25,26.081489059238315,0,2,0,0.6080029326143305,0.85,8,100.0,73.35707870701478,1,1
2,3,50.081076637519494,3,196,2,20,61.42061317719636,0,2,0,0.0597882432145335,0.5,5,88.31919556129884,42.299551538513654,1,0
0,0,52.460358585857485,1,377,2,11,68.49831575801491,0,0,0,0.22040267774849207,0.5,24,76.41405036609378,39.13955247242466,1,0
2,0,41.92746913141195,0,146,1,5,65.38981462946064,0,0,0,0.07932940511378478,0.2,1,40.21434164810055,24.48126892545065,0,0
3,1,51.811220610828194,7,209,0,11,81.60570104597946,0,3,0,0.1916443189479909,0.7,16,74.04593203272631,53.58735939998991,1,0
2,0,55.735954924097506,1,212,1,11,62.023723805678976,212,1,0,0.5170339312708357,0.5,23,70.18108943500606,40.76248390144549,1,0
2,0,57.193730460464565,2,124,0,14,62.067909806091066,124,0,0,0.1374712620157127,0.5,20,69.88287094024378,30.446244763322106,1,0
2,3,66.02773341480778,6,105,1,20,44.44038534950358,105,1,0,0.7353607640908302,0.85,15,100.0,67.49659195539942,1,1
1,1,59.54282427601535,2,63,1,14,58.58757811995875,63,0,0,0.2955729472769671,0.5,19,69.72878774316302,28.55281288267903,1,0
4,1,57.6553637134057,0,43,1,11,58.86920999215296,0,2,0,0.5786392678824726,0.5,2,68.29671620674745,26.966374469593752,1,0
3,1,56.37631295317242,4,1270,3,20,49.729706978715996,1270,0,0,0.509368978903325,0.7,4,100.0,100.0,1,1
2,5,68.93139868394111,3,363,1,28,56.79642817832325,363,1,0,0.8059842796447981,1.0,11,100.0,80.96902146315122,1,1
1,4,70.81209374003927,5,197,3,18,53.97028606545686,197,7,0,0.3334477269268541,1.0,9,100.0,58.103731879421616,1,1
0,2,48.96291262117511,4,16,3,10,28.236506905667884,0,2,0,0.33226140789838937,0.5,18,65.16179329578102,46.81697742264218,1,0
2,2,66.59864320117266,4,280,0,21,57.6128491631786,0,1,0,0.623940853787223,0.85,5,100.0,60.91630971772747,1,1
5,1,42.98038020860135,0,131,1,11,78.92136642260823,131,0,0,0.18494030679256324,0.2,20,49.77154418938618,26.162823268049916,0,0
4,2,54.54078876535677,1,807,1,9,66.91487602201404,807,0,0,0.042332926628279595,0.2,18,100.0,73.95171511315267,1,1
1,3,52.29404948374639,1,10,0,16,50.29544240230396,10,0,0,0.33268396056970984,0.5,1,68.88665138439085,27.66816970936981,1,0
5,2,61.04090698393844,6,205,0,19,45.948218771189936,0,1,0,0.27525270780088745,0.7,23,92.87615091837792,47.973983211053806,1,0
2,0,41.542744665267016,1,21,0,11,55.711247378161715,0,0,0,0.03577038820920752,0.2,9,36.520810019342846,26.714337182104337,0,0
3,1,55.988838789530426,1,120,0,7,67.97543674199534,0,2,0,0.005236044546167363,0.2,22,55.46161626787969,23.727021176947726,0,0
3,3,52.2124579967761,3,121,0,20,69.8037278992473,121,1,0,0.7176338901910506,0.5,17,86.44011670914699,48.44835162471237,1,0
2,2,53.9350667451287,3,42,2,15,26.010548692477688,42,1,0,0.2790446167289619,0.85,10,76.56274809390221,36.505840971112974,1,0
1,3,56.54060670832492,6,435,1,21,36.66794819877103,435,2,0,0.503260894797983,1.0,23,100.0,84.61741308830294,1,1
1,0,53.536969894714616,0,9,0,10,60.2647038450569,0,0,0,0.03425521703018132,0.2,19,29.324539867010902,1.3975781206569504,0,0
1,0,71.02243792011258,0,9,1,6,38.14099552878734,0,1,0,0.2504983352340997,0.7,2,68.24300593636636,25.335031437719408,1,0
1,1,60.88404352988104,5,191,3,21,60.96690027856927,191,0,0,0.2340813472607203,0.85,16,99.00301906391839,41.0079893662858,1,0
2,0,54.383829741398856,2,160,0,8,71.41732511730969,160,1,0,0.12363119546609459,0.2,23,43.12821932339695,33.07386995532371,0,0
2,0,50.40283411051134,1,46,1,14,51.88676005049638,46,1,0,0.49869950171617394,0.5,15,59.94177912365325,27.861289690844245,0,0
1,0,62.93796173314676,6,262,1,17,60.98751343191763,262,1,0,0.5882788047596035,0.85,7,88.12741849543524,60.390266351698614,1,1
3,0,39.62060026033045,1,89,0,9,45.88519591036412,0,0,0,0.3376419807526962,0.2,7,37.61125553216829,28.56858777761234,0,0
0,2,56.689361254191766,6,165,1,17,42.79532188578989,0,0,0,0.08261119900768721,0.85,13,83.58965220963299,48.45072581010528,1,0
2,1,49.85086038945626,4,327,0,9,38.227007439316615,327,1,0,0.22682098822604455,0.85,1,90.60014586120833,48.805787423418344,1,0
2,2,48.94308921769562,3,80,2,23,34.713561425926486,80,0,0,0.19074605273470058,0.7,18,92.59913909598328,39.223247476398214,1,0
2,4,46.16613196259472,2,329,0,13,66.70935120263599,329,0,0,0.19078786114687726,0.5,15,95.79660556494706,56.14949282249802,1,1
1,7,57.636534892018574,6,475,2,31,44.11193509275651,475,1,0,0.3271776458692244,1.0,15,100.0,81.17001230007685,1,1
6,0,40.13398702721406,1,156,1,8,30.585308162390042,0,0,0,0.7321512967708548,0.2,2,55.60694219755541,48.548278526386,0,0
3,3,48.42925132362093,3,287,2,11,43.96426690349223,287,0,0,0.32580581000381603,0.5,10,83.62460923167296,56.81101089550065,1,1
0,2,54.53017873211004,8,30,1,27,30.583069714607014,0,1,0,0.5935727510765908,1.0,10,100.0,59.386730583993184,1,1
2,2,47.205676129851334,3,98,0,10,48.783459718606316,98,4,0,0.2246104446013248,0.7,5,76.0671216464056,38.19636360965039,1,0
4,0,65.9547393984607,2,240,1,13,72.89612550590371,240,1,0,0.11801374276307776,0.2,12,66.83651595283256,29.857659135250913,1,0
4,1,58.27992126940596,5,324,0,16,53.756176155229596,324,1,0,0.17856688778794946,0.7,22,100.0,45.580800387540776,1,0
1,2,48.853521600470955,1,25,4,11,46.28154598255682,0,0,0,0.3660892558206467,0.5,2,63.533770615590335,37.003936772282984,1,0
3,1,54.19368806662641,1,18,2,15,63.422579310706396,0,0,0,0.5008093582947555,0.5,4,47.286930029664305,37.84292450697472,0,0
1,3,47.79830144974254,3,225,3,11,66.91095723599146,225,4,0,0.10065774802145866,0.7,1,91.53022748273622,43.55905213254024,1,0
4,3,48.277369601890356,1,64,1,9,42.08976853493586,64,1,0,0.10766309459037397,0.2,24,68.37040122676206,29.591820329245163,1,0
1,1,55.065617908933554,0,6,0,15,78.43746615326582,6,3,0,0.7832147621450088,0.5,8,56.96966033195296,24.760197373595055,0,0
3,2,47.34605416794484,4,45,2,23,32.84441971294607,45,1,0,0.4953061277350569,0.85,12,92.79436825514176,48.77604200332794,1,0
2,2,56.40941883612596,3,262,0,15,35.30114275054427,262,2,0,0.6410536749479895,0.7,14,95.4915695049811,60.55666330037113,1,1
2,0,45.2908737378725,2,70,1,7,39.971036518703954,70,1,0,0.1459754816529054,0.2,6,46.4563118451619,28.510235666090782,0,0
1,2,65.82802636799802,0,108,2,19,30.875529049348955,0,3,0,0.729773787645845,0.7,23,100.0,45.71880662027983,1,0
0,1,44.513047959307045,2,170,2,24,46.50400663531823,0,5,0,0.3381545949987722,0.85,10,98.27083955919684,35.51474897018691,1,0
4,0,47.019749524128,2,39,0,13,59.96784082386142,39,0,0,0.02399810913670289,0.2,8,37.94582769766163,21.695030105654766,0,0
0,2,60.14036613933429,1,111,0,5,73.15244653272067,111,1,0,0.0003750511486620247,0.2,24,58.25518254144215,23.65476556775721,0,0
4,2,53.641502386642614,8,37,0,29,35.54340551395879,37,3,0,0.3561796969359733,0.85,2,100.0,58.374925590165454,1,1
1,2,54.81363686350758,1,222,1,14,33.4185334048024,222,1,0,0.20686897959260309,0.5,14,98.87630986949179,43.767532405157546,1,0
1,1,51.43897238988823,3,0,1,12,51.20350937802164,0,1,0,0.14420324552874403,0.5,6,58.58623167899642,36.632592735510656,0,0
0,1,58.57785397926341,4,137,4,22,55.48171247987611,137,2,0,0.2289669979885948,0.7,1,87.55956705210977,41.51134211075586,1,0
1,0,56.55699428577034,2,20,1,9,42.140246398024416,0,0,0,0.35918463968113046,0.2,18,57.61628608166841,33.34918088390139,0,0
0,4,46.79207988648676,2,163,1,17,43.25910260448734,163,0,0,0.08493381320062553,0.5,15,84.7073091102568,48.94699266447056,1,0
2,0,46.26631958890029,1,37,0,8,81.16340935440965,37,0,0,0.7938758599163108,0.2,2,27.23744643374879,43.25131198647825,0,0
1,3,64.43251848221102,7,43,1,19,37.00144472513046,43,3,0,0.5355225184696955,0.7,14,100.0,54.917418999159445,1,0
3,1,58.03503738128151,2,98,1,15,68.52827602311719,98,2,0,0.44396389041231993,0.5,4,79.7697479693142,35.91163218663562,1,0
1,3,61.05504050671701,1,130,2,12,58.777710983775236,130,1,0,0.4088547488071296,0.7,9,86.07003099989728,40.80811332253245,1,0
0,1,68.45853948764072,4,69,1,14,35.773342569872455,69,1,0,0.3828201571551783,0.85,10,83.5675373648653,51.00290925866091,1,0
0,3,62.62245176421509,2,306,1,18,47.96054749038524,306,1,0,0.07417975693116909,0.85,18,100.0,54.86186718509298,1,0
0,1,56.39204906362625,3,43,2,13,41.99423400416,43,2,0,0.23405949717435726,1.0,20,82.99829469150905,34.58990992232356,1,0
1,2,60.482983210712185,11,1766,1,25,38.03001010514622,0,3,0,0.2885054028681861,1.0,2,100.0,100.0,1,1
2,1,77.39504720372278,3,133,1,21,47.36704272098795,133,1,0,0.09365027572620956,0.7,23,100.0,42.07301733430502,1,0
0,3,66.09275382127578,4,12,3,15,79.3075422878054,12,0,0,0.407697841168272,0.7,24,72.63020594221861,37.12041316655053,1,0
1,1,69.9680291110681,2,267,1,21,48.392056275462494,267,1,0,0.3870460359254949,0.7,18,100.0,47.3162155822508,1,0
2,3,54.76238679399724,3,184,2,26,76.75442563764447,184,2,0,0.21498354214969587,0.7,23,100.0,39.47712256634157,1,0
1,1,52.51456500630573,4,326,1,15,54.973479852457714,0,0,0,0.6409294935532637,0.7,7,88.50690498071685,71.16628145488677,1,1
0,0,44.14578716456079,3,62,0,10,78.84094547709927,62,0,0,0.2838855622075187,0.2,24,42.30975108554257,23.51907091930796,0,0
5,0,35.0,1,10,0,8,51.9350863131424,10,0,0,0.10039613706959918,0.2,23,32.44528607811773,18.40863227741483,0,0
3,3,55.14622962717479,5,84,1,21,40.22681237141102,0,1,0,0.3048048720933092,0.85,9,100.0,45.53487822444512,1,0
2,0,59.39184445857754,3,65,3,22,51.46897074470346,0,0,0,0.24343068909585416,0.7,19,82.80114495844373,30.715143105008348,1,0
1,2,46.70481048099349,4,154,2,14,32.88139652211347,154,0,0,0.2958464727543658,0.85,17,80.37277398759696,46.881132965473086,1,0
0,1,44.72038479610749,0,138,1,8,40.1089336228889,0,0,0,0.492286143025047,0.2,5,64.91628835466307,52.45972783276894,1,0
0,4,67.34463016891549,4,18,1,19,63.5234759910597,0,1,0,0.22836378937043605,1.0,21,91.96699305475914,38.860267013044755,1,0
1,4,67.52020716314539,4,954,3,28,65.50498665904097,954,0,0,0.26427433576459647,1.0,1,100.0,100.0,1,1
1,0,61.53026603164638,5,221,0,18,47.49032476637322,221,0,0,0.589083524591438,0.85,11,93.36637101977335,57.6261015869956,1,1
1,0,41.369096178304936,0,82,1,12,61.18233665736511,82,1,0,0.23099077208216004,0.2,23,41.38209683991721,24.090453563795954,0,0
1,4,60.42873867869613,4,32,3,17,34.21070611751099,32,1,0,0.5134268507062698,0.85,14,100.0,56.33316305065959,1,1
1,2,49.11149985676555,4,69,0,10,63.19066705546709,0,1,0,0.10009259411022217,0.7,22,75.95479424367508,35.10033447655883,1,0
5,0,43.35572779669314,1,103,0,10,72.30851895930871,103,0,0,0.4398951451459371,0.2,19,43.34023834180247,25.708637688497383,0,0
0,0,48.15551335554664,1,171,1,6,83.66285294513597,171,1,0,0.22277187959515313,0.2,24,28.904099106400146,24.826607164628197,0,0
1,0,59.419115937237926,4,47,1,23,44.0134031188995,47,0,0,0.48306519990856706,0.85,11,81.88694296939993,40.73103233846718,1,0
0,2,55.045757693691584,4,149,0,15,35.44589736895502,149,1,0,0.18156782608167843,0.5,6,95.30384849123696,40.96710130415518,1,0
3,0,46.073595160832475,1,174,0,9,87.60546374908427,174,0,0,0.24626805795335707,0.2,20,38.303764343934375,19.575344273038407,0,0
3,2,61.51209209954137,2,236,3,13,72.46556955125405,0,2,0,0.29615465028088106,0.5,10,81.7644731403428,38.61900439736783,1,0
1,3,65.09553634303155,2,228,1,26,49.4857814207214,0,0,0,0.12185992131338463,0.85,23,100.0,51.35808106339233,1,0
1,5,53.38264502330026,3,696,0,26,72.27460792264523,696,3,0,0.8448369719898552,0.7,8,100.0,100.0,1,1
3,1,51.65961221470185,0,30,2,11,73.72322472382805,0,0,0,0.02679897765899971,0.2,23,41.993413317385894,23.94357392980026,0,0
2,1,54.78252690613488,1,87,0,12,28.322330298951492,87,0,0,0.20853356029565512,0.5,24,74.91804969995496,28.007255871755888,1,0
5,1,46.887233277604196,1,29,0,9,50.04553474440975,29,0,0,0.3716961776841184,0.2,1,51.074280310237455,25.98798844372785,0,0
1,0,43.80237234185251,1,0,0,5,58.45201625821919,0,1,0,0.027207772283654535,0.2,6,31.09335439082485,14.679398171068492,0,0
1,0,67.56952336617994,3,127,3,19,43.002608310273175,127,4,0,0.5126684469570094,0.85,20,100.0,46.42842895187195,1,0
1,1,41.64207147823016,2,194,2,14,67.82912895479582,194,2,0,0.4436272176401276,0.5,11,76.5332898520315,52.987694902064476,1,0
5,2,48.50293994214436,0,292,1,7,38.19010018511141,292,0,0,0.35503184791813236,0.2,20,68.0424413262889,50.82594387530607,1,0
0,2,57.63353008522651,4,52,0,21,44.679610888304005,52,2,0,0.23346968090745945,1.0,24,98.96277806910142,43.403136899112944,1,0
1,1,47.775204239939,1,102,0,13,60.910629409676986,102,0,0,0.11609702865558547,0.2,16,55.14310420353952,26.36942012537817,0,0
1,3,63.624484075564666,1,118,0,22,61.072200305425255,118,2,0,0.4367981422920585,0.5,6,90.15470701423729,42.95769877373734,1,0
3,2,55.44534567400373,2,223,1,16,84.97478642621512,0,1,0,0.36036144403213993,0.7,2,72.63695894442498,49.95124875654789,1,0
0,3,52.14406261079002,3,570,1,16,53.576288976095206,570,0,0,0.15520541853197267,0.5,16,100.0,70.12355224029194,1,1
2,2,67.57457627569018,9,13,2,13,41.6674913686916,13,3,0,0.14539703177951474,0.85,4,85.68521009271188,39.509825170771755,1,0
0,1,57.14638162485482,6,238,2,17,62.47088249765535,0,1,0,0.3896284662840407,0.85,23,93.8855144326692,55.16239845142935,1,1
0,1,54.07168879714287,3,213,5,18,52.47629603736889,213,0,0,0.5157516785544584,0.7,15,82.43214793776269,53.86878035675429,1,0
5,2,62.33418377144463,3,455,2,12,45.273358811412514,0,0,0,0.5968202600930301,0.7,13,100.0,76.82186027840758,1,1
5,2,53.32832032630627,4,225,1,22,47.28158291480276,225,0,0,0.42509075209922825,0.7,17,97.92582063117344,55.08737768977798,1,1
2,2,44.566567582586735,0,24,2,8,80.90777613015278,24,1,0,0.5817874521990578,0.2,16,51.904771907425946,31.209515433708248,0,0
3,0,38.30044881801455,1,289,0,5,72.32440189380883,0,0,0,0.3158000304407313,0.2,8,42.25533108283127,41.313819936805594,0,0
2,1,53.05386260112707,7,217,2,18,51.941454103431035,217,0,0,0.5684538374509058,0.7,13,85.36368246166478,65.34748355983233,1,1
1,2,58.7572977969463,2,272,0,15,29.025304417602175,272,3,0,0.5654414192689646,0.5,23,100.0,70.61197186336325,1,1
3,7,37.70249131636788,2,366,2,21,10.996854006835846,366,2,0,0.2766246063700746,0.7,18,100.0,84.7475219681388,1,1
2,1,60.02610478142402,3,67,1,9,45.05022520876086,67,1,0,0.26684998685219397,0.5,5,64.73187648306222,37.40997367689361,1,0
1,5,56.71445371943567,6,415,1,20,62.83523755938853,415,2,0,0.34281154910020517,0.85,9,100.0,79.52676998355305,1,1
3,0,69.57185513766069,4,101,2,17,52.83414049170739,101,2,0,0.3977723908626887,0.7,5,86.09439318887853,36.81334725632978,1,0
2,0,38.61822669194871,1,38,0,15,49.744574765736616,38,1,0,0.1496217459421324,0.2,2,60.62082471586144,30.80884756579554,1,0
5,0,60.370340931541946,1,691,2,13,82.47813228282895,691,3,0,0.4177938805125415,0.5,23,100.0,73.95902485495046,1,1
3,2,50.10607551431919,1,71,0,14,43.444266861574725,71,0,0,0.0560388200832892,0.2,4,58.64041712790352,29.505968850067,0,0
2,0,38.22699123812973,1,433,2,11,90.7999377432784,433,0,0,0.11750596451068743,0.2,18,68.4648906295119,46.71456150807473,1,0
2,3,48.87931742580877,4,213,2,14,58.02587532032327,213,1,0,0.17300424843144618,0.5,13,93.90830021827821,46.9554780534367,1,0
5,3,63.46363847883061,4,246,3,16,51.747676689707866,246,1,0,0.7337315175793572,0.7,7,100.0,69.35509688709972,1,1
2,6,43.238483502840275,5,294,2,19,49.695999413753825,0,3,0,0.08556335110350745,0.85,12,100.0,68.02555966815169,1,1
1,1,59.38679347515583,2,42,1,10,57.89889319171855,42,0,0,0.0044312280747493575,0.2,7,41.28467681646084,20.659175726479894,0,0
0,1,66.09251003107877,3,133,4,14,48.2813561695868,0,2,0,0.12226482124968924,0.7,20,86.61278068635049,38.17449270524155,1,0
2,2,60.76411189516965,2,175,0,11,78.40630238120252,175,1,0,0.25158533384932946,0.2,23,69.1036869339658,47.38794821021284,1,0
1,0,35.0,3,26,0,10,59.6081465340268,26,0,0,0.6035422031312315,0.2,13,37.73608037281845,39.953206885084796,0,0
0,1,72.22096044734178,3,137,0,18,37.134867679847844,0,1,0,0.08673224765664461,0.7,10,92.12084536572117,35.48787342423939,1,0
1,1,39.03118226125983,0,133,0,12,56.49993505906736,133,1,0,0.45023252170540273,0.2,12,59.52693526811066,35.49074319662943,0,0
2,1,48.852239360356286,5,264,0,12,59.540382751519104,0,1,0,0.22765635052947014,0.5,12,71.71091843418053,50.50556780417578,1,0
4,5,61.145239523264365,5,964,1,26,63.33631412561229,0,0,0,0.5881120089828159,0.85,19,100.0,100.0,1,1
1,1,60.121968459663,1,212,1,12,82.98860467631533,0,0,0,0.3502102214547472,0.5,2,69.19886509496307,34.88631002138503,1,0
1,0,56.15889739668703,1,165,1,11,38.3123561342298,165,0,0,0.020991349893989684,0.2,5,65.49768516923075,29.13859835943251,1,0
3,3,51.41709199339594,1,148,3,13,52.60798306434447,0,1,0,0.34417244756987836,0.5,3,69.07515243124388,46.34829645016137,1,0
1,4,60.56183286170135,4,345,1,26,39.925305012435956,345,3,0,0.29966628848519955,0.5,13,100.0,68.74364449927545,1,1
2,3,66.55857931418234,4,58,2,37,69.21733618780469,0,2,0,0.3781788000385181,0.85,12,100.0,38.82508469734063,1,0
3,4,60.87239557073488,5,210,2,19,80.54454514890585,0,2,0,0.2519394511893146,0.7,18,100.0,58.84498965509149,1,1
4,0,52.584704962097355,3,25,2,13,78.71422049710479,25,1,0,0.6016610557368721,0.5,18,50.66460343104982,22.067562745588507,0,0
5,1,53.947182389415005,3,282,1,12,49.236213872045425,0,2,0,0.37075065472963614,0.7,11,91.40919298422277,58.284034898205554,1,1
2,0,48.137609500038764,7,353,0,7,31.134908914334694,353,2,0,0.19878259276815616,0.7,11,88.82540098489531,58.832686225850885,1,1
2,3,64.17653150694514,0,39,1,18,43.33726063416816,39,0,0,0.0844659533850116,0.5,4,81.7394460666561,29.591417138792146,1,0
1,2,48.60707092012454,3,579,0,17,64.07828320702072,579,1,0,0.5220678755882439,0.85,22,100.0,83.92408789462186,1,1
2,4,40.75967317075545,2,126,3,19,38.15982349826823,126,0,0,0.6276926001794215,0.85,6,99.37693985844763,54.439268004761665,1,0
6,2,59.19521709117943,2,144,0,17,61.22396613289108,144,2,0,0.0987062435821876,0.2,20,72.12959275207277,37.506988132503636,1,0
1,0,35.0,1,45,0,11,45.134840061980576,0,0,0,0.0847719271659211,0.2,2,44.57012889225956,18.086448751882344,0,0
4,0,44.06369241937722,3,35,0,17,69.83327419342888,35,2,0,0.2472101921075215,0.5,19,55.148617004286436,26.956211173482153,0,0
0,2,49.11189877436851,3,10,0,20,52.22833584834426,10,1,0,0.053372276274514414,0.5,6,66.83078405354568,29.13818510064979,1,0
0,1,53.111193703292585,2,156,1,16,37.026905469200024,0,1,0,0.13439716683666747,0.7,22,81.95667503611206,36.60447967049384,1,0
4,0,57.38836781133889,4,64,0,9,45.962050827867344,64,1,0,0.25878547147107744,0.2,4,58.711774381967544,30.622948689138642,0,0
3,0,41.87102113930831,0,58,0,7,70.01782135917088,0,0,0,0.03824799693263176,0.2,9,39.84749276644893,13.008521021203837,0,0
3,2,55.780857817656724,1,86,1,14,51.55246664213125,86,1,0,0.783730946927199,0.5,13,80.57785025987803,45.862723629512814,1,0
0,0,44.62922514526595,1,420,2,18,48.38868072419535,420,1,0,0.15511904007920987,0.5,22,94.03474786172472,54.549775311944906,1,0
3,3,56.281469660316034,7,57,0,18,62.3240681754255,57,2,0,0.051396673300456094,0.7,22,87.11401498368187,39.77813166729592,1,0
1,2,50.811647570193195,3,142,0,16,71.93835499276031,142,2,0,0.5443449493180207,0.5,11,85.97320469505713,49.856765350392436,1,0
2,0,46.81058950052011,4,177,1,22,40.68582387481627,0,0,0,0.40337888503339814,0.85,14,84.0869727134694,55.1244624834315,1,1
7,0,35.0,2,283,0,6,42.62290918788871,0,2,0,0.37806088659472764,0.2,16,58.95205163644172,53.11743911829881,0,0
5,1,58.94615012371362,5,87,0,15,42.744897354480514,87,3,0,0.21682955171188137,0.5,6,85.92993685737663,50.887834554250574,1,0
2,1,60.50880758989124,1,556,2,10,53.064852058121716,556,0,0,0.10921514101104056,0.2,1,100.0,63.19037703876389,1,1
3,0,49.72164192275122,5,174,0,15,63.24526231606396,174,1,0,0.034932912314391586,0.2,7,62.37166973358289,31.28771012003473,1,0
0,2,52.135538857286924,3,0,0,14,70.17876164134327,0,0,0,0.05041393650452751,0.5,22,55.289970072188545,25.745601012101908,0,0
0,0,40.43423988005043,2,80,0,9,55.423126027412565,80,0,0,0.044662768341240486,0.2,3,47.23976756910379,22.185581721815915,0,0
4,0,42.798794103433856,2,52,1,7,34.7840384756354,52,0,0,0.16344826289189945,0.2,10,40.68250489665193,26.715111738170656,0,0
1,4,67.96485616624393,4,36,1,18,50.38255122376021,36,0,0,0.21782856816615367,0.7,15,92.78254770933535,36.82581437270335,1,0
4,1,50.60375475037485,1,87,0,9,82.65064208428916,87,1,0,0.05864510006509925,0.2,13,45.95339593604454,20.98594932173991,0,0
0,5,66.84778157435545,2,433,3,20,10.0,433,1,0,0.4613007428230323,1.0,19,100.0,83.4950609554923,1,1
1,2,60.72732380138616,5,27,4,19,40.002006490688686,0,3,0,0.697399039828885,0.85,21,100.0,48.491346417354684,1,0
2,1,51.202061943986905,7,66,6,19,54.95595030997292,0,5,0,0.4489750598211937,0.85,19,96.1050745853117,36.37102999890756,1,0
1,2,41.97427664433039,4,805,4,19,56.197199649465134,805,2,0,0.5550445228949134,0.85,8,100.0,93.66042733728338,1,1
4,0,50.01060639409813,2,235,1,16,57.60632507664595,235,0,0,0.303094393238857,0.5,15,77.04101325551925,38.42697264825104,1,0
2,2,66.94895363499849,0,268,0,7,73.90508947769999,268,1,0,0.007271978719270546,0.2,12,76.23174007369363,41.3577339209747,1,0
0,1,57.18831323422583,2,15,2,23,53.18805629211119,15,0,0,0.07236841156362275,0.7,19,74.25073216976685,14.304070175551203,1,0
2,0,51.03127421035384,3,664,1,13,37.97118722564514,664,3,0,0.275205810692336,0.5,4,100.0,78.47591137736698,1,1
5,0,56.76601815956461,4,91,1,10,44.86877343241326,91,0,0,0.21240943859826247,0.5,16,57.4269982068391,35.010396707191724,0,0
2,2,59.11326850131786,3,0,1,16,22.25137144005003,0,2,0,0.28819360606266375,0.7,4,87.47991737663585,44.732336748984906,1,0
2,2,44.57882526196881,0,197,0,11,65.8603609684162,0,0,0,0.032871752029427485,0.2,22,64.79154432406851,34.81904902817078,1,0
4,1,41.99709646156371,3,251,3,19,51.470169506061254,0,0,0,0.5015313209986914,0.5,7,94.18338703773239,51.46667781052419,1,0
1,1,52.364359251229956,2,81,0,14,30.777493095421196,81,2,0,0.38383609426538023,0.5,19,81.912069331277,47.81475455796094,1,0
0,2,58.42927565907731,5,602,2,22,56.482240778886585,602,3,0,0.6080942262751211,0.85,4,100.0,86.35155666115755,1,1
3,1,47.319642640525025,0,252,0,11,67.29670025114518,252,0,0,0.3171283350545536,0.2,22,56.91206468424192,35.79555427336476,0,0
2,2,55.85312577429165,3,9,2,12,82.49553410887805,9,1,0,0.49971153137059493,0.5,2,60.567022953778306,33.380724766044644,1,0
2,2,50.32329963250992,3,274,1,12,52.462173566507786,274,0,0,0.13548928303004598,0.5,9,76.31379651299426,52.59063494567184,1,0
1,0,56.67524344628159,1,8,0,15,49.77904557460993,8,0,0,0.1844669840265288,0.2,16,56.11356100299703,19.152064935271472,0,0
1,2,55.46494690149872,4,412,0,14,87.38329569561051,0,1,0,0.28651818842880755,0.5,6,99.9467859918318,52.62023507493365,1,0
2,0,55.095602455753784,2,45,0,17,86.7366325706721,45,1,0,0.6760845140439854,0.5,16,60.766318609511615,28.27759783041222,1,0
1,0,58.65625831098237,3,91,1,11,70.95589678552038,0,1,0,0.3183245819099976,0.5,19,51.677693444300864,35.47542468555696,0,0
4,0,52.09658057578537,1,5,0,7,57.86751111062516,5,2,0,0.0002697264051587744,0.2,10,35.6840220400269,17.84061295350528,0,0
1,5,77.19874718857949,1,405,0,20,30.305676876219536,405,1,0,0.28976337516094713,1.0,22,100.0,65.01544618804873,1,1
2,1,50.59440233315141,3,218,0,10,74.47261507981001,218,2,0,0.70843908566355,0.5,12,71.68079503311934,54.77495168406986,1,0
1,2,59.255182353263464,0,143,3,15,33.930597542015654,0,1,0,0.5725946118059629,0.7,6,92.70057787349958,51.74252824281895,1,0
0,0,48.462201877110225,0,1,0,9,74.56023104000161,0,0,0,0.2424365579264584,0.2,23,35.04158631104201,33.900019165212896,0,0
3,2,77.42116188695064,5,223,1,17,71.20016538920912,223,0,0,0.27399347914683064,0.5,7,98.7814135648864,57.70570100428181,1,1
2,2,57.37870430860149,3,21,1,16,21.33811629997168,21,1,0,0.1577683950918506,0.85,15,90.23023607928722,37.97551937050258,1,0
2,0,42.97241165768389,1,94,0,11,49.22393892039419,94,2,0,0.42654252656310604,0.2,8,65.0557054035317,27.282260704661887,1,0
1,2,44.233066886081055,4,51,1,10,53.70440267733378,51,0,0,0.5918442097656769,0.5,24,68.09337654636735,50.46915914599147,1,0
2,2,60.41841514752917,5,152,4,20,58.91554653436141,152,2,0,0.26564877168382195,0.85,13,100.0,58.21858175445159,1,1
4,0,57.180006927691565,3,116,0,11,49.52680384724463,116,1,0,0.5541105951683122,0.2,9,59.47588420115843,46.27392693865849,0,0
3,4,53.95071061677076,0,30,0,14,30.85818515307829,30,3,0,0.6952962541049675,0.5,22,81.06232612108522,52.62598360776417,1,0
0,1,58.384385032153624,5,17,1,19,34.985418682629366,0,1,0,0.839062198413839,0.85,24,89.03679768922015,53.231252054421454,1,0
4,1,49.66928441751732,1,16,1,10,66.43439821936848,16,1,0,0.31093962721005464,0.2,24,40.29039519864893,22.961176420322623,0,0
4,1,49.16493047791163,1,195,0,11,38.325832843725905,195,1,0,0.010332280920905684,0.2,23,71.11716267438796,32.33134012580275,1,0
0,2,63.0017011766929,3,78,2,21,88.04401062541834,78,0,0,0.14699123116568127,0.7,23,82.89804427767334,24.052579235379103,1,0
0,3,47.73056710796355,3,32,2,16,49.979546121252355,0,3,0,0.36801361357120943,0.85,12,93.64991377065586,38.353863029944335,1,0
2,1,49.87845348430418,3,280,2,12,62.70631992543353,280,1,0,0.5665168509735544,0.5,16,72.11364306998681,43.49799800563436,1,0
0,5,67.69674604350206,8,180,0,20,28.80804189943266,180,1,0,0.5469827706424154,0.85,6,100.0,75.5480234375444,1,1
1,4,38.980913856920644,5,70,1,10,30.67362394697308,0,1,0,0.2627017247272778,0.5,19,78.19826485131617,43.12235264547793,1,0
5,0,43.6672162783694,2,135,0,17,70.99226076097527,0,1,0,0.06488130556353149,0.2,8,64.0341150851154,36.856577753366764,1,0
1,1,58.2047066835161,2,285,0,15,57.22675911402169,285,2,0,0.29051302747135116,0.5,2,90.17129455514801,39.46047838034349,1,0
0,1,47.354271093332194,2,71,0,8,71.43610768823255,71,0,0,0.27925499744092247,0.2,22,43.14422843777744,32.71846306399066,0,0
0,3,50.34227203598341,1,74,0,11,40.08791359737808,0,0,0,0.8656398895163046,0.7,23,84.22143365020901,55.21354809746341,1,1
2,2,46.73972430483841,3,72,0,21,40.695504092489,0,2,0,0.5758176623586353,0.7,16,96.13468644416642,50.64966303895217,1,0
3,1,48.693261642710276,1,53,0,16,68.90099083072266,0,1,0,0.37404722278918007,0.5,10,57.33011596317297,29.693395334252262,0,0
3,1,47.98462679949422,0,104,0,4,63.506471634396625,104,1,0,0.24134577523110465,0.2,21,36.742164675997294,27.181792615818523,0,0
2,2,44.91088968704844,1,323,2,11,70.1144809930098,323,3,0,0.12258137000024397,0.5,20,81.20404903819323,55.15693955509202,1,1
2,0,66.47731790664773,3,137,1,11,55.362748690846686,137,1,0,0.3693218259072993,0.5,14,67.73663725734757,48.215338792126886,1,0
3,0,51.14768086448675,2,55,1,5,86.41937479057593,55,1,0,0.3770757283322438,0.2,5,37.251393667247676,30.109276208754395,0,0
1,4,55.80069334588591,1,51,2,15,66.01637913696864,51,1,0,0.3236867354974375,0.7,21,94.73401428181661,37.49406762435993,1,0
1,1,43.021591901496414,0,174,0,5,72.89973023423178,174,0,0,0.20024607860297786,0.2,2,36.717663353089456,29.0796116251453,0,0
2,2,55.86266352457801,3,16,0,16,34.1328188062606,16,2,0,0.12884970500026882,0.7,19,83.64759360167388,39.36273281372594,1,0
1,3,55.486325884827934,2,214,1,15,61.98655090403512,0,0,0,0.05855364807962591,0.5,15,90.74761899988872,47.58263388951795,1,0
1,3,57.96711666302716,7,91,2,22,38.53958758275795,91,3,0,0.3594315148650335,1.0,2,100.0,57.26455143403367,1,1
0,2,50.56999336548007,4,495,1,12,45.33371551556824,495,3,0,0.1442901083486861,0.85,1,100.0,59.302995367980806,1,1
4,1,40.641001598779496,3,177,1,8,68.16657277244504,177,0,0,0.2725089189409043,0.2,24,63.14769921036437,48.955289427998565,1,0
4,0,48.47440281698251,0,5,0,8,74.27869056056582,0,0,0,0.29873206760463633,0.2,23,29.49502715174787,23.926227175963124,0,0
3,1,48.06184730941901,4,88,1,20,67.93831002231047,88,1,0,0.43477291250886013,0.7,9,65.7241141668691,44.47030691711339,1,0
5,0,55.14915487631427,1,455,0,11,70.85946914778886,0,0,0,0.4998628738176275,0.2,14,77.74107559853856,55.88677901865303,1,1
3,3,66.66026322833632,6,17,2,17,61.5311026485242,17,0,0,0.1312487753883091,0.5,11,83.50370754494115,34.06394415035783,1,0
2,1,64.69746531165346,2,336,1,12,74.86174827044502,0,2,0,0.5812946158863855,0.5,8,87.31638162818786,50.85817485204286,1,0
2,2,61.28610834728169,4,39,2,18,67.01197135408138,0,1,0,0.4708269332244484,0.7,6,75.46264636236194,44.20042498536476,1,0
2,0,51.26718959478717,2,22,1,14,63.42265856843516,22,2,0,0.748579780867499,0.7,2,59.69363361271307,38.07016524373115,0,0
3,1,59.120565185157524,4,37,0,13,90.07256013711185,37,0,0,0.34166941853907135,0.5,23,50.44384364888953,32.48244938489804,0,0
2,2,63.02839413137958,6,179,1,22,51.95455018048876,179,2,0,0.42584264799705074,0.85,16,100.0,61.41372980269263,1,1
3,1,55.80526609742343,2,294,0,11,73.38808518694935,0,1,0,0.4357892038298831,0.5,20,72.95868935758175,44.4779828834678,1,0
1,0,52.252538861656156,0,25,1,13,50.60193655747085,0,0,0,0.2132304591024536,0.2,5,37.905315847557794,17.103175508487166,0,0
0,0,49.71958780249158,1,112,0,19,49.999799990133255,112,3,0,0.23529109320520136,0.5,14,68.19719373174982,31.960905899729813,1,0
3,0,53.1919391794868,1,155,0,14,69.1227979805337,155,0,0,0.6117236058642824,0.2,12,63.01747283075713,41.43535103144016,1,0
0,2,64.40983985435,7,340,2,14,38.07744449778576,0,1,0,0.29219827909867024,0.5,14,98.51210079075928,72.51576362015817,1,1
2,1,53.31641427785745,3,183,1,24,18.993083793529223,183,4,0,0.2807174985580993,0.7,9,100.0,46.96436156949965,1,0
4,0,56.70388362629661,0,78,0,9,79.7014651657208,78,1,0,0.06885874181557483,0.2,7,45.28147388520974,25.25905391953333,0,0
1,1,36.460617294086035,3,734,1,12,79.48096686957652,734,2,0,0.4684257012005163,0.5,15,100.0,81.78481247369228,1,1
1,2,53.93066522126924,4,54,0,22,59.66338896350695,0,0,0,0.6296857297282268,0.7,2,86.55470610463641,50.98347690410489,1,0
0,1,65.65932438622045,5,1125,1,22,53.072370430101294,1125,3,0,0.5058281612124441,1.0,5,100.0,100.0,1,1
4,0,69.71807900853086,0,196,1,8,29.92757852255314,196,0,0,0.037505879763020326,0.2,12,64.54834060987882,23.64552285880828,1,0
2,0,47.49727952945465,1,34,0,10,47.88976042915478,34,0,0,0.2102802864056993,0.2,11,43.54354726363927,30.13880191783841,0,0
2,1,64.79296101748018,3,411,1,12,44.76956744736998,411,3,0,0.356263913981389,0.5,16,100.0,63.768720374472466,1,1
2,3,66.32188562619928,3,20,1,16,47.444785452238335,20,1,0,0.3920542286969295,0.7,8,89.09817269426533,53.14355913299828,1,0
3,1,58.58431765230261,5,371,0,20,42.466548436708905,371,0,0,0.04328508938518184,0.7,6,100.0,55.681991873899136,1,1
2,1,57.62512570229824,3,158,1,19,33.81653388007277,158,0,0,0.7269656596142964,0.85,6,100.0,54.61085756619071,1,0
1,0,65.37139795163705,3,424,0,11,49.85368241186832,424,1,0,0.19386530218174658,0.5,15,90.7202335542668,51.88998393160927,1,0
1,4,49.67235238427416,4,137,2,14,53.48651519624616,137,2,0,0.2740604551789577,0.85,19,94.56808045048034,47.32579572350818,1,0
3,0,44.61126035206716,1,128,0,14,63.074853414448484,128,0,0,0.17613726272756156,0.2,1,67.30482279290264,24.084549361374876,1,0
0,4,54.61205248367187,3,405,4,18,57.150491009454626,0,0,0,0.1774344484235626,0.85,22,100.0,64.24101094210761,1,1
3,1,35.4594410607324,1,169,1,14,62.739624418245725,0,3,0,0.18401609225897333,0.5,20,73.87245745451159,31.39106724471895,1,0
0,2,68.91897365685784,7,167,2,20,55.03848058346035,0,1,0,0.3526208295655534,0.7,7,95.90503177579586,50.36751667006051,1,0
3,1,58.001605641800744,0,148,0,15,80.22209755795396,148,0,0,0.46151512174202,0.2,18,58.39619159200612,37.295800558154895,0,0
1,2,46.23117070019562,8,440,1,26,38.11466553392247,440,0,0,0.6726718500258713,0.85,22,100.0,89.61339227393776,1,1
1,1,59.54462212929908,7,66,1,16,48.87288749059475,0,4,0,0.3333418215786441,1.0,5,82.03185225441875,42.43008849138037,1,0
5,2,58.149422700343045,0,556,1,20,78.21848570255693,556,2,0,0.32317467232826474,0.5,22,100.0,66.44534947183212,1,1
2,0,73.17462159565913,5,38,4,13,29.62893550058007,0,1,0,0.29208810185306466,0.7,14,67.151845836188,37.22186334738341,1,0
1,2,41.46027565986338,1,18,1,12,56.14288683280969,18,2,0,0.34525606714016177,0.5,23,69.9158143710726,31.717513832388995,1,0
3,2,55.64789876812842,9,323,2,24,16.07017540274779,323,1,0,0.6428992943650256,0.85,7,100.0,87.20476085995219,1,1
1,0,47.7788491010616,1,151,1,9,30.58211709510395,0,1,0,0.30492058431213404,0.5,22,72.00028171492032,32.235285795857926,1,0
1,3,49.7150373628595,3,605,1,18,41.13267434330095,0,1,0,0.26946174472213763,0.5,22,100.0,77.06722634374805,1,1
2,3,40.13265592253754,9,215,1,21,28.716178884086435,0,1,0,0.5700219249456642,1.0,21,100.0,72.34702099200435,1,1
4,1,37.37574646911744,0,32,1,4,73.91327245561703,32,2,0,0.2025604940018458,0.2,14,37.844211863179765,23.53593786451969,0,0
0,4,54.92146643699096,4,172,2,21,50.467050846487645,0,6,0,0.09470350744944506,0.85,7,100.0,55.85859967326987,1,1
2,3,57.68043969706622,4,36,0,17,36.91136643205306,36,1,0,0.3253127262008025,0.7,22,88.93214327004566,45.420875335689985,1,0
1,0,58.33347324748222,3,307,0,10,94.10093659200311,0,0,0,0.15044961109163657,0.2,20,57.14392262624476,38.56672034338805,0,0
0,1,61.00091033852281,3,37,0,14,46.204752809707855,37,2,0,0.22434651125654168,0.85,20,82.38336468580219,25.92487581756766,1,0
2,1,52.44177270129913,3,43,2,14,49.22879349185264,0,0,0,0.35069821019965874,0.5,17,60.414115892700366,38.66472006972349,1,0
5,0,58.30644581832563,1,48,1,13,57.53231259712128,0,0,0,0.16662947269400014,0.2,14,50.82471399442504,23.75028119355306,0,0
0,0,60.37523627121665,0,24,0,9,50.772535941709776,24,1,0,0.16052894693161493,0.2,12,58.71875026912718,9.967491592845487,0,0
4,4,48.90495869320217,2,51,2,22,45.14124268795877,51,2,0,0.36693728530944925,0.85,10,96.16589459917952,53.17890112957638,1,0
1,1,53.25415032271585,0,119,0,6,73.87225574775127,119,0,0,0.06974084175909426,0.2,22,49.07639538608703,20.58756460589259,0,0
0,2,80.0,6,2,3,20,59.33085744225903,0,3,0,0.290548103257722,1.0,15,100.0,25.974649555708496,1,0
3,1,38.16054621622116,1,66,1,16,41.81686167559672,0,0,0,0.4268563847295788,0.5,17,66.00677009427085,39.24672776816851,1,0
5,2,54.693817034543244,0,72,2,12,41.133767512495375,0,3,0,0.5348091681464086,0.5,20,83.5581782722072,41.5222071720603,1,0
0,1,59.698918937512296,1,24,2,24,31.08852200481278,0,4,0,0.2836712295352941,0.85,10,100.0,27.37179040047701,1,0
2,2,49.42502782571204,2,38,0,12,34.483564896284776,0,3,0,0.35999669557916625,0.7,5,80.73066372568704,43.17159151469696,1,0
1,0,44.89126681479939,4,164,1,17,40.939766650410874,0,0,0,0.09779599176436661,0.5,18,69.82730299456222,40.60722377089999,1,0
1,1,54.97035190219474,3,97,1,15,65.01283601040132,97,0,0,0.1107549801519803,0.5,7,72.04300450869928,27.660945465777452,1,0
1,0,48.31619360305965,1,41,0,10,75.1793827701964,41,0,0,0.11749933215515009,0.2,11,28.92870766581258,22.549898250416305,0,0
0,7,46.15224772029694,2,143,1,20,24.697557329086575,143,3,0,0.4276102702524352,1.0,3,100.0,61.82041712007822,1,1
2,1,59.12871790976578,3,100,0,8,43.903114345760194,100,1,0,0.0692766021964485,0.5,17,59.699339578599385,37.067024458496434,0,0
2,1,64.22006650004933,2,43,1,19,50.14514715114828,43,1,0,0.14468255132633132,0.5,14,75.41428220176371,30.553319282962722,1,0
1,0,43.4796260041271,0,313,0,9,43.27895147898437,313,0,0,0.31049223728892217,0.2,19,59.83694762066713,40.01461338064919,0,0
0,1,51.31813435562269,1,299,1,20,78.47528322332988,0,0,0,0.27041368671362703,0.5,7,87.47512183767489,44.27522517959401,1,0
0,0,63.65341198775244,1,133,2,11,57.75953711478982,133,1,0,0.07179228775986388,0.5,7,75.24969910217416,24.171392900473478,1,0
4,3,61.60982841405945,2,279,1,14,50.14387359435631,0,2,0,0.36671249906586634,0.7,19,100.0,58.661867349992505,1,1
1,2,61.16669779561148,4,194,0,19,74.10591671671773,0,3,0,0.24655849579488345,0.7,1,94.1440482219904,35.80446276345643,1,0
1,1,65.5016104588549,2,355,0,18,56.23322177070152,355,2,0,0.5582718073043068,0.5,8,95.58277585690027,53.34030102142732,1,0
0,5,66.17104309296673,9,191,2,21,56.663797203442236,191,2,0,0.6971766767632699,0.85,9,100.0,79.73032837423689,1,1
2,4,71.10505713583385,9,374,2,19,67.74086705380407,374,1,0,0.8603647802328067,0.85,20,100.0,90.12279007179725,1,1
1,1,62.29418726801321,1,224,2,13,45.5193897800423,224,0,0,0.4350603251496188,0.7,5,84.38024800515448,43.88799196850293,1,0
2,4,47.40045155572419,2,250,0,24,55.38333983037807,250,0,0,0.3105997059785031,0.7,17,100.0,56.664609409604004,1,1
2,2,55.25921210033566,2,137,1,12,43.72403669393703,137,0,0,0.14407327031159242,0.5,8,70.76466323437948,20.58126292173111,1,0
0,0,47.02555135221031,3,361,0,5,66.97181997295135,361,2,0,0.47239475410091936,0.2,17,67.11466916589076,55.3750575079759,1,1
1,0,56.958136503942455,5,78,0,10,59.61456563144153,0,3,0,0.19795170826207245,0.5,22,55.16372914115584,34.18089827298374,0,0
2,2,42.46018767306484,2,338,0,13,46.59954114488566,338,3,0,0.07116291287371773,0.7,5,100.0,52.12350596025898,1,0
2,0,54.44445818159297,2,157,0,9,65.71374878728007,0,0,0,0.020538121579647958,0.2,2,49.626726679510284,18.011809639533702,0,0
3,4,53.35352388489018,3,69,0,25,41.08139424624255,69,3,0,0.3116205173296856,0.85,18,100.0,38.13767354803808,1,0
1,1,60.514122972909725,8,18,2,27,47.49611903845985,0,2,0,0.4939542907391215,1.0,14,100.0,43.721303686242784,1,0
1,0,53.86947311401727,3,114,0,8,58.76279253493214,0,3,0,0.1944556279944068,0.2,7,55.047430525939696,33.150433861180936,0,0
3,0,48.07917249247111,1,248,1,7,59.529290148029546,248,0,0,0.02263572502366036,0.2,20,49.77904151915784,22.64034892843644,0,0
2,1,38.131715049782414,3,217,0,9,89.60274371861061,217,1,0,0.7250720906684576,0.2,21,51.49166928122131,47.06555178255554,0,0
2,3,53.36757728495101,6,0,1,19,45.3071930723584,0,4,0,0.2707852193884216,1.0,4,95.59704130462026,36.11173653186503,1,0
1,4,71.19335615631842,3,12,1,21,37.05236801567104,12,4,0,0.7248826356893738,1.0,14,100.0,56.5221677413807,1,1
0,4,50.08038585382431,8,50,2,21,41.11057410184715,50,0,0,0.4134050652038562,0.85,2,100.0,75.44074178926144,1,1
3,0,54.205597186182125,0,192,1,11,81.68602638321669,192,0,0,0.20822720862611208,0.2,10,55.04294506711018,23.577700811700026,0,0
2,0,49.38668282995288,1,367,0,17,42.14155372473764,0,1,0,0.2178348700189021,0.5,22,92.98117796417725,47.72167899464645,1,0
5,3,55.152012788804086,1,82,0,8,10.0,0,3,0,0.23124173972093473,0.5,19,86.90915006816152,42.70774416941914,1,0
0,3,65.1509245873083,6,224,2,17,63.8151127067814,0,0,0,0.050864112419583565,0.7,17,100.0,52.37378272502415,1,0
2,1,48.33072293931986,4,89,2,16,49.189720648593195,89,0,0,0.22858643459514094,0.5,22,68.78011885030058,40.61787734736048,1,0
1,1,45.201606921161826,2,109,0,17,53.71537562725495,109,2,0,0.7946475413486848,0.7,17,80.77914406726238,42.58922493220011,1,0
3,0,42.684451389181646,1,27,0,11,56.075687511623826,0,1,0,0.0028567361937313126,0.2,20,47.76125368443476,6.064536462625192,0,0
1,3,64.56024256693041,4,566,0,23,73.03765728978543,566,1,0,0.32071342120374896,0.7,20,100.0,75.48839330079315,1,1
0,3,51.576593116947365,8,262,1,25,52.418728540938545,262,1,0,0.36694457938008224,0.85,3,100.0,62.66576849523309,1,1
0,3,61.37022602263369,8,292,0,17,53.40149241968736,292,0,0,0.6225874262247314,0.7,21,100.0,74.05448361011531,1,1
3,2,63.29502939356301,1,81,0,8,70.22746586574873,0,1,0,0.05007700373156868,0.2,3,57.80719134089078,23.403097092814306,0,0
4,1,56.02275017689228,3,2,4,18,47.667543188194664,2,2,0,0.25480539160632387,0.5,15,77.58174548233994,32.990298063474626,1,0
4,2,48.04148101047294,2,147,3,19,46.47528018657643,0,0,0,0.45905717222419673,0.5,24,78.49033250016626,46.489946224637634,1,0
5,1,58.495592292836626,1,259,0,17,51.19894654826927,0,0,0,0.14634310414756027,0.5,21,88.68524093615882,41.45231653795192,1,0
0,0,57.9098212430832,0,134,0,13,49.42890024231011,134,1,0,0.6789072951816145,0.2,12,63.27637662255684,47.54193692001739,1,0
4,1,69.48739137471455,1,106,0,18,34.635209183374386,106,1,0,0.2767412752791867,0.5,22,97.78261126410288,42.24513936882437,1,0
1,4,56.96500853783277,2,237,2,22,27.308578463017742,237,0,0,0.7102222026958882,0.85,21,100.0,74.1753452696104,1,1
1,2,70.1636061015589,2,248,0,19,61.53039000762513,248,2,0,0.10186717715473775,0.85,8,100.0,38.73615254840883,1,0
2,3,51.07347974578036,5,446,1,15,41.19531391997863,446,2,0,0.3818023376785584,0.85,23,100.0,78.38918131722279,1,1
1,3,63.72319745016367,4,54,3,27,61.59385098416674,0,2,0,0.16670114774323383,0.7,24,100.0,38.014046882410135,1,0
1,1,36.83820759102865,6,76,2,20,51.385818201297155,76,0,0,0.4301289741702162,0.85,15,76.6058402203385,31.779628498995795,1,0
6,1,56.625699858973945,0,202,0,9,64.46054550467244,202,0,0,0.005450477436042115,0.2,16,56.916140015161766,23.26329944032026,0,0
4,1,66.00086328022216,3,32,1,14,37.68139111949543,32,1,0,0.48390612632757796,0.85,7,77.66382935756205,42.638135881825896,1,0
1,3,73.68839824491295,0,132,0,19,22.048963596243013,132,1,0,0.44490157946241343,0.5,23,100.0,48.48121566777325,1,0
2,1,54.13092031881609,0,18,2,13,50.15294782047155,18,0,0,0.0341287429851659,0.5,21,63.27979381177265,16.21894589442697,1,0
2,1,50.74666003522178,4,99,1,17,66.97635896125554,99,0,0,0.4072471519654731,0.5,17,58.10412985411951,41.748208138534416,0,0
2,0,55.22492651488935,0,117,0,13,71.46304367683564,117,0,0,0.012843707332975698,0.2,6,46.90255464275732,16.91721126462231,0,0
2,3,53.495163396726575,2,266,4,14,59.85887379788638,266,2,0,0.36850720580374596,0.85,18,100.0,58.6273179569416,1,1
3,2,58.21378674130361,2,409,1,10,54.05449245641004,409,0,0,0.2322738350655741,0.5,13,96.2769629068391,58.610371128427175,1,1
1,3,58.93876081873166,7,44,2,18,63.9566360726265,44,2,0,0.253940921510785,0.85,16,87.70757457234521,38.36732358077232,1,0
1,2,67.35263544179745,3,209,2,18,37.68480272197526,0,0,0,0.5670606580881128,0.5,21,96.85085085982448,60.34231111094118,1,1
1,3,50.954774622115515,5,49,1,21,81.08944613634063,49,1,0,0.2935141118191617,0.5,23,74.47201189170289,39.15250886413866,1,0
2,5,57.16295577827424,4,4,1,15,25.02533954232428,4,1,0,0.48484269892846876,0.85,6,100.0,54.84875985129793,1,0
2,2,55.136485647826284,2,54,2,10,66.56524286360946,54,1,0,0.3793680924031049,0.5,6,61.38269844379754,26.056170675058986,1,0
1,1,56.69580533532491,4,697,1,23,23.715738440230467,697,2,0,0.20844581363459444,0.7,4,100.0,87.34339823699338,1,1
1,2,61.43004664900915,1,24,1,12,49.41159077127167,0,0,0,0.29272397778289866,0.5,3,68.35701142626066,28.659948624105006,1,0
0,1,35.980716126809895,5,34,0,12,57.11482647426139,34,1,0,0.42887459893589464,0.5,19,51.77855964166307,44.21412669719367,0,0
4,2,38.161947776251466,1,228,0,18,47.911602527922796,0,0,0,0.24081321293813743,0.2,12,82.70447678807598,45.5577992803719,1,0
1,1,60.53349358838854,0,425,2,22,59.769431467786404,425,0,0,0.2906929926021118,0.7,23,100.0,57.976829958695575,1,1
3,3,73.51965046045129,6,115,1,20,53.18117828494548,0,1,0,0.13020851264169456,0.85,19,100.0,37.51289737122858,1,0
2,1,41.00482938848266,4,113,0,8,31.481388662773355,0,1,0,0.12695622192224593,0.2,5,45.07928401799886,39.462727255789865,0,0
0,1,57.976206632814964,1,234,2,13,26.073598903193925,0,1,0,0.4942755035280869,0.5,21,78.98903384762717,52.847954518029084,1,0
0,3,64.62978376995024,3,18,6,25,54.58179183424395,0,1,0,0.39214321736448793,1.0,15,100.0,43.83930072479962,1,0
3,4,51.25795365951535,7,23,1,17,94.39271976189895,23,1,0,0.2435722008177446,0.7,5,78.22333584132828,39.95987517872515,1,0
1,2,50.90345114664664,3,327,4,12,34.03194976675037,327,1,0,0.10262511482239942,0.5,13,93.31441087047405,54.93040251910184,1,0
1,3,52.57131306198087,1,39,0,26,10.0,0,2,0,0.7552348500613459,0.85,16,100.0,57.4552095368305,1,1
2,1,61.91116254130646,2,529,2,17,63.063835367425476,0,1,0,0.49985201657178524,0.5,17,100.0,61.20078506457237,1,1
1,2,47.69077464402621,3,355,0,13,52.70825193995199,355,1,0,0.024415054713720196,0.5,2,99.64283970210433,40.74372090835903,1,0
2,0,51.10318689352698,1,86,0,8,44.31274079300684,86,1,0,0.32671855514024956,0.2,9,51.59792396316833,28.8777352816591,0,0
3,0,60.56523069234303,1,246,1,5,62.832949493445376,246,0,0,0.04028361950514183,0.2,11,49.39538017205319,36.247856868003964,0,0
2,5,54.98379422052855,3,1486,2,21,57.661547260192094,1486,2,0,0.13418006419293704,0.7,13,100.0,100.0,1,1
1,3,47.82807361245681,1,210,1,25,46.86161968843791,210,2,0,0.09439902414318037,0.7,9,100.0,51.161044414703966,1,0
2,4,56.85333159654836,5,14,2,24,83.02954209182691,14,4,0,0.6819620063904978,0.85,1,100.0,44.82095693861031,1,0
3,2,48.526764509621124,3,54,0,18,52.389015090298905,0,0,0,0.5600900579328436,0.5,11,72.91051137834776,48.64169558135531,1,0
1,3,68.67804119682283,4,48,3,21,42.970212618984924,0,0,0,0.49570949163173883,0.85,22,96.78811702522361,58.901961058115454,1,1
2,0,45.26145432104233,1,165,0,9,70.5912027567892,0,0,0,0.02703064929336546,0.2,23,40.579416339698774,19.81217037292144,0,0
5,1,48.59178348705904,1,50,0,11,71.29617403422579,50,0,0,0.22624190177289008,0.2,15,46.21450084660353,26.26419616624848,0,0
2,1,51.47526654226563,0,292,2,4,48.98943286230448,292,1,0,0.2961524688757837,0.2,9,63.72876432183637,55.3908881447865,1,1
2,0,57.65927721558536,1,282,0,4,34.50288616735203,282,0,0,0.14635924247146523,0.2,11,70.55911616288911,43.87804085863405,1,0
2,2,62.39172254014967,5,58,1,13,63.872977767865386,58,1,0,0.2912545217944362,0.5,22,65.76887797004478,42.669079847446966,1,0
1,3,57.691831359712836,4,69,1,21,38.00408687112336,69,4,0,0.21103742830760783,1.0,3,100.0,43.31123414031971,1,0
2,2,42.991691069045096,4,114,0,16,56.832373874747724,0,1,0,0.4283151304388629,0.5,18,79.0001552072372,45.50682976028786,1,0
0,3,61.201635030690724,9,155,1,23,58.006419057709756,155,1,0,0.4200747219424303,1.0,10,100.0,62.84578742975415,1,1
4,1,52.06900227050492,2,266,0,7,43.7102594586826,0,0,0,0.030524124389372912,0.2,15,66.63996363319666,43.83944861211515,1,0
3,4,58.333691805850144,1,219,0,23,58.83747477854598,0,0,0,0.6090857411635966,0.85,24,100.0,61.1573781961177,1,1
3,1,44.016624239141336,1,64,0,9,73.09713640934584,0,0,0,0.25203915358156304,0.2,15,37.672757154414896,25.92487519788674,0,0
1,2,61.09718514029127,3,6,0,17,41.09141754874285,0,1,0,0.22523941896182179,0.7,2,68.60183984749807,28.726036785235696,1,0
3,0,47.262886322906105,1,38,0,12,84.64039019109666,0,0,0,0.26989867093129555,0.2,14,42.69517320960581,12.18396413676477,0,0
3,1,61.12562590776956,2,401,1,11,61.0062577495329,401,2,0,0.3282501649066129,0.7,9,100.0,53.95996922017827,1,0
1,2,57.94279840239947,4,174,2,29,34.23685942476005,174,2,0,0.3129602371449128,0.85,15,100.0,50.015783109223136,1,0
0,5,63.943422361828766,3,69,5,17,31.395361600651633,69,4,0,0.32900911661264115,1.0,19,100.0,59.4135851427752,1,1
2,2,53.460840798644234,2,18,1,18,48.903970952558446,18,3,0,0.5144025330897104,0.7,24,70.31541556618683,41.76767166474843,1,0
1,0,61.27123627569651,2,74,1,17,71.03792293204575,0,0,0,0.36848726718970326,0.2,18,46.245946707125164,25.439172013480732,0,0
3,0,51.35526114686412,0,12,1,8,87.46949136784917,0,0,0,0.5642696026211728,0.2,23,25.814698033455883,27.535006095671456,0,0
2,2,67.22888780078348,1,167,1,13,37.87356358726085,167,0,0,0.4333351901950378,0.5,5,79.77282532248714,42.25852480178248,1,0
3,2,58.47174549788654,9,3,0,28,55.24607836783091,0,1,0,0.35574123365799065,0.7,9,93.71519724199808,52.05407890594102,1,0
1,3,61.96759267808413,3,65,0,11,66.34584940120368,65,1,0,0.3881020427183184,0.5,20,72.06534946945037,42.170699811723956,1,0
4,2,55.5723258761739,1,84,0,11,74.69499176174394,84,1,0,0.05597359613686194,0.2,13,53.81822987784645,23.19778388482254,0,0
1,3,56.713552660872146,11,286,1,22,47.234466217930084,286,2,0,0.33657228828164326,0.85,2,100.0,68.0399760503174,1,1
0,4,58.904990526855926,3,315,0,11,38.07405111631705,0,1,0,0.7458259737466214,0.85,12,100.0,73.5221033845982,1,1
2,1,68.05455638828239,0,152,1,10,42.2619686860932,152,1,0,0.1587148786184882,0.5,15,81.74184243356487,26.988002884461967,1,0
0,4,42.3086260272426,5,50,0,12,64.42216330573383,50,1,0,0.038682049489162776,0.5,9,71.7031655618936,34.272058684098894,1,0
1,0,55.45609848743835,5,51,0,19,58.551877151554415,51,3,0,0.39446315185968384,1.0,3,85.19954148094146,23.335015326047092,1,0
1,0,62.47686374100339,2,326,3,15,67.30180379058436,326,1,0,0.3722205819516536,0.7,14,90.9317795311402,47.082827725908466,1,0
3,1,41.80513145143227,0,98,0,14,36.4724505822791,0,2,0,0.5283344289327959,0.2,7,73.97753676567436,40.33101146930021,1,0
2,5,47.21179854208107,1,0,0,10,37.74831265640766,0,1,0,0.1258173966982893,0.5,2,72.60610088599275,38.576520414444836,1,0
3,1,72.22070449057591,2,19,1,19,73.57219141042812,19,1,0,0.09274013440541594,0.5,22,76.37978587255388,22.85125392487472,1,0
0,1,59.908760100563725,5,169,1,21,30.529604983610845,0,1,0,0.8826973847656551,0.85,24,100.0,71.16722940926111,1,1
3,0,42.662762048644325,1,170,0,11,68.22666116407262,0,0,0,0.17579218930625745,0.2,22,50.94251726799875,35.23819536318507,0,0
5,1,45.228402727467234,1,174,0,8,52.28365385988277,174,1,0,0.3977223141965581,0.2,19,59.19377228288994,38.54619192618449,0,0
4,1,41.38688706726512,2,274,0,16,63.536704167849415,0,2,0,0.0074252343870505255,0.2,17,67.0829528483185,31.311279510451996,1,0
6,0,61.30878041467439,1,104,1,11,44.84750035485889,104,0,0,0.015396543693022124,0.2,5,59.16621864465906,26.274202845498724,0,0
5,2,49.339966668714915,2,96,2,13,36.52640607926265,96,1,0,0.5765806931756224,0.5,1,79.77309011449886,51.1997939439418,1,0
2,1,63.23080262940119,2,45,0,17,32.945195913214945,45,0,0,0.057297400254658015,0.5,3,73.82474852891438,28.573047858231675,1,0
1,4,50.72150488866164,4,93,0,20,52.483474583776676,93,3,0,0.707922860039376,1.0,9,100.0,58.610107491920715,1,1
1,1,40.967863272664864,1,71,0,13,53.03881928248984,0,0,0,0.1691821659169496,0.2,10,48.134397723419006,22.621045162557685,0,0
4,0,46.974385772434886,1,413,2,12,49.13729662101379,413,0,0,0.42712937613006036,0.5,11,74.87629568354868,55.046509759882476,1,1
3,1,51.589384840253345,3,123,2,12,82.29417702885493,123,1,0,0.03534863132134527,0.5,7,60.78538137579846,23.421986697612486,1,0
1,1,67.03177672997191,1,341,2,13,34.58941075132262,341,0,0,0.26071574079667437,0.7,21,100.0,44.50556971514083,1,0
3,0,46.08278143742689,3,69,0,11,70.82838137962553,0,0,0,0.4927979066939559,0.5,5,38.02413362329923,28.61938480746111,0,0
1,1,65.13440353616052,2,8,4,22,54.84324805822654,0,2,0,0.29535992650931525,1.0,9,99.62773380143636,22.623799466421872,1,0
2,0,61.81425437093943,2,17,1,14,42.42936399764534,17,1,0,0.49596208472455233,0.7,13,73.79582601882532,36.960131359406674,1,0
1,1,55.57223764910871,2,16,1,15,45.38666761266335,16,3,0,0.22795727114386743,0.7,22,74.00416554688738,26.67871261752444,1,0
2,3,68.61504416540916,3,136,4,24,51.9994134050178,0,2,0,0.4470601273940094,1.0,3,100.0,43.99816590193974,1,0
2,1,35.0,0,21,1,11,59.57631598496133,0,2,0,0.17709103712868532,0.2,5,53.13378068007657,25.772418493592532,0,0
5,0,40.96959296670209,1,276,0,19,88.91040211590527,276,0,0,0.7347266676879802,0.2,7,52.65002664857846,41.52677025271245,0,0
1,1,62.63192989787345,3,170,2,12,62.1613475453425,170,0,0,0.738623707589457,0.5,7,69.7590327246729,48.30006451222736,1,0
3,6,59.51451778471452,4,51,0,20,38.32920188568903,51,1,0,0.534466310382308,0.7,16,100.0,52.831585407625354,1,0
4,0,46.565544571709644,0,179,0,9,60.72610170385246,179,1,0,0.44290675668517504,0.2,22,50.269435443894125,34.55746314249309,0,0
1,0,56.24739523131279,0,40,0,9,48.15762298207315,40,1,0,0.20591056458240328,0.2,17,41.230637732908036,23.90026447670062,0,0
2,0,60.630204158844435,1,65,0,11,59.40668617365145,65,1,0,0.0007227763797351661,0.2,14,47.44195679331909,14.506573597916827,0,0
7,0,49.62756004283954,1,153,0,9,78.14185736571775,0,0,0,0.36503733291232,0.2,21,39.81834561192548,35.83268983818874,0,0
1,2,57.784387033213626,2,102,0,15,28.151222215876302,102,1,0,0.2798293451560039,0.85,1,85.77630045163954,36.367556310265,1,0
0,2,54.602294436674185,2,322,1,20,60.9583859967955,322,1,0,0.3915244051714114,0.85,17,94.27743562543546,58.25889292564866,1,1
3,2,53.150724838463475,4,74,1,16,40.79907733434572,74,2,0,0.4335682506509142,0.85,5,83.53827853447002,46.757339087599625,1,0
1,4,63.2837220888478,7,90,0,26,55.31155656484636,90,0,0,0.18798402773622983,0.85,18,100.0,47.51143952384323,1,0
0,2,66.79637446778015,0,119,3,13,65.86346221538055,0,0,0,0.09818588343005717,0.5,6,80.14534858261361,28.136490699891056,1,0
3,0,41.55037352748245,1,135,1,10,70.8003959170709,0,0,0,0.15563233437269322,0.2,17,51.68711685831614,27.03784188099931,0,0
0,1,52.936109197948994,1,259,1,11,25.576291857182234,0,1,0,0.2274314299152198,0.5,8,81.70784796580622,47.823213790236714,1,0
1,3,56.865622291663755,3,94,2,13,21.490966625650643,94,0,0,0.1544015298882465,0.5,5,84.1734529871991,46.247126414883056,1,0
0,2,46.371156481185075,4,311,1,21,29.56005257653034,311,2,0,0.3463351851096413,1.0,17,100.0,66.24408513846633,1,1
1,4,54.23202175532272,3,81,1,16,61.247220316311044,81,1,0,0.6103731531084762,0.85,4,90.81102411997021,53.372660687074315,1,0
2,1,44.82095806783803,4,231,3,20,55.500597533794945,231,3,0,0.39499143835252976,0.5,24,91.66845753140525,46.35858215022127,1,0
1,1,54.425845260335564,4,75,0,13,51.14979803886581,0,1,0,0.13463252921642915,0.5,19,67.20526054367666,36.72831037249377,1,0
2,1,66.50426369758708,1,264,3,13,47.213986650683104,264,4,0,0.03324389743070387,0.5,10,99.73003217861987,40.92488814310439,1,0
2,1,65.26706747127285,6,9,3,29,37.87147234003534,9,0,0,0.05066342335891363,0.85,10,85.5610518151805,33.41685186424957,1,0
0,2,61.138046492048744,1,2,0,19,55.78003806781008,2,0,0,0.002466439014851267,0.5,17,74.28809075274712,30.495779508210486,1,0
0,1,61.464917443059704,6,338,4,16,33.921082303874556,0,2,0,0.1413352436277134,0.85,9,100.0,59.33703256207232,1,1
1,0,52.00635482812654,3,18,2,17,63.811533650855395,0,1,0,0.18330310917385262,0.85,13,74.05787452443428,28.285116549169764,1,0
7,0,54.427266188865914,1,11,1,18,63.713410218928296,11,3,0,0.2475137829092109,0.5,12,67.71023853676226,25.70155512012227,1,0
1,2,56.096935774930564,7,111,1,20,23.185923984714954,111,2,0,0.5473230163584452,0.7,4,100.0,66.03774121912092,1,1
3,1,64.40986952169762,2,96,1,14,54.525082615098924,0,0,0,0.02558722992178677,0.2,3,68.7849273139215,38.84877714523406,1,0
2,1,46.5356890579082,0,143,0,9,85.44519442319312,0,0,0,0.5909622426545073,0.2,13,36.12315522199632,33.8035399144672,0,0
1,2,59.90885401033321,3,248,3,22,15.776523723530552,0,2,0,0.48329954016936955,1.0,13,100.0,56.902916532831725,1,1
4,0,54.38643138567217,0,20,0,7,53.57682549502243,20,1,0,0.24312111701055525,0.2,7,38.31808247575367,21.574468561610008,0,0
0,0,43.814756398563816,3,235,0,10,25.632644106052275,235,1,0,0.13872941096073493,0.2,16,65.66623428814451,56.17166133268818,1,1
3,0,61.60200203277439,1,278,2,16,76.9707070583405,278,2,0,0.5299820086818325,0.5,22,73.60258033648334,44.11596727248339,1,0
4,6,72.06892959982963,3,179,1,16,58.8943581540685,179,1,0,0.8434585889786199,0.7,6,100.0,69.88095843462806,1,1
2,1,42.59131404269167,1,260,0,16,87.20857007042474,260,0,0,0.2836682253892972,0.2,20,59.49484134196082,42.07226153647153,0,0
1,0,52.61870049920191,0,297,0,10,66.29579740134346,0,0,0,0.11644172168514631,0.2,14,60.279871396417725,32.176156992949835,1,0
0,0,56.49992597507253,4,196,1,15,58.74942444562754,196,1,0,0.3845587200244899,0.7,7,75.1490139786607,47.74159851104375,1,0
2,5,73.47201614926855,1,45,1,17,58.78661005640465,45,0,0,0.445754120357678,0.7,14,93.66738442270388,41.74310746325087,1,0
0,7,54.06494118638826,4,54,0,22,36.83063834876508,54,3,0,0.2771799649384193,0.85,1,100.0,64.47086587198756,1,1
1,1,59.592441601952274,4,342,0,18,32.318216008713954,0,2,0,0.5588719924445532,0.85,4,100.0,71.59479123307803,1,1
4,0,53.57724122073945,2,16,0,8,74.59158237256753,16,1,0,0.1699443391890724,0.2,11,39.472608392461474,20.84750620843951,0,0
3,2,49.01928345402393,0,591,3,28,48.0252107379974,591,1,0,0.3516272248533407,0.85,10,100.0,74.6255950722824,1,1
0,3,49.59138096118542,7,49,2,31,56.842079513333175,49,3,0,0.4478659295509982,1.0,4,100.0,58.435035466416394,1,1
2,3,54.076216660555986,6,223,2,25,52.2598227996197,223,4,0,0.04139143200490319,0.7,23,100.0,45.086775377975485,1,0
3,3,55.851031432465355,3,131,0,10,18.262574343757038,131,1,0,0.15309672167219116,0.5,5,94.82172752628361,48.62457609238086,1,0
5,0,55.695097589206846,0,22,0,10,57.32035092171911,22,0,0,0.0020527549088045706,0.2,3,42.13697338059137,8.454252656298578,0,0
1,1,50.031742418641365,3,29,0,12,56.79222629281903,29,0,0,0.22504760722637454,0.5,9,60.909651808721705,25.01426108940334,1,0
0,2,42.91507156615081,4,70,2,13,42.39757148725397,70,1,0,0.42039237043232613,0.5,13,64.14562166008778,44.930159174883016,1,0
2,0,48.244382014951405,2,19,1,16,60.70230445233267,19,0,0,0.45087621121737886,0.2,18,44.63845386916855,36.19499399678887,0,0
0,1,61.24215947819899,4,502,1,13,42.430781677034346,502,1,0,0.06227218001631094,0.5,24,100.0,67.68509631489636,1,1
4,0,53.47724168226463,2,54,3,7,39.951919127950376,54,1,0,0.32280345307998726,0.5,10,55.50654759545675,37.30428281886183,0,0
0,3,59.305643016980454,3,187,0,24,16.949272059201675,187,0,0,0.733739786112453,1.0,17,100.0,68.62238497995426,1,1
2,1,56.12132347352507,3,538,4,27,57.58243373007492,538,2,0,0.3996824152035598,0.7,22,100.0,74.00889165592845,1,1
2,0,67.43608837531758,2,357,0,21,56.83298056890238,357,2,0,0.2734295946156433,0.5,23,100.0,46.69061142377921,1,0
4,3,53.567492910550506,2,104,1,7,64.92594613074105,104,0,0,0.4836971156835071,0.2,1,61.19389889659246,45.830132632157536,1,0
2,3,59.79720184962506,5,309,0,18,69.84413152042869,309,1,0,0.3970688740196722,0.85,4,100.0,67.62682435561521,1,1
1,2,57.721836424667885,2,24,0,14,82.04418494258073,24,0,0,0.422691150291742,0.5,13,60.88613137961822,23.017870166096152,1,0
3,3,57.28077624354061,2,142,0,13,55.19576679811896,142,1,0,0.23652799079228468,0.5,22,86.74052249845464,40.71218872486857,1,0
2,1,45.54490356649782,3,50,1,17,57.68524717952084,50,1,0,0.4307858184139247,0.7,16,75.88499858331635,42.85549320037281,1,0
4,0,70.54321435084657,0,357,0,12,81.95025511509485,357,0,0,0.46057271322813664,0.2,5,80.54749798649596,35.17093657828461,1,0
1,2,61.16923076095401,2,573,1,15,52.5937394433712,0,1,0,0.3245689267179792,0.5,4,100.0,66.97764733967765,1,1
1,1,46.13038140992301,1,550,1,17,39.694263261453784,0,0,0,0.5293966480954481,0.5,9,100.0,66.27959028838481,1,1
0,4,60.14971430931984,6,10,3,26,66.27830155473453,0,0,0,0.20435847023197254,0.85,19,88.73409133034139,42.430167314157444,1,0
1,1,58.20065208466896,2,92,1,15,24.869466055027623,92,0,0,0.07489863692934687,0.7,11,79.86490710233836,41.58480628237555,1,0
1,1,52.95489860674972,5,39,0,20,45.55412809558105,39,2,0,0.39676750325713234,0.85,4,84.10491742101101,43.416486444631296,1,0
1,1,46.57818235064064,0,81,1,14,63.37137794982287,81,0,0,0.1886368688948615,0.5,7,51.44650117941362,31.706641564694635,0,0
2,3,48.95182694267111,4,50,1,21,10.0,50,0,0,0.2826045321442832,0.7,7,95.85763299681294,55.51765572722731,1,1
2,0,53.660305971595456,0,135,1,9,60.33673737412719,135,0,0,0.14401247461331482,0.5,9,65.8612158539984,31.65030022132794,1,0
2,1,65.3347049031775,2,386,0,6,40.88744272377026,386,0,0,0.4528949522480052,0.2,24,83.9076484898783,58.473167842970135,1,1
4,0,48.00936576497994,0,239,0,12,55.54066585635195,239,0,0,0.05454184664651495,0.2,14,55.406008143145876,35.58648100308933,0,0
4,1,57.846034983796685,0,335,0,9,75.65363459707235,335,0,0,0.5737702314068045,0.2,7,82.58880317999869,42.45349322037308,1,0
2,2,45.858124572451445,2,42,0,23,57.26687225345875,42,0,0,0.5301743604472133,0.5,20,68.30781853572505,31.687015813271604,1,0
1,0,48.208743815266715,0,46,0,7,73.58260091547703,46,2,0,0.17377073138555213,0.2,11,25.78995205773972,19.248869638263812,0,0
0,2,57.54562598731104,7,324,5,17,39.14738455014695,324,0,0,0.3702388645491774,0.85,23,100.0,75.69691021832796,1,1
1,3,62.29462806889595,3,152,0,9,58.817538258156304,152,1,0,0.5934921633184269,0.7,18,84.44554368944097,49.45479474151483,1,0
0,2,56.73818915273582,6,102,3,23,40.74032166026687,0,2,0,0.085834793404727,1.0,9,100.0,41.06221655985729,1,0
0,2,68.87553484012662,5,1811,3,24,32.74520039124297,0,3,0,0.42274799376557926,1.0,20,100.0,100.0,1,1
0,0,57.980940037293024,5,16,2,8,40.874091369349685,16,3,0,0.5268050344720654,0.5,24,59.149853867776024,45.768723265324326,0,0
0,1,68.92192655237226,4,19,0,13,69.05636242160996,0,1,0,0.043078083535399936,0.5,8,66.55033195158589,23.387146639981268,1,0
0,1,47.5491673662788,2,64,0,10,83.79427280194012,64,0,0,0.2947755460405651,0.2,7,44.36644380207332,32.13339247581413,0,0
1,0,74.90790043947558,0,462,1,11,51.38145080543242,0,2,0,0.6410492937311457,0.5,13,100.0,68.98911316903242,1,1
1,2,57.11674787003149,5,59,1,15,44.55174717132298,59,0,0,0.46925572671514476,0.5,18,71.56197542739555,45.41474499034075,1,0
3,4,55.609348690653206,4,73,5,21,19.967837338366547,73,0,0,0.45396134155447465,1.0,21,100.0,54.18652732960903,1,0
0,2,53.71994946532206,1,9,1,16,47.37306509365992,9,1,0,0.10173083134329362,0.5,23,69.6681454984516,36.38052605154887,1,0
1,2,59.525599071778835,2,168,0,22,45.65049603085548,168,0,0,0.1717966444644898,0.5,16,96.79608866093102,41.473502848674414,1,0
0,2,47.03047381909185,4,61,2,10,66.31755723688033,61,2,0,0.34257109299481475,0.7,19,69.21867189243093,44.63125290873106,1,0
5,0,50.843452964979825,1,316,0,4,76.89163351868866,0,0,0,0.38074741551834745,0.2,8,40.112308517058544,40.57399999136186,0,0
0,0,61.37434934473701,1,13,1,11,49.682992299133005,13,1,0,0.032564251932293495,0.2,18,45.49753738474287,13.549373434568338,0,0
3,2,58.410154503429276,5,36,0,11,21.140185823263256,36,3,0,0.5844284930859862,0.7,8,84.76155709432656,51.312242356295734,1,0
0,5,50.49317433460958,6,98,1,17,44.6351800644936,98,3,0,0.4853754176172154,0.85,13,100.0,62.73695621124408,1,1
2,2,55.790665896316874,1,49,0,11,33.93004583599799,0,0,0,0.46303076377501534,0.5,7,69.43545445667912,43.671980965144506,1,0
1,2,54.42748649878778,2,287,2,19,51.73489250225133,287,2,0,0.49318546618624487,0.7,18,100.0,58.398904542612975,1,1
1,3,58.00520889056844,4,30,3,27,51.219865055000405,30,1,0,0.16986680294952347,0.85,5,95.59881604727128,35.0910917795899,1,0
0,2,62.81907379493378,2,290,1,11,66.00083607472659,290,1,0,0.810035664190567,0.85,20,79.65840583384369,66.43498632882107,1,1
3,2,59.25961020267286,1,499,1,11,29.20574877736935,499,0,0,0.5867344990874065,0.7,9,100.0,76.5603684149024,1,1
3,4,48.66084944854091,4,196,1,17,65.21341325692588,196,1,0,0.15538817393077664,0.5,12,85.65482901786251,48.873400251453674,1,0
0,4,70.18562881820719,5,29,0,17,54.160532870221644,29,0,0,0.24928694589407593,0.5,10,96.7490978244727,52.71925443448944,1,0
1,3,54.73265448419032,3,146,2,20,75.3998222999827,0,2,0,0.4321523463396152,0.7,21,92.99770677214055,41.879162640203496,1,0
0,2,58.03164511915852,1,454,0,13,93.20509465494241,454,1,0,0.3587022426600486,0.5,2,93.15610641316368,56.983244244342565,1,1
1,1,59.219087996461965,1,85,3,15,42.14806582525806,85,2,0,0.1817354289988345,0.5,3,87.11667718438383,33.921298578913735,1,0
1,1,56.39411490690062,8,8,3,15,57.484714390766484,8,1,0,0.4825445758256101,0.5,21,49.60326106728151,36.13694872750981,0,0
0,1,72.49417577812042,5,197,3,26,33.46879447478711,197,3,0,0.7664687513785816,1.0,6,100.0,64.9670559132146,1,1
2,3,61.60383988620343,3,251,2,11,39.23510705775966,251,0,0,0.37753656192641544,0.7,24,100.0,65.90346841715682,1,1
1,1,66.75631760388933,3,68,2,12,40.394984010974156,0,1,0,0.6118150073680437,0.85,12,86.08933351201043,48.54049770800829,1,0
1,0,44.30260666101842,5,555,3,17,22.268049850034416,555,1,0,0.3014440685583107,0.5,16,100.0,74.91883498103557,1,1
3,1,48.77625422399365,2,123,2,13,67.50487308307285,0,2,0,0.3971336738256181,0.5,18,58.73979532051002,35.51711761904546,0,0
1,2,69.17190928671391,4,701,2,15,56.076174591107204,701,1,0,0.4739019747096453,1.0,14,100.0,87.34817938483701,1,1
3,2,48.08142191901075,1,43,0,16,58.20291394549777,43,0,0,0.1679029360841614,0.2,23,66.61438144645831,30.322982810333585,1,0
0,2,62.983795146890884,3,231,0,13,80.02208084050471,231,0,0,0.22548320465929675,0.5,2,72.8268476701392,44.98043537395405,1,0
3,0,39.53727968678894,1,6,0,10,66.62935783213824,6,1,0,0.08722601327773531,0.2,7,40.9669129057358,17.600138762294055,0,0
0,1,52.314269922750555,4,163,2,16,67.36346434288372,163,0,0,0.6306541865596393,0.5,21,67.77892331159072,52.514065351941305,1,0
1,1,63.72912231800713,1,13,1,6,96.26827077599538,0,0,0,0.16983532150511502,0.2,10,29.640521950903153,15.578688638765799,0,0
2,4,44.76810574056543,4,2,2,19,41.349185951573276,2,2,0,0.5856607332366325,0.85,21,94.73355012850496,54.817904792833986,1,0
0,0,44.11570490774524,3,108,1,10,91.9658689857977,0,2,0,0.190449206865501,0.7,8,48.997247077268256,24.24656463356972,0,0
1,0,62.20068632498719,2,144,0,6,60.410308419194656,144,1,0,0.11503453969100688,0.2,11,51.8715428437356,26.794199611120725,0,0
1,0,50.47638398200111,4,53,2,27,55.76174965200567,53,1,0,0.3936646633438453,0.7,7,82.94576064374154,35.582934309418945,1,0
3,4,53.21974714186452,3,26,0,20,37.96209409808352,0,4,0,0.5378881274423086,0.7,7,100.0,48.5843646207173,1,0
0,2,65.71312887793844,3,79,2,9,34.191636488666404,79,1,0,0.5986822040365061,0.7,23,73.50281558732186,49.84242458338623,1,0
1,4,71.29335720268895,2,171,0,24,69.84566481292515,0,1,0,0.22862127925032463,0.85,19,100.0,41.16704532403816,1,0
2,1,52.196108153834466,2,162,2,12,68.8714829807185,162,0,0,0.11775827369488767,0.2,24,64.57540862867523,39.57356883432959,1,0
2,3,50.236007173473396,3,66,1,11,18.58726886997178,0,0,0,0.18809620010574463,0.5,5,84.05807902608716,46.1516014773847,1,0
1,3,54.871623379161676,5,280,1,22,60.91353964461548,280,0,0,0.21730358837030903,0.85,12,100.0,58.275211109472224,1,1
3,3,68.98706060528883,1,482,2,18,56.36811205376786,0,2,0,0.11128842261759132,0.7,16,100.0,60.37443660744938,1,1
1,1,52.49089235527394,2,217,4,17,51.59945354357102,0,1,0,0.7905171220665831,0.85,23,94.84849398637071,59.21307403442986,1,1
2,1,63.52748153391541,3,81,2,18,68.74169291790038,0,0,0,0.15692748987100508,0.5,13,69.39953889014375,38.16653305661528,1,0
2,3,57.689189538866984,5,15,1,22,10.0,15,1,0,0.35412472795651934,1.0,17,100.0,56.58325702461557,1,1
3,0,55.56091962441186,2,135,2,17,42.7548920942249,135,2,0,0.17919835351250105,0.5,2,79.06769990168273,30.853264660862457,1,0
0,5,70.52828360099998,4,155,2,13,46.64961790885335,155,1,0,0.41927246824644265,0.5,23,100.0,50.475441112307465,1,0
2,0,41.440745898268844,1,60,0,8,71.77082401169952,60,0,0,0.13227091085360188,0.2,21,33.225093319187714,19.612429518461475,0,0
0,1,66.27716887394017,1,8,2,22,58.198745289721494,8,1,0,0.4597490258899327,0.85,8,77.10486033791057,27.941440678486693,1,0
1,2,63.319808751571955,8,70,0,17,52.785712593093976,0,1,0,0.42570670518958703,0.85,19,80.32419583636991,49.79483105275047,1,0
2,0,48.533932729637115,1,115,0,8,71.68004114676356,0,0,0,0.12826232053389022,0.2,17,38.49502918364498,16.78500527189327,0,0
1,1,60.093039865701606,4,113,1,18,44.66529794790465,113,2,0,0.3780965616434764,0.5,24,90.56029463126393,51.77803104861461,1,0
1,7,71.94038143755142,7,88,2,26,30.934282154569274,88,3,0,0.25193678233465194,0.85,6,100.0,72.48321619685576,1,1
2,0,52.34840127739525,0,39,0,4,67.46706437499535,0,1,0,0.15861312429395,0.2,24,29.022894054774138,20.14649316583296,0,0
2,1,62.85902011578277,8,11,2,22,41.55365852903951,0,4,0,0.4641446819242316,1.0,24,100.0,58.62720267860338,1,1
4,1,55.02275622693948,0,119,1,3,65.47309218518586,119,0,0,0.35946137791514954,0.2,2,49.578932743720394,34.676158243639556,0,0
1,3,56.337257259573505,3,2,0,16,48.016962278444375,0,1,0,0.7865049387213653,0.7,11,80.21070866350385,51.8612471065881,1,0
4,0,66.8798464729819,0,36,0,9,81.2159529237579,36,0,0,0.2123376639317255,0.2,6,38.29289953349717,14.108801694941393,0,0
2,0,39.75314687005938,1,30,0,6,41.193442812587904,30,1,0,0.44107618557556505,0.2,2,41.583474196257804,33.12938255079635,0,0
2,0,44.683159400221626,3,266,0,14,75.96772774603711,266,2,0,0.46073272733001164,0.5,18,70.39867131943457,44.880190230417604,1,0
2,3,51.81538680852538,2,948,3,12,49.53988490076601,948,0,0,0.21167821680218848,0.5,13,100.0,100.0,1,1
2,0,65.46327526137082,5,82,1,17,31.133330534874112,82,2,0,0.5449232669948266,0.85,6,98.65527588716287,46.84757793887864,1,0
2,1,59.232819781318014,3,309,0,25,74.53403642461619,309,2,0,0.7077978218747742,0.85,11,100.0,57.95664154061213,1,1
1,1,67.47495162186688,2,480,2,26,40.32688319602455,0,3,0,0.748616498436243,1.0,14,100.0,75.97815477362381,1,1
3,1,59.27305278482308,1,25,0,21,61.318290025237616,0,0,0,0.3933929535213942,0.7,13,78.9726421198703,27.133255082439355,1,0
3,3,66.23179318571562,3,95,1,12,57.228466051157625,0,2,0,0.2652779133847933,0.5,11,85.27528607213004,45.51894705632078,1,0
0,1,62.37540209927698,4,114,2,14,66.7492134101183,114,0,0,0.41329706597057797,0.5,21,74.83637854826368,38.106681299580806,1,0
1,2,49.168170635892814,4,73,2,15,65.78723782326558,73,1,0,0.20062627154559523,0.7,18,68.9957063581851,33.457407032556276,1,0
3,2,47.65162431045289,2,587,0,18,51.21624779682183,587,0,0,0.37030263057443047,0.85,23,100.0,83.20753870773007,1,1
3,3,46.931500556303945,0,589,1,17,35.65287372812682,0,1,0,0.47979800188737615,0.5,16,100.0,82.51072365997051,1,1
1,1,56.02738380741566,2,581,0,15,39.927939995008884,581,2,0,0.4016182309493575,0.7,19,100.0,61.03649765431474,1,1
1,1,41.926351687800704,2,56,0,9,44.68486254900235,0,1,0,0.036406863566723895,0.5,6,65.65057820997825,26.835781447531982,1,0
4,3,65.99922771120838,4,142,1,10,38.64655458957005,142,0,0,0.21310272085133464,0.5,13,84.35729734337964,46.18959391290657,1,0
1,0,49.02954819781475,5,271,0,13,54.22482339829777,271,1,0,0.022213947985912894,0.2,13,73.90556105027073,43.03113812337881,1,0
2,1,48.10908971108805,1,150,2,7,50.808459238654194,150,0,0,0.1283963129262198,0.2,3,53.637395044288965,30.720909607672013,0,0
1,2,78.73385668885516,4,364,0,12,31.200639964035616,364,3,0,0.6071302963034446,1.0,10,100.0,68.08899114951086,1,1
0,2,60.445373555473935,2,255,3,15,71.86617261229334,255,1,0,0.08654477247633542,0.7,22,89.50765522090008,42.77042499037187,1,0
3,3,59.03485130135382,3,683,1,26,45.57698162972255,0,1,0,0.23245466322862204,0.85,17,100.0,84.66971841471761,1,1
2,1,66.82791888155278,2,37,1,16,28.933122449051204,37,1,0,0.09950267609510796,0.7,6,91.1541228420305,41.161859837053726,1,0
1,4,63.871299846031675,3,40,0,12,24.037294687497685,40,1,0,0.19351894112203516,0.5,16,92.20797142353896,48.67064414952675,1,0
0,1,49.783974957657534,2,99,1,21,62.02497578674567,99,1,0,0.2958265058113665,0.5,24,70.41221482206646,35.52379442753494,1,0
1,4,61.46003918266675,7,537,1,21,52.35061791883641,0,2,0,0.1538135026621003,0.85,8,100.0,87.03106251848698,1,1
2,2,38.61771002046953,5,128,3,17,52.44950635609566,128,1,0,0.42284150154975486,0.7,17,79.78748516296112,50.41631192570685,1,0
1,1,51.50115107244958,2,165,1,17,16.594572270221764,0,2,0,0.5898243858564357,0.85,1,99.20122254781586,58.86944065937455,1,1
0,0,52.62758302136677,3,143,1,15,36.34384927585433,143,0,0,0.2287081524605212,0.5,5,71.47058096322102,49.71039582548231,1,0
4,0,52.3781965012446,2,144,1,8,69.25741659104709,144,0,0,0.8557247380046602,0.5,16,51.002928744948434,41.15490274223286,0,0
1,2,61.03884444209321,5,245,1,15,37.0024618666114,0,5,0,0.2421714961819693,0.85,22,100.0,60.3373470650765,1,1
2,3,55.98100701249702,7,441,1,20,60.17789530486263,0,3,0,0.4169571838013005,1.0,11,100.0,70.75858329559068,1,1
7,1,52.26225710257894,0,118,1,10,50.52910975118694,0,0,0,0.004168160409759621,0.2,24,61.58304979184242,25.034913847922326,1,0
2,1,64.545362134091,4,6,4,17,31.540167228094532,6,0,0,0.611839040658205,1.0,6,74.35406199135909,50.47685148870516,1,0
4,3,61.3496197943838,10,88,1,25,46.254115857298856,88,1,0,0.3702220675384974,0.85,7,100.0,72.46626801832308,1,1
0,2,44.147429348520966,1,131,0,3,65.38971716043915,131,0,0,0.0328389775038758,0.2,2,43.86995875632537,24.158195832359684,0,0
5,3,57.700498479574456,3,482,1,20,50.93835744144693,482,1,0,0.5919388745348825,0.7,20,100.0,79.86073742356933,1,1
3,1,46.31290443727195,0,112,0,14,58.03599846594747,0,0,0,0.03474911388900276,0.2,16,47.07114707869712,34.20969969872763,0,0
2,1,71.1872527868814,1,501,2,23,60.05000231836595,501,3,0,0.3792464128911689,0.7,15,100.0,57.915651941115016,1,1
2,2,53.258329013257004,5,54,0,19,60.115065498898176,54,0,0,0.5257580404746303,0.5,15,64.40842097488388,40.941925013397665,1,0
3,0,45.56239919012205,2,128,0,9,46.283093263573846,128,0,0,0.0581437580675925,0.2,13,45.65217078334365,27.045257963749957,0,0
1,3,55.98691875671596,7,124,4,11,43.51813142066027,124,3,0,0.3997850957018646,0.85,7,95.92773494464818,66.04442407524323,1,1
2,0,45.82207562326538,1,49,1,17,21.692928374729235,49,0,0,0.23618198404409374,0.5,13,71.06682351526344,34.004040482149286,1,0
3,1,47.85199643422968,0,47,0,9,82.90321826394018,47,1,0,0.0021841335433112462,0.2,2,43.64308896392074,18.029502853910543,0,0
0,4,50.30896268404814,2,537,4,25,48.05654825861116,537,2,0,0.7856902979112425,0.85,18,100.0,80.22468914106214,1,1
0,4,59.46240179870164,5,373,2,32,24.85513159245622,0,2,0,0.4035165766870766,1.0,9,100.0,75.80092294859698,1,1
3,2,53.5536753213449,1,81,1,9,63.4994899051262,81,0,0,0.2261350286094464,0.2,4,54.683786512776024,26.16647698801163,0,0
3,4,50.06336651088061,5,240,3,23,64.12432947775781,0,3,0,0.1881660005159685,1.0,10,100.0,54.63676440964274,1,0
1,0,59.22906001902022,4,28,0,11,34.259879429812685,28,2,0,0.37815924860538036,0.5,6,73.91257173635785,34.564300426552926,1,0
2,0,60.191027776398585,3,72,2,12,33.995189534543165,72,2,0,0.07937192341194868,0.7,2,73.71456331361189,30.766091066683984,1,0
3,2,50.358907531643,1,22,0,14,62.50912578810619,22,1,0,0.26688387296472305,0.2,16,48.680969419094865,37.840335523909104,0,0
1,0,60.37569865451735,0,95,0,11,65.67232008257508,95,0,0,0.1573197136100967,0.2,12,51.48105529951345,23.996718954186303,0,0
0,0,70.59502910444084,2,76,1,22,26.844198618598273,76,0,0,0.3374042961579498,1.0,24,95.59961448483966,27.694796026693247,1,0
1,0,56.74804095520812,2,129,1,19,54.55310658202889,129,4,0,0.34185227436146676,1.0,19,89.81095082877408,32.43815214513102,1,0
1,5,77.21649266818028,4,173,2,21,58.11573194588992,173,0,0,0.544194484340477,0.7,5,100.0,59.16480472321389,1,1
1,1,48.739285208013854,1,168,1,16,46.02111197816615,0,0,0,0.03731756611200211,0.2,21,68.00558602863994,29.5889948064219,1,0
3,2,39.676573296764765,0,18,0,13,70.3461916580451,18,0,0,0.5983033394314645,0.2,3,48.83111071555914,32.215952479739826,0,0
2,1,60.374063255165666,4,88,1,13,50.804432411023825,88,2,0,0.5418342125944142,0.85,2,78.35872162881077,37.23319694088329,1,0
0,0,47.15998906975905,5,273,3,18,12.26709882028203,273,0,0,0.25064580493134275,0.7,16,91.76634534800051,57.80311029847044,1,1
3,1,48.40644706658071,5,279,1,28,41.537174420888356,279,1,0,0.11374027155022536,0.85,10,100.0,52.78196413305016,1,0
0,0,60.097936524847356,7,342,2,19,46.90005315289137,342,3,0,0.3947466594800425,0.85,23,100.0,68.11131440948587,1,1
1,3,54.6782242013303,2,38,2,24,54.995545758979105,0,0,0,0.6861409907440927,0.85,24,93.7195548110601,43.54386488054722,1,0
2,4,72.0712475967697,4,548,1,22,66.62242262840452,0,0,0,0.47153887705582914,0.85,19,100.0,75.55477223537096,1,1
4,2,47.443360531403435,2,653,1,21,59.853491186534434,0,1,0,0.5811570570228893,0.5,6,100.0,84.79969466661808,1,1
1,4,65.52734080707849,3,444,4,17,27.349829954219278,444,2,0,0.45330533530117856,0.85,16,100.0,75.43840983068813,1,1
2,0,52.18165467561905,0,85,1,15,100.0,85,0,0,0.2749992116969059,0.2,21,50.220522727535794,21.89192630556984,0,0
5,0,67.95282128511731,1,102,0,11,62.35938289514052,0,0,0,0.15321333593252404,0.2,21,46.6897905781255,23.82727711438485,0,0
2,5,56.902475498132596,5,97,2,18,52.61907332773487,0,2,0,0.49257260870280856,0.85,13,100.0,60.39413281825819,1,1
4,1,50.10670352604883,1,243,3,19,57.855535428844995,0,1,0,0.0018906443429241083,0.5,9,79.60452550009165,29.83253553124557,1,0
3,0,56.540060892876056,2,201,0,10,70.84242493698282,201,0,0,0.2863213701438678,0.2,10,51.97567553817081,35.30053917582591,0,0
5,0,50.67301026906321,1,42,2,16,50.43332519944685,42,0,0,0.8559707894547226,0.5,9,57.975251292870816,37.619695422665096,0,0
2,1,62.09794439932055,2,145,1,14,28.77515750990489,145,1,0,0.4211593451515804,0.5,16,88.19394827902909,50.88202024833071,1,0
1,2,61.9621875749437,3,759,1,22,25.530859771161012,759,1,0,0.5169893113337394,0.85,10,100.0,92.85447627707777,1,1
3,1,58.41047416985301,2,13,0,10,77.84098864673521,13,0,0,0.0839296721193299,0.2,12,40.091291579475225,12.871560962054184,0,0
4,3,58.49229576390495,2,204,0,18,16.981103729589215,0,0,0,0.29644426507695776,0.5,1,100.0,64.19894328699077,1,1
0,3,59.446717997436345,7,58,0,24,49.162423978952866,58,2,0,0.5152200607446451,0.85,18,100.0,64.05889901571489,1,1
2,2,46.603443326637205,3,4,4,13,45.81729906703466,4,1,0,0.3146587538178726,0.5,4,64.53619780123016,37.45959287585911,1,0
4,3,56.43214076519036,4,54,0,22,50.95757627100898,54,2,0,0.6543037883557941,0.85,3,98.19416462284939,47.6588591035303,1,0
1,0,51.09405670368656,5,270,0,18,59.48177967458693,270,2,0,0.056351164009890334,0.5,1,83.34806685252377,37.33433933286412,1,0
1,1,51.78261925789954,3,1,2,22,41.48733567044058,1,0,0,0.6288328309613475,0.5,23,77.28696632182948,44.16044422372392,1,0
2,2,53.45899686895406,0,21,0,17,83.16867842647639,21,0,0,0.7187899816369003,0.5,13,56.36799166288087,36.71469302491136,0,0
5,1,44.564495547356856,0,77,1,8,77.96180666120652,0,0,0,0.19973915936041475,0.2,7,39.00396132973433,24.967766861274626,0,0
5,0,35.0,0,6,0,8,57.27542130813063,6,0,0,0.015474794377089261,0.2,20,36.96493777481758,19.79071733378956,0,0
3,1,52.7567547682861,2,33,1,19,65.11686250887121,33,0,0,0.2183279956115708,0.5,4,63.263388400712564,26.396975939017985,1,0
1,2,60.23663767030364,4,129,3,18,66.44922898008106,0,1,0,0.7205705703349587,0.7,3,83.50496352092149,50.729279710926384,1,0
2,1,58.32562580025776,5,25,3,25,39.452132589819236,25,2,0,0.3871351463255449,0.7,14,97.05639752710037,42.384578863674115,1,0
2,0,49.626894005272405,3,283,0,5,66.69285016948943,0,0,0,0.09452095787110958,0.2,21,51.341213742404584,48.410880089671025,0,0
2,1,52.04531035091031,3,143,2,13,30.762934798586212,143,1,0,0.5394898359101064,0.7,8,81.03855086324327,56.33360328738398,1,1
0,3,57.13410633261154,6,625,1,21,64.51744171327928,0,2,0,0.3172792010716869,0.85,2,100.0,77.71045979473872,1,1
1,1,50.154177953263336,0,11,1,9,74.74741731838863,11,1,0,0.17454569915482213,0.2,17,37.163639952022834,24.58574264024363,0,0
5,1,55.183128792949994,1,126,0,14,55.42914605192365,126,1,0,0.03283910288238952,0.2,4,64.7162933571577,29.334823955211387,1,0
1,2,59.38374876825742,2,121,0,20,75.73832800307869,121,4,0,0.33478680796188626,0.7,5,90.81886434918847,34.94664558697221,1,0
6,3,59.19791373698344,1,189,0,12,67.27907383168908,189,0,0,0.2783119167496787,0.2,23,65.36461060992394,46.737987692612805,1,0
0,5,48.26910040865617,2,282,1,17,58.58102315875845,282,3,0,0.23612857495086761,1.0,15,100.0,64.49717154294987,1,1
1,1,49.66268813662844,0,30,0,9,70.72286968347773,30,0,0,0.054151790701985655,0.2,4,40.922941541614385,12.604126199814448,0,0
0,1,51.090409832790016,1,3,0,10,78.34547116219062,0,0,0,0.010529138742692979,0.2,22,39.28157135947596,18.604532881164147,0,0
3,1,59.04512695092926,1,96,0,8,77.84265366857383,0,0,0,0.1289942540415309,0.2,21,51.75439931163168,27.154011265720793,0,0
4,0,60.80778764526006,1,204,0,12,45.324705428550715,204,1,0,0.16272091477990716,0.5,1,81.20281307052552,31.908157760210806,1,0
2,2,56.30099934026875,0,411,0,12,58.624934915733064,411,0,0,0.24334298933189544,0.2,20,78.16960129275242,54.959191473575295,1,0
2,1,66.93388620527672,2,444,1,15,60.73592517001327,444,1,0,0.11028406234472689,0.5,16,98.13905695977404,51.26689963863677,1,0
2,1,65.1593530829682,1,11,2,15,24.09276695119171,0,3,0,0.06677805074015122,0.5,4,83.95008948401244,21.1348484267787,1,0
1,3,50.135780771604864,2,229,0,28,34.12324944225194,229,1,0,0.13001351727522076,0.85,19,100.0,53.970045661894744,1,0
2,4,65.39199189789467,3,275,1,24,57.18249153963461,275,0,0,0.6789096651600345,0.85,9,100.0,67.68451524138942,1,1
1,4,57.23917694289782,2,561,0,15,47.47863574903569,0,0,0,0.6307715207650332,0.7,13,100.0,80.91441162608581,1,1
1,1,51.85685402352345,3,330,0,22,58.49997647830888,330,1,0,0.266050658106707,0.5,2,94.66624651085758,59.13667138885424,1,1
0,4,76.3123938074657,6,262,1,27,40.56672965820118,262,0,0,0.4675597074502948,1.0,3,100.0,71.66666667966028,1,1
2,2,49.943757652396016,3,74,1,13,35.8010985955611,74,2,0,0.25975430420638446,0.7,9,75.35449576962517,38.667568872233524,1,0
2,0,56.74742692714744,2,346,0,16,80.39300147375204,346,0,0,0.21339121938230682,0.5,2,76.1950787927958,37.91227135875705,1,0
1,1,51.494429393834835,0,79,0,8,37.47575389154956,79,0,0,0.08133077553882885,0.2,21,59.071301801005745,23.37272248332333,0,0
0,2,63.60924943753599,4,530,3,20,58.445607750393705,530,1,0,0.4819966178511845,0.85,24,100.0,70.31985402264631,1,1
2,7,72.26610729921518,6,276,2,21,57.52958150043596,276,0,0,0.568274626862047,1.0,3,100.0,73.33499728003656,1,1
2,1,43.00240271910171,2,132,0,19,38.26573781382061,132,1,0,0.6727226765724466,0.7,4,79.15043295549417,53.37566078897029,1,0
1,6,42.77290380657718,5,213,0,24,52.492789071677734,213,1,0,0.249495369171891,0.85,18,100.0,61.075319990038764,1,1
3,1,43.88086993695047,1,7,0,14,68.67529210667792,7,0,0,0.43244572093691663,0.5,8,56.05626959008297,26.757026633584996,0,0
2,0,69.783195799834,11,505,2,18,44.82169150248119,505,4,0,0.20747837522417378,0.85,6,100.0,83.826999237993,1,1
1,4,53.25089286983808,6,23,1,26,33.105327667359106,23,1,0,0.12128685725693439,0.85,7,100.0,48.54956013320898,1,0
3,0,50.60284129697747,0,0,0,4,70.12823257172197,0,0,0,0.1115839973750547,0.2,12,30.194564319348324,7.868937117227629,0,0
3,1,44.74360696179837,0,38,3,12,64.22130472333278,38,2,0,0.20547437745433061,0.5,2,63.662158899866085,28.320842132287396,1,0
4,1,48.49071885193539,1,397,0,12,84.64863839120838,397,0,0,0.23054479683617538,0.2,23,56.79107220138458,45.71332938060097,0,0
1,1,56.19680348738915,7,200,1,17,60.41668554912282,0,0,0,0.37974332708966013,0.7,16,74.16969531919663,47.54685579110995,1,0
0,0,42.54190132968671,5,264,2,23,49.048021074445884,0,0,0,0.7683050393656284,0.85,13,100.0,65.84844974318423,1,1
1,2,52.70828650980477,6,564,0,24,37.237197985753994,564,2,0,0.6044526008928591,1.0,5,100.0,87.84700096794158,1,1
1,0,57.453663865732075,5,48,0,16,50.35205568770358,48,3,0,0.23906335886953908,0.7,1,84.42207970348201,37.711270126950126,1,0
4,0,47.40684344089525,0,70,0,10,37.48763193609308,70,2,0,0.643023376381834,0.5,3,52.96256327833346,32.636970297956054,0,0
4,2,62.16509577124454,6,171,1,20,68.91026471268589,171,1,0,0.20562139528783768,0.7,12,87.55815252491738,40.19600007271349,1,0
1,0,46.373074590048276,4,136,1,25,65.681609579553,136,1,0,0.05251890033816034,0.7,5,71.56603149679405,28.60301315997659,1,0
2,0,43.273290103064,4,143,1,16,54.979246836590384,0,0,0,0.7441299999498356,0.5,21,69.70007720829808,50.39477207139282,1,0
3,1,46.8976314734461,1,274,0,13,74.35339729267686,0,0,0,0.23773215332027856,0.5,5,71.44681363096291,34.03137597188463,1,0
1,3,60.61981659879545,4,23,2,12,36.39803569984332,23,4,0,0.40977346700670075,0.7,1,91.12810553443913,41.999616866674266,1,0
0,2,63.61849884854227,0,238,0,16,25.48963413008761,238,0,0,0.3771613311348627,0.7,15,100.0,41.220519056072916,1,0
2,2,45.432823298933165,8,457,4,19,23.364087149757694,457,2,0,0.29905995667976315,1.0,17,100.0,91.97453774819729,1,1
3,1,49.589926068999425,1,28,0,6,39.98339395151515,28,3,0,0.7667314002995855,0.5,8,56.33664517153441,44.262629396389315,0,0
1,2,48.85510150588692,2,123,1,8,78.76840661756735,123,0,0,0.38943259741307046,0.2,13,43.345713637034144,42.72939720111666,0,0
0,1,41.623357639820846,4,77,0,13,68.54016815724889,77,0,0,0.07271815060588578,0.5,10,57.145106446531514,34.69092308374928,0,0
1,1,70.85057510450078,1,103,1,20,40.95852968700001,103,3,0,0.22687997588177675,0.7,24,99.10650362524643,30.82248651146529,1,0
3,1,45.97941815645452,1,125,0,7,35.79685964771366,0,0,0,0.26694341322042797,0.2,23,57.64673559361149,34.9180482755595,0,0
2,2,61.454380277373446,1,135,0,11,74.46194224663233,0,0,0,0.10470630465112338,0.2,7,68.02836965570731,32.89198802861061,1,0
0,3,72.30889714817653,4,395,2,17,54.40859333685328,395,2,0,0.07769283003534304,0.85,6,100.0,66.74120275441754,1,1
2,2,66.22620775548108,0,622,2,15,38.32476087076212,622,2,0,0.17726882232352414,0.7,14,100.0,61.78583107061918,1,1
4,1,52.070068143684864,2,248,0,17,37.83871951591625,248,1,0,0.3747192328051982,0.5,7,85.62058040326598,50.96317311711423,1,0
0,3,47.669511041624155,2,229,2,22,11.670144225595735,0,1,0,0.5571298121873864,0.7,14,100.0,65.80321049216748,1,1
3,2,48.64705980622733,3,74,1,5,32.81003297255921,0,0,0,0.4212603901933763,0.5,3,52.16131599447766,56.067423569002074,0,1
4,0,56.13061842723224,0,349,1,10,68.53426479246127,0,2,0,0.06010967494212319,0.5,7,67.1731659611896,43.82226513460047,1,0
1,7,57.81809973481521,3,392,5,15,46.419780657459114,0,1,0,0.5537743315098058,1.0,11,100.0,79.45769146499401,1,1
5,0,41.85402550670942,0,75,0,13,39.069852561959834,0,0,0,0.1231245783992534,0.2,15,54.89313074815641,24.20314116116307,0,0
1,3,51.06166130129275,3,140,1,13,75.97103394416817,140,1,0,0.3161668877251105,0.5,20,73.62356749095193,40.24776635922672,1,0
1,0,49.32813818876136,0,139,0,19,73.88096398790368,0,3,0,0.43936133361499574,0.2,3,65.25394511438664,27.315212790879563,1,0
1,3,54.163382923530165,4,2,2,16,21.474259136379732,2,2,0,0.22503099036869442,0.7,4,99.33189247141732,32.032884986511405,1,0
2,5,67.19481578771828,7,1232,1,11,48.10832848391949,1232,2,0,0.7004996739803687,0.85,21,100.0,100.0,1,1
1,2,44.94491731187099,1,23,1,21,30.22455841809315,23,4,0,0.01928731073814676,1.0,11,100.0,33.34222795041805,1,0
0,2,67.17138848915314,0,109,2,18,38.512210746432935,109,0,0,0.312504668136179,1.0,10,100.0,44.77504824323961,1,0
1,5,48.22001542395347,2,431,1,18,44.414046408902585,0,1,0,0.6823410880008053,0.85,5,100.0,84.53240649375454,1,1
1,5,60.578100718787425,3,188,2,26,51.8420459888836,188,1,0,0.3726696969695091,0.85,16,100.0,66.95477866639007,1,1
4,0,60.53588768720785,1,72,0,7,56.48273189472468,72,0,0,0.5850874502833621,0.2,7,45.36984935955095,31.01655717910533,0,0
3,0,43.46744951749858,2,86,1,12,80.88683785843989,0,0,0,0.7112031212884024,0.2,12,36.83319107024062,46.029698360038076,0,0
0,3,59.14326667230125,4,545,1,21,46.80024153654945,0,3,0,0.42877513911840404,1.0,21,100.0,87.88676876642745,1,1
1,1,49.76818139933932,0,40,1,11,53.237109981955655,0,0,0,0.03491045671033687,0.2,24,45.22756674856151,21.722244881616014,0,0
0,3,66.109047370459,1,379,2,14,68.03792749531335,379,1,0,0.18160269718460872,0.5,16,100.0,46.00297447406017,1,0
3,0,43.78066386364266,4,282,0,7,72.74816095185696,0,0,0,0.0947910636792861,0.2,9,54.56259034025345,45.31311625128811,0,0
1,3,47.800924501131945,4,400,3,7,26.191632156891163,400,1,0,0.4539994495071119,0.7,9,100.0,74.48188126759813,1,1
5,3,46.44021201463695,0,43,0,9,69.6459459920345,43,0,0,0.2447644456199056,0.2,13,42.53211591287981,31.73963861101317,0,0
1,3,72.14302366626124,1,254,5,19,39.26907950125117,254,1,0,0.7996221878219376,1.0,8,100.0,61.922669414804986,1,1
1,4,70.08134937249858,3,191,0,32,73.82481505763266,191,2,0,0.2409764453521209,1.0,7,100.0,54.46352869781062,1,0
0,0,55.85364861221924,3,8,0,20,99.93712350205482,8,1,0,0.08881162765383627,0.5,6,52.898973740944776,5.870836488398093,0,0
3,4,66.67043184375291,8,0,1,15,32.30897232416261,0,3,0,0.4449464969098647,0.7,5,100.0,61.727812092956825,1,1
1,0,41.46988442492523,0,169,1,2,61.999815160337704,169,0,0,0.026498758752650307,0.2,1,36.60132131137979,15.011080186521877,0,0
2,4,55.05638981256703,4,160,1,24,31.017902387149046,0,2,0,0.4193578287867751,0.7,2,100.0,71.52316198176624,1,1
2,2,65.38834131654683,1,479,2,16,48.946439723644204,479,1,0,0.4605032257158707,0.5,4,100.0,68.87653348483276,1,1
1,0,45.451675889132375,0,2,1,10,75.8616686707027,0,0,0,0.737304566937652,0.2,14,23.06858927201169,25.042995905231646,0,0
4,1,63.5797723920838,4,61,0,16,82.50792382624157,0,2,0,0.6271968829859809,0.5,8,72.18265111829487,46.270679851911126,1,0
3,3,51.223286836568754,0,137,0,10,60.80465097045919,137,1,0,0.22987800404790223,0.2,17,72.08243291894998,34.60674767170409,1,0
1,1,58.81309223803122,4,248,2,17,71.15808993301422,248,1,0,0.39860319918382375,0.5,13,91.19608126106577,43.59445657626701,1,0
2,1,55.2549738262168,3,110,1,18,54.27405281115163,110,4,0,0.5779516747087671,0.85,6,85.93764763550693,43.95529185838476,1,0
0,0,63.56382102248068,1,60,0,22,10.0,60,0,0,0.2733259068902997,0.85,24,92.7786798036726,44.09644750914368,1,0
4,1,43.742362625514325,3,6,0,9,77.49810666417692,0,0,0,0.05829199268762743,0.2,24,43.299476028666085,13.009964272757585,0,0
4,0,43.928092405753084,4,223,1,18,44.84764709960012,223,1,0,0.41828024888840865,0.7,6,99.47935609693691,45.78350818389055,1,0
2,2,49.102306613181696,2,84,0,23,33.981827388953405,84,2,0,0.22126980878681698,0.7,23,97.72772941174206,40.43626702726288,1,0
1,4,64.13570896604826,2,55,2,22,30.804420700485338,55,7,0,0.533715890750137,1.0,23,100.0,43.12919974270285,1,0
2,5,64.0883014899569,5,331,1,20,45.50600927971607,331,4,0,0.6667942019903742,1.0,3,100.0,80.60890609186134,1,1
1,0,51.25539033142574,3,166,1,14,53.45284931348041,166,0,0,0.42037886369592264,0.7,6,62.44402798780232,50.4523116865469,1,0
1,2,47.97830492752183,2,34,0,10,66.80182899746946,0,1,0,0.14808489772171982,0.5,9,53.23000351588432,26.91841562877697,0,0
0,2,61.007693171000106,5,130,2,21,63.43054392516791,130,0,0,0.388015943343764,0.7,11,94.85353187298077,49.593030772372096,1,0
3,2,54.621111343425916,3,156,1,14,64.38641914503721,156,1,0,0.33981652154722236,0.5,17,81.34091346492318,47.799280223891856,1,0
3,1,47.5758917854044,0,30,0,10,92.24462171321726,30,1,0,0.27252251926124665,0.2,21,44.43499718697572,19.4611114281249,0,0
1,4,59.844545081011205,2,169,1,17,58.12940095560871,169,0,0,0.2399075993850077,0.7,9,97.21999549513534,42.05411116943019,1,0
3,3,58.135548757113945,2,329,3,14,58.59046116220553,0,0,0,0.0026824547409463966,0.5,3,87.43122450089295,46.22114528200801,1,0
0,2,78.07830249325303,8,9,2,22,52.974982523557934,0,3,0,0.7370485096107425,1.0,24,100.0,52.60607963974917,1,0
2,2,61.42867922747572,3,1,0,18,64.06174989668932,0,2,0,0.35252705710721066,0.5,13,77.71676549928935,26.416121258517677,1,0
0,2,70.79664925145134,2,207,0,7,35.208408573819796,207,0,0,0.16595053469629953,0.2,1,77.37074144274963,46.10725715023473,1,0
2,2,62.08194030685756,2,415,1,21,47.47448829212275,415,0,0,0.45634382487322567,0.7,19,100.0,72.75745021601627,1,1
3,0,51.85614062338895,5,72,2,12,66.35517535004536,0,0,0,0.5548594474473091,0.5,22,49.66482494261608,47.6667235436271,0,0
0,4,52.19887423324027,5,50,2,32,64.22634777889255,50,1,0,0.6903678204863246,1.0,9,100.0,53.545936147947764,1,0
3,3,37.778724593566125,1,168,1,9,65.16614256015718,168,0,0,0.024848907927756916,0.2,14,66.34818847980057,42.94419946424149,1,0
2,1,54.604719533659065,3,209,3,25,52.287587082689065,209,3,0,0.4139302814582724,0.7,6,98.99490208862348,41.21922305303385,1,0
6,1,49.664449896859125,3,173,1,8,66.59354187681147,173,0,0,0.701141530705696,0.2,5,51.88129287826512,45.833753179199064,0,0
2,2,55.32337413419617,4,34,3,17,39.49308253610534,34,0,0,0.47246855724597,0.85,1,80.75729184074272,28.84907003103512,1,0
1,0,40.19713513319017,2,42,1,10,26.485331933143925,0,0,0,0.8667200742181775,0.5,12,60.86889738785655,51.38889878971594,1,0
6,2,53.460786155235894,1,25,1,9,98.12767350820641,25,0,0,0.28015593103999437,0.2,9,44.376472803392566,24.786817204061112,0,0
0,8,62.82536692926527,4,538,1,18,50.350399372557135,538,4,0,0.24044032776702964,0.85,3,100.0,100.0,1,1
3,2,60.99759886706918,5,408,1,27,60.62161016264923,0,1,0,0.17153039365061354,0.85,14,100.0,66.65978220990789,1,1
4,0,54.70037830388022,2,215,1,8,65.06194349054282,0,1,0,0.24548841518957562,0.5,10,61.25865020377803,33.24119011690665,1,0
1,2,54.64326779912231,4,172,1,17,22.513769378365915,0,0,0,0.2124860290357607,0.7,6,99.6295952313139,53.258079530716714,1,0
1,5,53.93762011632743,4,142,3,17,52.27565647340735,142,1,0,0.28483615345668983,1.0,17,100.0,52.28540604047304,1,0
2,6,60.39842983207712,6,43,0,18,55.2327349917389,43,1,0,0.1443614702725142,0.85,17,98.24144950242545,44.731456379657544,1,0
2,1,36.43856515680204,2,204,2,15,82.42031876941911,204,1,0,0.32465908554506406,0.5,24,71.36334762238116,43.77893228496503,1,0
2,0,58.14620763587479,0,475,1,3,65.44232712505237,0,0,0,0.5563271211512175,0.2,23,66.26951262596039,53.02204857656075,1,0
4,4,59.55557726911239,4,1469,6,27,66.71888981455429,1469,1,0,0.2232913855436038,0.7,21,100.0,100.0,1,1
2,0,37.825007408862035,1,201,0,11,58.65765764599192,0,1,0,0.3328309578979195,0.2,2,63.94059138607717,50.77839657238046,1,0
0,2,50.33716692082828,4,134,3,15,21.757114732428022,134,1,0,0.2590279357003437,0.7,7,84.63835652100794,54.948011562069404,1,0
0,0,46.63376055979168,2,77,2,14,34.38511737129236,77,1,0,0.08762068242653423,0.7,12,61.45974845528495,23.226928710882326,1,0
1,2,40.83525948950564,0,214,0,10,82.20584832948309,214,1,0,0.1553329479282303,0.2,18,55.13659395293481,33.626284289506074,0,0
2,5,55.65303489297338,2,267,5,17,58.38466833924686,267,3,0,0.5089919832295834,1.0,18,100.0,53.78527613856177,1,0
1,0,40.79060146712184,1,154,0,7,51.41896086619245,0,2,0,0.5454469616047632,0.2,18,47.222118315144485,47.15647028834133,0,0
1,2,47.75066293762471,3,274,0,19,33.03627601478826,274,1,0,0.2590270429956191,0.5,12,93.48616588993734,62.99570043864293,1,1
2,0,58.022576945102884,2,99,0,5,57.6572882352001,99,1,0,0.4688880941801438,0.2,24,41.93339043213314,44.947824797567705,0,0
2,0,44.67924824641411,2,120,0,10,69.92638923117116,0,1,0,0.021338235818246724,0.2,12,49.76538899945093,25.755642888458574,0,0
0,0,46.22985684091443,0,85,0,8,56.752083008113225,0,0,0,0.00016498984606571653,0.2,18,29.012678431614543,18.640515078192987,0,0
0,2,52.91828461667665,4,144,2,10,89.49406595299963,144,0,0,0.1506548329022139,0.5,20,55.57198121071168,26.65024081891179,0,0
0,0,51.36782456053975,3,41,0,10,60.04347800916956,0,0,0,0.03217750062145152,0.2,8,42.59130888210337,32.606611585174306,0,0
4,0,48.17790216051331,1,184,0,8,43.20840507221509,184,0,0,0.5641519565822666,0.2,20,52.596194412780726,43.17987761204185,0,0
0,2,55.30181501842721,3,93,0,8,30.00491967661193,93,3,0,0.39707674055916475,0.7,16,84.35942837629086,44.875873044317075,1,0
0,2,55.806813200009806,1,79,0,10,74.99927733670282,79,0,0,0.04487630698472076,0.2,22,41.68162646245314,23.987032305247997,0,0
2,1,49.41004908597015,3,70,2,9,64.87594358244485,70,2,0,0.7149224284428377,0.5,18,59.13290197580352,30.695250937831513,0,0
0,3,55.989842197516076,6,46,1,20,70.95141945825847,46,3,0,0.47626682467710507,0.85,11,91.05118171521104,44.34740909733423,1,0
3,2,50.78304707865269,2,46,1,14,74.9430896095624,0,0,0,0.7738540624202769,0.5,10,53.19724580456541,51.98371403645127,0,0
2,2,75.60441465073244,3,1000,1,29,59.312283409391625,1000,1,0,0.30842517572698,0.85,23,100.0,100.0,1,1
4,1,54.835760055321316,0,49,0,6,48.01924137661361,49,0,0,0.19814154505198708,0.2,6,45.60122502836232,27.663659252275178,0,0
0,7,66.65127346071343,2,506,0,19,74.80887378931558,506,1,0,0.34894688847542954,1.0,19,100.0,80.09482632109088,1,1
1,0,45.98758882749954,0,61,1,11,74.23054736082213,61,0,0,0.3716741470263651,0.2,18,31.62101216923488,21.61580660710007,0,0
1,1,68.3391627255419,4,112,0,18,49.10544951527402,0,0,0,0.3112895481012971,0.5,5,79.3324388454496,37.69283115604089,1,0
6,2,52.36332558090368,2,23,1,13,52.01656537462511,23,1,0,0.22469691241908135,0.5,5,61.619557195896554,29.641803086188077,1,0
1,3,52.22656264042098,7,71,0,12,84.95557027230947,71,1,0,0.42567748174623843,0.7,9,68.74147812944882,37.59650651530478,1,0
1,1,56.593350165593954,5,383,2,22,39.72295903500222,0,1,0,0.3448508969293199,0.85,7,100.0,61.15431728214997,1,1
3,1,56.113649341119995,2,150,1,14,49.24786220997946,150,1,0,0.43252024032999586,0.2,18,67.68173951978063,42.700048153188995,1,0
2,4,39.494582015799864,3,7,3,13,59.413692466865236,0,1,0,0.3997916878631177,0.5,3,71.6714619125206,43.30430013539001,1,0
2,0,46.30962337549034,3,67,0,12,45.835387999466306,0,3,0,0.3475336884530895,0.7,11,71.56082828182222,32.36805579946941,1,0
8,0,57.76195743648415,0,25,0,11,67.81531900697138,0,0,0,0.020666180393640328,0.2,23,42.54228817158859,16.379916968122462,0,0
2,3,62.231948072480186,3,406,3,10,21.48991601232062,406,2,0,0.6631613887101186,0.85,9,100.0,72.57446121837168,1,1
2,4,49.55272564366497,6,636,3,17,10.162221015579743,0,1,0,0.4386283972314686,1.0,14,100.0,94.36935177792871,1,1
2,1,39.051711565113834,1,11,0,13,78.72841690453589,11,0,0,0.015859914095818932,0.2,7,32.71566268542381,25.114956301406377,0,0
1,5,60.434105236493146,4,244,2,20,41.89943603516304,244,6,0,0.5422185209467502,0.85,23,100.0,74.2034594170705,1,1
1,0,62.701393369261275,1,74,0,5,60.16935930324549,74,2,0,0.37119081760128536,0.5,1,50.43574704169221,24.226493571644077,0,0
3,3,42.16227894850595,5,3,0,24,44.67168179331977,0,1,0,0.31374892609210553,0.85,2,83.73735426535205,41.08665753494071,1,0
2,1,61.84918449331902,1,182,2,21,50.48974600341213,182,1,0,0.2379495511931225,0.7,19,96.82602803393668,35.957159207688925,1,0
1,1,58.651717351166866,5,103,0,17,64.62880203985975,103,1,0,0.2687948783796883,0.5,10,77.94391637207147,37.77834106571811,1,0
1,5,61.79723591494031,8,270,2,25,40.62707703546359,0,1,0,0.3961257324221692,1.0,19,100.0,74.03138843713019,1,1
0,2,63.92563232722374,6,120,0,20,69.0435714721186,120,0,0,0.07540273039659356,0.85,17,89.28478286534231,36.71483579482071,1,0
2,1,68.09281931499014,1,111,0,23,36.944134386100146,111,1,0,0.5729695053246414,1.0,12,100.0,33.522673149054484,1,0
2,0,55.99178285969425,0,12,0,10,65.64529075902301,12,0,0,0.789700347316984,0.2,12,38.52230083064016,38.08792268165777,0,0
0,3,56.33500404011583,5,99,1,20,53.12890603793829,99,1,0,0.6375968827785832,1.0,8,94.35015803783885,58.38991001472445,1,1
3,4,58.47627890487751,4,18,2,22,63.318199164454356,18,0,0,0.46407977723622085,0.7,16,84.80569261026297,43.208884016512194,1,0
0,1,58.72221441279998,5,367,2,13,38.01915291909839,0,2,0,0.18181010190125008,0.7,7,99.50665869681835,64.1010770495591,1,1
2,0,53.291901541293825,1,21,3,14,61.67748424669926,21,1,0,0.2857821982036428,0.5,9,50.157694565109054,20.051941794977598,0,0
3,2,50.288712369943745,2,476,1,10,87.52371984077581,476,0,0,0.03826643280976573,0.2,7,81.64609415922595,48.823319470916736,1,0
3,2,35.0,2,276,1,12,75.41752631879953,0,0,0,0.48740156686243236,0.2,5,58.28254809783388,50.40056834178935,0,0
4,1,46.95661163616522,1,49,0,16,70.29490907388771,49,2,0,0.005631954019478075,0.2,12,57.68112769002295,17.636291016579225,0,0
2,3,49.336282533288376,5,64,2,22,34.570108888659476,64,0,0,0.7695263448364265,0.85,17,98.96126172336695,61.86606956000371,1,1
3,2,53.781230336931436,2,18,0,14,48.443500299515335,18,0,0,0.5409019898832379,0.5,19,64.48077234728568,38.42699479539427,1,0
1,5,60.74781648917879,4,277,3,23,13.157695671593036,0,2,0,0.6099885742945673,1.0,2,100.0,73.1932720375038,1,1
0,1,50.926897443224235,2,201,3,13,69.72579790822324,201,0,0,0.2656472034969959,0.7,3,69.76316801959464,40.90937258524555,1,0
4,1,63.44954447119156,5,93,1,12,49.88346332424368,93,0,0,0.1607186903258104,0.5,11,70.66544763419853,41.56445601084563,1,0
6,2,55.880435519349554,6,66,1,10,58.8974311541616,66,1,0,0.5274576276726903,0.5,7,63.82267313686345,45.05236474293992,1,0
1,1,45.228504495122436,2,119,1,10,69.30421983432326,119,1,0,0.42793468258215484,0.2,5,44.73380277164277,41.49469472945496,0,0
0,4,63.63448944676037,5,129,1,27,44.019570327896574,0,2,0,0.68139581830503,0.85,14,100.0,62.65863253002355,1,1
3,1,53.58328074422785,1,18,1,7,40.80889465473864,18,0,0,0.2899123064792465,0.2,21,48.78808714897697,29.457603605829842,0,0
0,2,50.27392966117593,0,598,1,14,33.530849150071404,598,3,0,0.34438101318403924,0.7,14,100.0,81.11093037503963,1,1
4,3,60.642563624201095,3,163,0,22,57.41013756700448,163,0,0,0.7653047971533373,0.7,11,99.16047959001826,62.617059575397874,1,1
2,2,61.55353463092802,1,228,1,14,41.205428332001226,0,0,0,0.30548023868796487,0.5,18,81.23887907298737,44.64375421972669,1,0
2,1,46.16132377973573,5,106,0,19,66.97642021059843,0,1,0,0.5045112583557434,0.5,5,61.6987918347884,31.74950932208052,1,0
1,0,41.05231682640853,0,225,3,8,82.66755644584373,225,0,0,0.08964639806987622,0.2,20,41.68555288057886,23.95796780857654,0,0
2,0,61.00848478140156,3,128,1,11,43.97471956385574,128,2,0,0.5662274047331257,0.5,1,67.09434248489214,40.72264021175345,1,0
3,1,51.21409609816598,1,57,0,17,77.20089303639878,57,1,0,0.01288936598194241,0.2,8,57.13665631888237,16.29931004254026,0,0
1,1,71.67423516508795,6,43,1,17,84.8476348074307,43,4,0,0.27479835470478237,0.85,14,74.19706315634926,38.26046836642087,1,0
2,1,64.70447682642019,1,264,0,21,63.09246951503064,0,3,0,0.27354306139705536,0.5,20,96.11791148477582,38.11237348936246,1,0
3,2,43.558005506961365,1,172,0,8,67.5292793318047,172,1,0,0.3455898676944777,0.2,17,63.49331504084572,46.28632090884197,1,0
1,0,50.67452727128211,2,69,1,22,57.39501455883081,0,2,0,0.7041305595601566,1.0,3,84.26643881302564,28.650949875215773,1,0
3,0,51.102154768669635,1,146,0,7,45.28333576997775,0,1,0,0.11420518667035907,0.2,9,45.1832645658661,33.03346560091331,0,0
4,1,57.260423238363856,0,408,2,17,82.5332078286598,0,1,0,0.1688236466331527,0.5,8,91.53933081436668,38.956442442744766,1,0
3,0,64.46974994880766,0,122,0,12,77.9584751700791,122,0,0,0.04778079159043436,0.2,9,49.41821672016547,12.975095673372907,0,0
2,3,63.45209510030549,2,128,1,13,57.0978812321515,128,0,0,0.8690154357288083,0.5,9,83.86558968143602,54.9258847302908,1,0
3,5,42.34305327367254,2,381,1,14,50.92803364220069,381,2,0,0.2641942659119982,0.7,19,100.0,64.139138486457,1,1
1,1,35.675254836728726,1,20,1,12,94.33011661084106,20,0,0,0.2769611490208323,0.2,1,33.41169293249283,17.792018602805328,0,0
1,0,41.38422682063962,3,66,0,10,36.59907640150535,66,0,0,0.1597605943288498,0.2,17,52.498960587790414,39.57032802734099,0,0
3,0,42.92399907055043,1,7,1,10,76.34411972865729,0,0,0,0.18781245910315936,0.2,15,23.027581128939374,17.052241966682928,0,0
0,1,74.09658424678805,7,550,3,20,27.2336625939476,550,2,0,0.7348734796883862,1.0,23,100.0,93.95991213405135,1,1
2,1,50.45314325292701,4,417,0,20,47.07961150374037,417,1,0,0.40083920995570477,0.5,18,100.0,68.59831393732176,1,1
0,4,63.463433081334784,4,92,1,18,51.62568212518491,92,2,0,0.1822918016001317,0.85,12,95.40703444476975,47.105525164644774,1,0
1,0,57.01201673059926,5,128,0,23,45.63682651324299,0,2,0,0.2708444442526921,0.7,7,90.81602291606612,35.95252824624876,1,0
2,2,53.00313395583233,2,103,2,14,31.057402646577398,0,2,0,0.5992646558213403,0.7,18,81.66000299923752,59.242392714177505,1,1
2,2,59.665511727217876,3,170,1,16,51.86488464004006,0,3,0,0.16495308374891257,0.7,5,97.34017381120904,44.48264641884316,1,0
2,1,57.34391502812105,6,74,2,21,38.894435157198714,0,1,0,0.06160133656679966,0.85,14,86.25824875538066,34.31831279734261,1,0
1,0,51.32530479133305,2,14,0,6,77.67247923589898,14,0,0,0.2170175546313693,0.2,9,29.685108893475736,19.096612574363576,0,0
1,3,52.04978584043518,3,559,1,18,40.01625716334412,559,0,0,0.3638861814754026,0.7,18,100.0,85.19331567585742,1,1
1,3,50.71054055227167,4,158,2,23,21.023301927968152,158,2,0,0.5812231278462758,0.85,7,100.0,57.688602228937896,1,1
1,0,55.548663557830295,3,220,1,9,75.6918031281664,0,0,0,0.3421109092179105,0.2,5,54.09976490434877,31.459936864188514,0,0
2,1,61.829261066848105,4,31,6,26,63.01966378955063,31,1,0,0.5419128839468297,0.7,20,84.43367921057671,40.73974755080848,1,0
3,0,59.318918922091655,1,89,0,9,80.09500433847457,0,2,0,0.12474250321681936,0.2,13,50.25396398201271,26.455568253465852,0,0
3,2,45.495784557720874,0,47,0,11,62.74768074541094,47,0,0,0.21928014668732487,0.2,2,53.9287457495286,23.98385899011462,0,0
3,0,46.69653865962994,1,50,0,14,60.27452882191757,0,0,0,0.1434180652994187,0.2,24,55.321574316284064,24.03773402441052,0,0
1,4,54.10561145014242,4,0,0,22,40.75074508735406,0,2,0,0.3112682994469532,0.7,10,96.93113489375787,42.96850452590912,1,0
0,0,67.5854501531285,2,3,1,15,49.312845256611254,0,1,0,0.47052026244091055,0.5,9,61.82348835257969,33.61170077451574,1,0
3,1,68.5774611114947,3,105,4,15,32.131736944104446,105,2,0,0.24374899509489842,0.5,13,93.60890525149289,40.35071106799437,1,0
3,0,48.46559323007446,4,198,2,15,49.260153818223166,198,1,0,0.18704080712513965,0.5,3,67.77897715321828,45.95527635668649,1,0
4,3,56.51064307056416,3,797,0,9,60.10895720386437,797,1,0,0.11787849680744743,0.5,18,100.0,78.2649385703638,1,1
0,3,60.975584583815014,7,224,1,14,54.00977686347257,224,0,0,0.3256973571651906,0.85,18,100.0,61.909578545858864,1,1
1,0,60.21485540283025,0,71,0,12,51.195769713357,0,1,0,0.00996547490493216,0.2,8,57.508379098470975,11.567579103200247,0,0
1,3,52.56651734748427,3,95,2,23,57.898098604070825,95,0,0,0.19262564760258627,0.5,9,80.59295257997132,45.01966591371983,1,0
0,1,48.3003488123296,6,76,1,21,36.42071115146361,76,1,0,0.601415936551092,1.0,1,94.41578141120617,50.42135798711674,1,0
1,2,51.08840395530562,1,404,3,9,57.21230709695762,0,0,0,0.5878096180475991,0.5,4,88.04218139111495,62.9176631901858,1,1
3,3,62.19597625144394,4,727,0,18,48.408869257342424,727,1,0,0.6488494719131128,0.85,16,100.0,100.0,1,1
2,2,54.38384358820721,1,277,0,7,80.63061538322611,277,1,0,0.003217105229148021,0.2,13,68.60680589231443,35.206642996393555,1,0
1,5,56.47963543070751,9,32,0,13,53.61447426924411,0,2,0,0.7272866301565069,0.85,15,94.99409960710071,65.80084234815949,1,1
1,3,57.012793953705675,4,438,1,26,15.352036484712162,438,0,0,0.5867535724226792,0.85,4,100.0,80.07589594585197,1,1
1,1,44.97093108190467,2,286,3,15,38.42431021264821,286,1,0,0.6740782581448672,0.7,7,93.34349619185147,61.16407355459728,1,1
5,2,51.89437547020034,7,153,1,27,15.729049951203635,153,1,0,0.4398005415668844,1.0,5,100.0,64.37718718228444,1,1
2,0,36.295701271074165,3,152,1,22,32.82002228371749,152,3,0,0.3537620683620364,0.7,15,88.36384035046625,42.68915224894304,1,0
2,2,53.07474826936809,3,258,0,24,32.157853280975104,258,2,0,0.4720509749789268,0.7,20,100.0,51.37235001937982,1,0
1,6,62.71748881258912,8,1,3,17,48.653611173940256,1,1,0,0.32321348065141825,1.0,22,100.0,54.86854071726863,1,0
1,3,65.18656170175507,8,110,2,21,52.61540197496061,110,1,0,0.387607653623063,1.0,11,100.0,57.7218441716884,1,1
0,3,59.632213677761456,4,190,1,24,22.18697706569183,190,2,0,0.49831617533533057,0.85,21,100.0,61.14895481328482,1,1
1,1,60.000133725230874,5,321,0,18,56.68714241026955,0,1,0,0.4147367412079561,0.85,15,100.0,62.69661576537128,1,1
0,3,56.1874087969306,4,811,5,22,56.93997676943874,0,2,0,0.7893892457663411,1.0,18,100.0,100.0,1,1
4,3,51.31983260906068,3,227,0,12,57.01159097835484,227,0,0,0.4949165121334168,0.5,2,80.73573626495084,62.4334975427224,1,1
4,2,44.09975756528011,1,11,1,15,64.49353539594817,11,1,0,0.3832751721095182,0.5,5,59.04755746375487,37.63935828996527,0,0
2,3,62.81445992331088,2,60,1,17,62.32503162613952,60,0,0,0.46855934745116345,0.5,2,77.2027967872344,41.02300213066708,1,0
4,1,58.64716258092311,3,943,2,14,62.665784127236066,0,2,0,0.5960977909162526,0.5,14,100.0,100.0,1,1
2,0,44.07465394874771,5,11,0,16,54.78910564995423,11,1,0,0.5760803713686101,0.5,11,43.95538962117177,43.61664533263394,0,0
4,0,54.311959539664144,1,16,0,6,71.33402897232695,0,0,0,0.18153886549333684,0.2,1,29.62437669303395,22.02309650789301,0,0
1,0,41.805939858616874,2,251,0,9,82.26024784574865,251,1,0,0.4321979125533897,0.2,24,55.86667489762973,47.00906873759725,0,0
0,1,51.43524893468669,7,2,2,18,26.250602919815485,2,1,0,0.6492543499809224,0.85,12,79.19818829170444,55.3308846916784,1,1
0,1,65.81133653117134,5,146,3,24,58.72929212728246,0,3,0,0.4091792235957314,1.0,23,100.0,47.64414081670303,1,0
1,0,53.88125078749773,2,221,2,18,68.31792604654318,0,0,0,0.22814089108284027,0.7,14,69.24883601694192,39.07340676261691,1,0
6,2,55.37246688436287,3,87,1,18,56.52583405784383,87,1,0,0.1424191576287073,0.5,5,79.22011711689157,40.74831915569398,1,0
4,1,58.48615229609304,0,297,0,13,69.19503927212992,297,0,0,0.2948606695129563,0.2,9,65.97115387307845,35.80991261644474,1,0
2,2,46.968042031264034,2,126,0,14,44.85683768971273,0,1,0,0.03777089300714316,0.5,16,65.87296186112815,39.56099141828738,1,0
4,1,39.477494337640046,0,16,0,11,66.75313352591114,16,1,0,0.10528915956795194,0.2,2,42.708356791533866,18.73068047191868,0,0
2,0,65.27771935996353,0,9,1,10,61.59967032260257,9,0,0,0.01843297247421099,0.2,20,38.699748222723684,21.27272793732458,0,0
0,1,43.02795612365968,3,123,1,14,57.541563468594475,123,1,0,0.272387865659853,0.5,3,69.93790567309989,39.82599957186105,1,0
3,0,46.73113503311999,1,267,2,17,73.30194589031973,267,2,0,0.3711548435331803,0.5,17,79.76669327925453,37.53465908320977,1,0
2,1,49.96189857313994,0,43,0,9,62.364632218692925,43,1,0,0.0662786486184465,0.2,22,48.01220781823087,12.5090654795375,0,0
1,2,65.58655756162507,3,12,3,25,31.79295298164003,12,3,0,0.48349287382698236,1.0,1,100.0,40.16564666387108,1,0
3,2,62.3067051387529,0,108,0,12,65.0646233094579,108,1,0,0.322349010677265,0.5,21,71.61714790507057,33.67230591859564,1,0
2,2,55.33549139110913,4,13,2,24,49.14786319578192,13,1,0,0.1851941774186729,0.7,14,84.38448062981573,34.88366467460483,1,0
2,2,52.28912095756107,0,0,0,12,40.92567069299778,0,1,0,0.5395030081294107,0.2,6,58.222439428906284,37.65210250642433,0,0
3,0,73.32328992044712,4,6,1,14,55.41774924190436,0,0,0,0.34393304370989775,0.7,10,63.85515701829728,33.07537866228434,1,0
1,4,51.13783606297311,1,150,1,30,60.56103535606613,0,4,0,0.7457895998078221,0.85,11,100.0,49.57979904993655,1,0
2,2,63.140730888267335,4,15,2,22,44.9071783612418,0,3,0,0.17074600668428422,0.5,2,90.64357561936,36.428165786697214,1,0
3,1,58.499633603996244,3,149,0,19,88.08880830675042,0,1,0,0.38151717264612534,0.7,19,79.0545360235358,35.649961421124,1,0
1,1,53.52934618800847,2,748,2,24,34.28076551774872,748,2,0,0.5164736179856153,0.85,1,100.0,94.86664340209371,1,1
5,1,72.92054524542127,1,1,0,11,94.17174140386192,1,2,0,0.32987888629479367,0.2,16,50.736584838298505,17.13225127026157,0,0
2,4,66.42158888484371,5,241,3,23,61.578095208929355,0,4,0,0.6536603085911075,1.0,16,100.0,62.09747105201644,1,1
7,0,46.02040875917376,0,27,2,13,46.137660516688534,0,1,0,0.6312173691551011,0.2,17,48.06030960273012,29.4531236898738,0,0
2,1,62.20735955688433,1,226,0,15,54.93824892284384,0,1,0,0.49592797997839344,0.7,18,93.0215450189162,46.64185390490784,1,0
3,4,59.62441382709948,4,170,0,21,30.36268174700002,170,3,0,0.0751399965810586,0.85,3,100.0,51.078114441429754,1,0
3,2,55.016521259399056,0,88,0,7,54.381038995574684,0,1,0,0.614492859930868,0.2,4,52.45672926444639,39.76218194070185,0,0
5,1,49.32681384689161,1,23,1,10,49.30700380499698,23,1,0,0.02819478974369862,0.2,22,45.60938027156206,22.824092455213226,0,0
3,1,57.31292578013335,1,181,0,12,62.37635515117338,181,0,0,0.16212790112321793,0.2,2,71.49314466780228,28.078999812163698,1,0
0,3,47.41170149265925,4,175,2,17,81.91750331839077,175,4,0,0.4865670311523411,0.85,20,99.79620022429513,49.24366529054018,1,0
0,2,61.211762471761716,8,907,1,28,48.7045332842979,907,2,0,0.2530522671966375,1.0,15,100.0,100.0,1,1
1,3,51.821469820991254,7,35,1,12,67.84279409111426,35,2,0,0.23717506870292704,0.5,11,63.96140080918519,44.58711057348311,1,0
1,0,60.22535321633836,4,410,2,14,71.00974190505907,410,0,0,0.03643010255947701,0.7,6,90.2219917306303,51.67856174696155,1,0
1,2,53.19159004297926,6,356,1,12,73.46338366624141,0,1,0,0.40226538753474056,0.5,8,82.41767496163632,59.55901523997584,1,1
1,2,66.70756714145523,3,54,1,15,35.87409615127565,0,1,0,0.05433605303315913,0.7,15,87.94690456424301,27.925340997147497,1,0
1,4,62.44721348421904,2,137,1,20,38.020810295364015,137,1,0,0.4306541952729881,0.7,10,100.0,49.63090329347562,1,0
0,6,51.482493770500604,3,159,3,31,33.00981247754429,0,4,0,0.7251838734940146,1.0,12,100.0,73.26137008970404,1,1
3,0,46.80652796664918,0,48,0,6,57.317090961383414,0,0,0,0.09379309707476635,0.2,17,33.88507663726516,11.1348719391064,0,0
1,0,54.32779104885275,5,284,1,23,36.84588139048573,284,1,0,0.4236445557093305,0.85,17,100.0,57.27571543923207,1,1
2,0,43.586903934885555,0,60,0,16,72.7622381736413,60,1,0,0.2826158310824215,0.2,10,51.675598764019085,19.703440335571244,0,0
3,0,71.10701883274996,3,76,1,12,73.46141640082523,76,0,0,0.07649654774867691,0.5,21,60.913398742136316,24.466185694146418,1,0
2,1,52.02131266085325,3,122,1,18,59.521862694750425,122,2,0,0.05013291995756616,0.7,4,90.64937899584017,28.73716656073674,1,0
2,3,49.728516505882,1,380,2,25,48.319653697957314,0,0,0,0.2662431013892274,0.7,18,100.0,62.0118908144998,1,1
1,3,43.18908382734038,1,34,0,16,47.65582638190868,0,0,0,0.4275454321050002,0.7,15,77.71920806947523,54.19517995830506,1,0
2,1,42.37258028139393,1,439,0,11,48.74854475645206,439,0,0,0.4642043364645658,0.2,14,85.64289384481232,72.42116354891338,1,1
2,1,61.78779059777467,3,69,2,10,76.03379386662401,69,2,0,0.682653600962797,0.5,4,56.33288849831821,39.374892417349095,0,0
0,0,56.473568912855754,2,24,3,10,65.23451270561455,0,0,0,0.22166940275506042,0.5,1,49.675449378518216,24.536868896230963,0,0
1,2,59.9218385395401,6,20,0,35,33.08920659437987,0,4,0,0.08475864199328118,1.0,10,100.0,38.91457696488339,1,0
7,0,43.729700910848955,1,45,0,7,85.0923233544348,45,0,0,0.2780210194330885,0.2,21,28.72281587572899,28.25102773695187,0,0
1,4,75.08117482256785,4,58,1,30,40.19515168436882,0,4,0,0.7004220314747656,1.0,22,100.0,59.72161623884921,1,1
1,3,65.96664538985904,1,24,0,11,66.60060404200206,24,0,0,0.31869897175655953,0.5,16,67.6929117010518,35.11970730415857,1,0
2,2,41.20637292448436,1,526,3,24,58.91269196047589,0,2,0,0.24760376152581318,0.7,16,100.0,66.67153774227519,1,1
1,3,66.6593767956164,1,172,1,29,81.95129680203986,172,3,0,0.12163599739275335,0.7,24,100.0,30.127666317982715,1,0
0,2,49.00137613586185,6,491,1,18,43.71544748443426,491,0,0,0.6998530325947527,0.85,3,100.0,78.58967161910194,1,1
4,1,52.89381028285482,0,69,0,12,52.24312319946961,0,0,0,0.01828605934686792,0.2,17,59.524321104708115,11.386776892349697,0,0
3,3,59.852869151903704,2,192,2,13,40.38437269022597,0,0,0,0.3386479015100224,0.7,24,94.25641885640596,61.816496218695185,1,1
0,0,46.26346539509074,7,0,1,15,52.05006785893032,0,1,0,0.3196080917990392,0.7,24,59.143580326777865,44.35033857479182,0,0
2,4,59.419943109794936,1,198,3,17,53.06211274331311,198,0,0,0.34302619950972363,0.5,13,99.08708584571467,55.95841871756811,1,1
1,0,45.320987082006184,2,174,1,17,42.156022323942445,174,1,0,0.23994351638142394,0.5,4,74.21146693113316,32.85337204679448,1,0
5,0,56.3381284401347,1,124,0,9,57.68193641376118,124,3,0,0.04740211587985352,0.2,2,62.88457964571399,23.947049875336642,1,0
2,3,79.04044891025715,9,169,2,19,43.23291544225487,169,3,0,0.27201280942028155,1.0,8,100.0,64.3901286163038,1,1
1,3,60.83628662830144,2,14,3,20,48.04226776437271,14,0,0,0.5620408907676014,0.5,6,75.72436794409754,40.31405646978593,1,0
2,1,56.65492261553054,0,28,0,6,82.77515563329811,28,1,0,0.016857844058901908,0.2,4,38.70925073020945,17.806663712979645,0,0
1,2,74.71781075752992,4,90,0,19,57.66347539499432,0,2,0,0.2923817978070962,0.85,3,100.0,34.72285608401451,1,0
0,0,63.60239451239693,1,539,0,13,62.560621072195715,539,2,0,0.14029204912034002,0.5,9,100.0,51.64898918919114,1,0
2,3,62.3355820879073,0,17,1,18,49.66594158840827,0,1,0,0.030907595855115644,0.7,22,91.3054530547377,33.0087989429097,1,0
3,1,39.812251145670075,1,106,0,12,94.64422734628413,106,0,0,0.7207213373948856,0.2,21,51.5028007511523,37.968095171111365,0,0
1,0,39.35389665757123,2,4,2,12,76.52831418413707,4,0,0,0.2159048116640259,0.2,9,31.526209406242163,18.830458835543368,0,0
1,5,50.8501800309567,3,213,1,15,50.76087427240724,213,0,0,0.2347119829462832,0.7,21,100.0,62.0347504192142,1,1
2,2,59.64791292589999,5,90,1,11,52.7976802614649,0,1,0,0.24216721824788104,0.5,7,72.75728842703903,35.24068762262568,1,0
1,1,66.1940497285944,1,66,0,14,43.755374989756035,66,1,0,0.6121357780856596,0.2,22,76.9531371961135,36.45545626084489,1,0
2,0,46.05264945668553,2,6,0,14,19.731744591798403,6,0,0,0.6407797468229677,0.5,20,53.47102055898616,48.48113762801968,0,0
3,4,50.41139892708194,2,29,0,16,32.89597123577329,29,1,0,0.7332320581422226,0.7,22,89.60888072793595,59.79173066358777,1,1
2,0,51.984355981303395,1,1466,2,13,75.52943437153368,1466,2,0,0.4354268430132492,0.5,13,100.0,100.0,1,1
3,2,46.48727007629199,0,135,1,10,53.39140876736529,135,1,0,0.006668465693005689,0.2,4,64.03081886955083,38.12227450873228,1,0
4,2,50.41881941812448,1,189,1,14,61.792524003776194,189,0,0,0.11189235261348017,0.2,18,71.13810292904971,22.37680196800263,1,0
0,0,43.31236437891339,5,69,1,16,41.66590339162149,69,1,0,0.4475988543007234,0.7,15,69.50199922509881,45.439377850044664,1,0
1,0,48.882703072532976,7,185,0,21,41.230642524005845,0,2,0,0.44817961203437795,0.7,2,92.65035357913338,60.5808928609305,1,1
1,6,53.95747790849088,5,203,2,20,37.7988543452703,203,2,0,0.3706485423093954,0.85,22,100.0,74.31222766499847,1,1
0,0,54.37700102924442,1,157,1,18,52.77561861720753,0,1,0,0.5205604762798905,0.2,9,77.1207967301729,39.4996321531055,1,0
2,3,56.116168052487254,4,122,1,13,35.26289637491297,122,1,0,0.883188426404625,0.5,12,84.43447107279836,54.25824167387306,1,0
3,0,50.277618385957126,1,30,0,9,82.15388677698553,30,1,0,0.08566739202793096,0.2,11,36.60459494254394,10.7438083911695,0,0
0,1,48.32237670429465,1,65,0,12,61.55442739997771,0,0,0,0.3836728113867202,0.2,16,46.27774914453329,29.324450155651924,0,0
1,2,49.440456023767304,3,923,0,26,67.61737223884067,923,1,0,0.3281342674151089,0.85,20,100.0,95.40133320136202,1,1
3,1,45.30677898291275,2,274,4,21,55.1954160128729,274,2,0,0.19542560430784459,0.85,21,100.0,48.35052279219271,1,0
4,4,54.76777514629464,3,41,2,14,76.2938647565584,41,0,0,0.6150207465593802,0.5,18,77.36217592316753,46.17634343531228,1,0
2,4,65.92760330808342,4,269,3,12,77.48672643696044,269,1,0,0.47786930351793383,0.5,2,89.39439364867252,57.967120517907425,1,1
2,1,54.50542983802242,3,54,0,10,60.84402002721781,54,1,0,0.005798040656285385,0.2,1,49.82859655539905,31.936818099180307,0,0
3,0,65.43717819912695,2,203,0,9,61.76958065249578,203,1,0,0.09577584145247649,0.2,17,65.91904384932421,33.75181197003743,1,0
2,0,58.786208364040235,8,422,0,21,57.1331249667077,0,1,0,0.4278248179948371,0.85,3,100.0,65.73652892458942,1,1
3,3,59.419908607096076,4,136,2,10,32.75496474030575,0,0,0,0.33926179432255665,0.5,9,82.76659775602069,53.63980920149413,1,0
2,1,54.90317986548047,0,110,1,7,49.35551445684325,110,1,0,0.8854918970343238,0.2,11,57.78265471487177,40.622620129820454,0,0
2,0,61.92561234738487,2,252,3,17,57.18540703077861,252,0,0,0.15362124739281077,0.7,4,88.77489997212658,39.981949716074176,1,0
2,2,48.11773470734821,2,523,2,11,87.27141863245626,0,1,0,0.6169954511337218,0.5,1,89.08123733481047,70.5788664025627,1,1
2,1,55.97186426502543,1,21,1,14,38.49198912144863,21,0,0,0.5394145650843882,0.7,24,63.60969062594536,30.24333546643952,1,0
4,2,63.98046628198102,3,178,1,21,60.73334824825953,0,0,0,0.3902237341725256,0.5,8,94.94454780058217,46.15337692079541,1,0
2,2,52.77985103626936,1,128,0,17,58.89990629644779,0,0,0,0.379015202482145,0.2,18,66.98325621640417,33.057030867562915,1,0
0,0,59.83054201776512,1,36,1,20,49.401835063318856,36,0,0,0.13435974007135965,0.2,2,58.503555617029754,22.30386562646675,0,0
0,4,70.85029720851901,2,477,5,23,42.0363252638623,0,1,0,0.3393828379200335,1.0,21,100.0,79.83296814110199,1,1
3,1,52.5805710355091,1,136,1,4,66.30275972675378,0,1,0,0.0693656265160482,0.2,9,56.32287218917514,28.654151995454956,0,0
2,1,66.35042016396669,3,39,2,14,80.33363516247675,0,3,0,0.3957972548400125,0.7,20,75.6871337948877,30.800904959484477,1,0
3,1,49.63184569462564,0,705,1,11,94.21699474247451,705,1,0,0.15484109571398402,0.5,18,100.0,59.49862002689854,1,1
2,0,59.428373895172214,5,103,1,24,41.97214461267747,103,2,0,0.7810058508491594,0.5,1,96.16448705314994,55.573317502934216,1,1
0,1,55.306587367176014,4,543,2,16,30.79950325161449,543,0,0,0.3851293765357798,0.7,5,100.0,79.28895202208142,1,1
4,0,55.27767138172409,2,6,0,11,57.1374102958828,6,0,0,0.44924468895383507,0.2,16,34.61768871503229,27.957001064825555,0,0
2,3,45.75811185430416,0,52,0,12,88.62960647964226,0,1,0,0.011211531515980299,0.2,13,53.184770168809955,22.543697987107727,0,0
1,2,61.29287334837018,8,19,1,21,68.19863333657753,19,0,0,0.6309409372798946,0.85,15,76.13436147158856,50.35425067177606,1,0
0,2,56.21305917752626,4,348,2,18,37.126214883214004,348,0,0,0.41403038795616726,0.7,16,100.0,75.95669799271882,1,1
1,5,61.201637958677566,4,239,5,24,46.46758641500485,239,2,0,0.5262701796541096,1.0,8,100.0,64.5968019314741,1,1
1,2,41.936731267170714,0,58,0,10,67.11226586383721,58,0,0,0.6480921073351762,0.2,7,54.04481276309038,36.68470461105357,0,0
0,2,62.45871020852425,7,127,0,16,19.281179356756077,127,0,0,0.41867309954436904,1.0,2,100.0,69.64203003354416,1,1
1,2,44.229021618965575,1,16,1,14,61.37657479886569,16,1,0,0.27886501726635715,0.5,3,62.62463872285611,24.742450634942173,1,0
0,4,53.790838567271024,5,19,0,29,29.702934840443962,19,1,0,0.6389190751547131,1.0,5,100.0,55.491189185234845,1,1
2,1,57.578259452766154,2,156,0,10,66.56498058436736,156,0,0,0.14866808010901425,0.2,23,59.7925246519089,29.7965715295597,0,0
4,0,54.54023467100975,0,27,0,15,56.89378170654202,0,1,0,0.0821223651503728,0.2,5,61.423689799707,22.451394341249603,1,0
1,3,57.2997455211589,1,259,0,15,49.07331339392519,259,2,0,0.15529138623120703,0.5,16,92.04486165903585,47.9510243878224,1,0
0,1,70.46768081722581,2,104,0,10,53.856138112428056,104,0,0,0.5391012344098405,0.7,22,75.799123046972,49.81803385226763,1,0
1,1,55.97249789804495,7,293,3,29,57.26479792605696,293,3,0,0.681528108745349,1.0,8,100.0,70.01732823227316,1,1
4,3,35.0,1,11,0,4,71.8739360337373,11,0,0,0.48585211914749105,0.2,20,35.10430539799684,28.565478794921425,0,0
2,2,69.14039505043812,6,416,1,8,68.06676078959362,416,1,0,0.25261707445079545,1.0,8,100.0,58.31197709916724,1,1
0,1,50.58008688001206,2,25,1,16,67.85962002522406,25,0,0,0.42767763104864054,0.5,12,61.3792730666606,25.824353328867755,1,0
5,1,57.77973937394624,1,9,0,4,57.78881359796518,9,1,0,0.015577113718437837,0.2,5,35.248757664807954,27.328082236497863,0,0
0,1,61.162861026265816,6,214,3,23,38.022972761061816,214,2,0,0.1549120438105745,0.85,7,100.0,53.71449666785123,1,0
1,1,51.37792400403589,6,65,1,17,25.66157581300815,65,1,0,0.08259296356403968,1.0,17,90.10776641178327,40.10842347611637,1,0
1,1,59.14537393439527,0,35,1,12,50.72148074795942,0,1,0,0.06000686361891532,0.2,13,60.739997179838696,23.312526142114542,1,0
4,2,48.46475366879088,1,144,0,7,62.12300399418748,144,1,0,0.050600316023840214,0.2,14,66.1612546718269,29.970502468705995,1,0
0,2,44.92252391976444,2,304,0,14,79.02740231168889,304,1,0,0.458032767209174,0.5,9,84.46404336848938,57.96100077814203,1,1
1,3,44.53825207195932,4,144,3,21,67.51512647454588,0,0,0,0.2979425547855187,0.5,9,78.15456671320041,48.37178621016721,1,0
1,2,62.93594755875513,4,2,3,14,85.27333692537422,0,1,0,0.067958570687807,0.5,16,56.54621094929294,20.255350091940702,0,0
2,4,63.922157771730085,5,610,3,15,62.05464546241297,0,0,0,0.5218384416696965,0.7,14,100.0,95.36958458528144,1,1
3,6,63.28240567722535,3,643,4,30,47.652025450754245,643,1,0,0.23470383462788566,1.0,4,100.0,84.9136532376825,1,1
3,3,44.55789770446854,3,197,0,14,43.54178484619496,197,4,0,0.580222677009097,0.5,5,89.45348923195257,62.587487916555766,1,1
0,2,53.67806654039682,2,222,0,13,58.52830376344178,222,4,0,0.5936617620049484,0.5,17,94.16988759485677,54.46562016621306,1,0
3,2,51.82527756342134,1,60,1,9,57.56385609204344,60,1,0,0.16196234843981686,0.2,15,55.415309894018385,29.154061258325463,0,0
1,2,38.66280996684655,2,134,2,18,62.80131908984742,134,2,0,0.6964465715617314,0.5,24,78.39192674830609,52.17983648652141,1,0
3,1,50.283746234448444,0,5,0,8,66.4835212385088,0,0,0,0.10822508582330648,0.2,11,37.97839346221631,20.271744317720817,0,0
3,1,49.65109513594689,4,209,0,22,61.13945783434647,209,2,0,0.5134090403180979,0.7,22,95.1088775405224,52.44261555598406,1,0
2,1,53.47513865245661,0,201,1,8,71.68800722519399,0,1,0,0.10999955752230531,0.5,11,61.44764043147563,25.013152126607544,1,0
0,1,57.00423067040004,0,402,0,7,60.07111548798,402,0,0,0.26980090660446054,0.2,24,83.33151489208967,50.62010733750853,1,0
1,1,70.56710345274027,7,252,0,32,33.35191653729397,252,1,0,0.6480969597686763,1.0,3,100.0,62.10130911413729,1,1
0,3,55.62172925372264,3,172,3,19,29.435870058520354,172,0,0,0.4057069028107005,0.85,14,100.0,52.47796915517313,1,0
2,1,50.00450496276649,0,52,1,7,55.439225051654375,52,1,0,0.21433762081364674,0.2,4,44.49638497819207,26.70087830119231,0,0
0,4,56.24715353603278,4,1066,3,27,47.40685235131113,1066,2,0,0.2447632932859619,1.0,21,100.0,100.0,1,1
4,0,60.93611055552823,3,392,1,10,57.45944990055407,392,2,0,0.12633680112243406,0.2,14,85.05219630083636,60.186397664349755,1,1
0,2,60.38616258665965,3,299,0,14,30.485038224728548,0,0,0,0.11937810475697726,0.7,7,100.0,62.69053939533896,1,1
1,0,56.45873192969199,1,53,0,13,36.94389620710723,0,1,0,0.13898780979996114,0.2,8,60.63218453788532,30.00674424913423,1,0
1,4,63.129008871634,4,93,3,25,24.233124392185186,93,0,0,0.17813316266318532,0.85,12,100.0,49.49622503655938,1,0
2,3,59.34702561300132,4,485,1,20,40.83863189968594,485,1,0,0.0404308737747713,0.7,15,100.0,62.93805186327128,1,1
3,2,68.28498479853802,5,54,1,14,60.068903344522376,54,2,0,0.3075229590988151,0.5,8,81.62486614774724,34.207024554318565,1,0
0,3,50.5112830376691,3,49,1,21,34.749444242576985,0,3,0,0.5733924945257706,1.0,20,90.90780179562185,45.32134481435001,1,0
1,1,35.0,1,122,0,9,50.83425872728237,0,0,0,0.2216229939330503,0.2,15,55.39608314238198,30.322225786140383,0,0
3,4,58.09549587576518,2,31,2,10,53.24762000105082,31,0,0,0.5053314637438199,0.5,6,71.00107128194072,39.59026939134316,1,0
2,3,59.30096379821974,4,403,1,21,33.82909517931151,403,1,0,0.26194157852540495,1.0,15,100.0,75.81438164075892,1,1
4,0,48.63459586042138,3,380,6,21,63.75053598481649,0,0,0,0.35108193390132625,0.85,15,88.7430850444382,55.45314209739932,1,1
1,5,53.988799435979104,4,488,1,20,10.0,488,1,0,0.18486398022273715,1.0,9,100.0,89.08274185669698,1,1
2,1,64.10247129944008,5,86,1,21,43.542606688219465,86,2,0,0.04388753711028737,0.7,9,93.33858325883746,36.698584668762265,1,0
1,1,56.14217707462962,0,96,1,10,49.72642429136952,0,3,0,0.22011971092564273,0.5,2,66.63746297591064,30.541284351624274,1,0
2,8,57.88355369946397,3,13,2,26,41.95644260168313,0,4,0,0.7850380615629311,0.85,16,100.0,75.17375279286784,1,1
5,1,52.31786746530447,0,69,0,11,80.52273692664204,69,0,0,0.3014256575341828,0.2,13,36.97698624356102,18.496390369518565,0,0
0,1,47.226493630609525,0,201,2,19,66.00354917494909,201,2,0,0.029765635128813844,0.7,18,86.83080287004202,20.379335020025422,1,0
0,5,53.75242971973119,3,76,3,19,58.028969930915586,0,2,0,0.5307768225834781,1.0,6,100.0,50.99836899375321,1,0
3,2,59.21348121154705,1,120,1,20,36.317465986375524,0,0,0,0.13370835486754998,0.5,4,78.50552769619401,40.52410428547403,1,0
2,0,67.04453021667118,1,270,1,14,77.44195731293803,270,1,0,0.32758472832693764,0.2,18,73.64519387119341,44.11894104886792,1,0
2,0,69.75034260962278,8,26,0,20,28.244157067643506,0,2,0,0.82022473698825,1.0,8,100.0,59.597512260072065,1,1
3,2,79.06968932921555,5,11,3,20,65.74722417063249,11,1,0,0.28559800026716853,0.7,19,88.80390963348476,33.33603307339936,1,0
0,1,57.451710761525554,3,1153,3,24,60.26654171551833,1153,1,0,0.7167498980615153,0.85,8,100.0,100.0,1,1
2,1,43.93883277589692,3,94,3,20,47.99216379138241,94,1,0,0.5482088717377877,0.85,11,78.55371446503834,46.79339835455248,1,0
2,1,54.39606016383153,2,20,0,13,51.37966873022348,20,1,0,0.5163484278586207,0.5,7,57.760794853839386,34.737474560592915,0,0
2,1,64.15211765494576,3,10,1,15,34.339166785504965,10,3,0,0.5677662116460808,0.5,1,78.51893485941547,44.84705944186659,1,0
3,2,54.74254127040328,3,64,0,9,61.8380965827294,64,2,0,0.16440397126800102,0.2,13,56.37534178676821,26.383795890646212,0,0
2,3,68.7329859503719,3,228,0,26,53.44126244701283,228,4,0,0.13565569264157493,1.0,5,100.0,55.48084499251488,1,1
0,3,63.02048982553163,6,181,1,10,35.95504049320208,181,3,0,0.5069119913058393,0.85,4,95.13908412365303,64.09719428331327,1,1
1,0,42.57696476941206,2,649,0,7,57.10088186436476,0,0,0,0.018348888999429293,0.2,15,85.78974298437684,64.04710044133809,1,1
0,2,45.24179227777196,4,38,0,17,48.427833951056684,38,1,0,0.2197814534828687,0.5,13,77.1364835478318,26.640973211016895,1,0
4,2,43.63651387282762,1,61,0,10,50.18939174916219,0,2,0,0.17968957117062423,0.2,10,54.985661655767736,30.938329647008597,0,0
3,2,49.02868052362711,2,402,3,17,20.139320345284993,402,0,0,0.26512838474210065,0.5,5,100.0,66.95638796630388,1,1
3,1,50.974011232380015,6,179,3,16,38.150750899010916,179,1,0,0.366625519094009,0.7,13,81.12696366923902,48.59827609946885,1,0
1,2,46.12969238908832,3,29,0,9,51.00253209144912,29,1,0,0.30745670363422617,0.7,4,68.32525290553005,45.406990826986,1,0
0,3,44.13125524102619,0,176,1,18,38.07570713633582,176,1,0,0.4104435538614582,0.7,23,97.49788471371248,57.81142450173573,1,1
0,0,55.75420291464008,2,39,2,14,27.451428524646662,39,0,0,0.33228412934195106,0.85,4,72.26201819814712,28.074552623268822,1,0
0,3,61.38974743482617,3,329,1,20,38.737454474850196,0,0,0,0.23359569394044788,0.7,11,100.0,65.47975221986181,1,1
0,0,68.37937496886153,5,67,2,16,70.1975926234429,67,4,0,0.5179194271455837,0.85,24,89.26602007997106,44.38548725363999,1,0
4,0,49.82260099685387,4,112,1,8,53.10054259463846,112,1,0,0.5671695936458677,0.5,20,51.792079556336965,41.654454317396954,0,0
0,0,63.884880442135845,1,137,1,11,68.62662190175335,0,2,0,0.264269903113828,0.2,7,67.54049886731606,30.946624827228987,1,0
1,0,49.437562960061264,0,241,2,10,41.0808711363967,241,0,0,0.08188375193399858,0.2,11,68.01040197664315,37.67046889588223,1,0
0,3,56.380245243099594,3,0,3,18,22.565729230825028,0,1,0,0.4224247104048534,0.85,20,92.16285552288515,44.43405590784152,1,0
1,2,42.44614436341037,0,7,0,5,85.14478917679804,7,0,0,0.044908402663321426,0.2,23,32.36362117898972,21.06472936596746,0,0
1,3,48.329943046702844,2,1051,1,15,60.7906779951807,1051,2,0,0.3139515284610381,0.7,19,100.0,100.0,1,1
2,2,56.48889082535213,0,152,0,15,55.90043768167745,152,0,0,0.27723848069496737,0.2,3,67.80334611224484,40.92814047305012,1,0
0,2,55.822898979170134,7,595,3,25,43.19851798601275,0,0,0,0.22048169904238904,0.85,4,100.0,79.44451054842213,1,1
1,0,52.660205454390685,2,36,3,14,84.52204595307734,36,3,0,0.30220489214364876,0.5,16,59.32498971272503,26.97029350150717,0,0
0,0,45.85055700435604,1,20,1,9,25.131056612025112,0,0,0,0.43857011022456827,0.2,8,45.07283894415636,36.83684540299208,0,0
2,1,66.95201315359421,6,475,3,19,37.62664797279063,0,3,0,0.16118878870162517,1.0,20,100.0,74.22247150684913,1,1
1,2,44.77521481652583,5,435,4,24,60.996407299570656,0,1,0,0.1277312533656189,0.85,10,100.0,60.20767620863294,1,1
3,3,46.116099544908195,6,37,2,28,21.456561256900496,37,3,0,0.2212269308925241,1.0,20,100.0,51.87429038770971,1,0
3,0,62.531292015860444,1,35,1,4,78.11002473182525,0,0,0,0.6574484691512287,0.2,22,31.08417951379375,27.43881774739822,0,0
0,1,64.3287748960135,2,106,1,20,49.7698510227408,0,0,0,0.16532793694760947,0.7,16,82.78191824687718,31.194574169558454,1,0
2,0,54.03204083616597,2,36,1,20,54.92980347150086,36,0,0,0.32894103558632204,0.5,19,60.551171193825276,28.771570639111115,1,0
4,0,54.61956743016508,0,13,2,5,41.85385205862951,13,0,0,0.09064453020551735,0.2,6,30.695301289711168,9.367199430250214,0,0
4,3,70.31992105551704,6,273,1,25,10.000180179221104,273,1,0,0.3905943893463415,0.85,19,100.0,79.60111567720608,1,1
3,2,36.14843303444123,3,341,1,13,48.37068377032123,341,1,0,0.4470418787730175,0.5,5,86.55667719269842,66.49520144534469,1,1
1,4,60.83603676066997,2,73,1,18,32.885686767490895,73,1,0,0.12260068980615124,0.85,11,100.0,43.593642320542926,1,0
4,0,36.596957644164725,1,44,0,13,42.196565930164965,44,0,0,0.05928446348843082,0.2,13,46.62812567498922,28.4142949296909,0,0
0,3,59.228008468968305,2,103,0,18,40.04229744434082,103,2,0,0.4286086419301704,0.7,7,100.0,48.50582826763446,1,0
2,1,53.4143163614887,2,157,1,12,73.545288091945,157,1,0,0.5976111302185381,0.5,3,64.59298704857228,36.53453692894672,1,0
1,5,54.05626508253579,2,263,3,19,38.81278619283151,263,2,0,0.24345670354200857,0.7,7,100.0,47.2220982270083,1,0
1,3,53.41078048042007,3,222,1,15,74.251685055427,0,1,0,0.5419837583876482,0.85,20,89.25316429832867,54.33449981165252,1,0
2,1,51.90087218961963,1,124,0,12,73.1374717495458,124,0,0,0.16679056313182303,0.2,5,51.6683896227183,35.870609271289936,0,0
1,1,42.842239507504864,3,679,1,12,27.235966265376945,679,2,0,0.377227066901532,0.85,4,100.0,89.74025629410751,1,1
0,5,61.93723637306054,1,301,1,23,51.544700989082436,301,2,0,0.465269005823624,0.7,17,100.0,67.7063462908598,1,1
5,0,60.103755364556726,0,14,0,5,95.30117387423108,0,0,0,0.13285203608533816,0.2,9,14.826592771026284,13.49364861842622,0,0
0,2,52.76016640799102,4,111,0,18,65.38283330370683,111,2,0,0.5564014370374797,0.7,7,80.59030489944924,45.17163915024521,1,0
2,0,41.34733461366218,0,19,0,13,77.6412531486965,0,2,0,0.06731353622109101,0.2,1,41.46330549750737,11.900951904633553,0,0
3,1,62.15696181439203,4,200,1,15,49.60106183241139,200,1,0,0.2613956510155707,0.7,23,85.95495864893182,46.28847238255951,1,0
4,0,52.36880077759206,1,266,0,7,70.98199779199614,0,2,0,0.20964678922516877,0.2,11,57.74405764855466,30.93686768751266,0,0
6,0,35.44806164055923,1,264,2,7,65.4606563864828,264,0,0,0.12783621864221784,0.2,8,40.368475622366574,26.208517989042036,0,0
0,5,71.3570845988681,4,139,3,11,60.71744355593883,139,1,0,0.19710085992915521,0.85,14,100.0,45.711217644463346,1,0
2,2,62.847188231013575,1,53,0,12,45.58461240369175,0,1,0,0.2823088136773801,0.2,23,64.4069686079704,34.89083125012162,1,0
1,1,57.40661725603212,1,8,0,16,84.00129796412035,8,1,0,0.0804604949804282,0.5,16,57.68700557409807,20.256973441205957,0,0
1,2,51.6381848307037,2,103,1,15,42.409166755207465,103,0,0,0.17366632749698122,0.7,7,82.37702741780508,44.78377253287863,1,0
2,1,58.691500345828956,4,176,1,19,36.313884294476225,0,1,0,0.45487459197844493,0.5,22,88.34658372964233,53.80168931553517,1,0
2,1,58.995063840997,4,84,1,14,66.75575762115724,84,2,0,0.34628397892131574,0.5,16,75.02172004816008,31.680488147088354,1,0
0,2,59.78787043613787,0,153,1,22,29.065536754236987,153,0,0,0.4221823628752912,0.5,18,100.0,46.70154975787654,1,0
0,1,54.24947495395552,1,14,1,8,50.966164070588334,14,0,0,0.024371794323091656,0.2,9,45.21270468587475,13.071744298558384,0,0
2,0,49.61261861285023,3,120,0,11,45.03781759245858,120,0,0,0.6703163841817183,0.2,20,50.32240720296662,46.90146810808556,0,0
5,2,48.91380121689754,1,5,0,14,52.431709553849124,5,1,0,0.3749575587034843,0.2,6,59.041824178987106,37.18138615477854,0,0
1,1,50.76646071970078,4,560,2,18,40.08241540725183,0,1,0,0.30092371278908253,0.7,13,100.0,81.71584481221197,1,1
3,5,58.10386822515416,2,174,2,17,41.62576946050881,174,1,0,0.293704573097535,0.7,2,100.0,56.235292245846765,1,1
2,0,55.50535876093504,1,157,0,10,90.74362613463207,157,1,0,0.21781235136802948,0.5,3,50.13976232203635,31.73370355346276,0,0
1,0,61.50537853519006,2,780,0,19,36.298749526471624,780,0,0,0.5122899118022335,0.5,6,100.0,95.82657436388162,1,1
1,2,53.002506995678885,2,598,1,16,61.57795640589098,598,0,0,0.7951422239452896,0.85,9,100.0,89.57600590860966,1,1
1,2,61.823219081844684,2,147,1,27,47.36722107481858,147,1,0,0.09833773751404438,0.85,19,100.0,39.55969868645752,1,0
2,0,37.869930162628215,3,164,2,21,44.9042517197826,164,0,0,0.3659211163339262,0.5,20,72.4662413557176,42.00089426537228,1,0
0,2,44.28612519963115,0,256,2,22,47.82068716745506,256,2,0,0.3415043821046295,1.0,5,100.0,42.669442911343616,1,0
0,4,61.168545258834364,5,135,3,27,40.72634042164696,135,0,0,0.5648672100458341,1.0,11,100.0,61.41882351092925,1,1
3,2,49.83172757387805,0,40,3,10,63.47111027557266,40,0,0,0.4926607861341902,0.5,20,58.45798669299086,30.43695661466377,0,0
2,1,54.53733959000712,3,178,0,14,63.120256211017804,178,0,0,0.1586807164830416,0.2,8,59.27277906177926,38.17864933310172,0,0
1,0,46.49747933794616,3,126,2,14,57.22932000483835,126,2,0,0.34033723682937267,0.7,19,66.78977096554902,37.43683760804453,1,0
0,1,61.67678635688512,4,348,2,13,72.96283083860047,348,1,0,0.30450351826589256,0.5,8,77.70349566367102,51.59006255648147,1,0
3,0,65.82107936678976,3,70,3,17,60.377835278484255,70,1,0,0.6372943896299368,0.7,23,81.00625700663092,38.253591244961164,1,0
0,1,51.07669023555058,0,216,0,14,60.422716741451936,216,1,0,0.04545917553847979,0.2,18,72.79963329409934,32.997197100683685,1,0
0,0,40.27552650470875,1,22,0,8,71.73508821461698,22,1,0,0.02414748027796538,0.2,2,28.865387128173083,15.088218243815222,0,0
3,0,55.377721013965996,2,102,0,11,68.81622635978385,0,1,0,0.03583981779359361,0.2,1,46.005161470806684,21.412249722324084,0,0
2,5,53.612384572009944,4,146,3,19,46.949850819554904,146,2,0,0.6357229803120642,0.85,19,100.0,60.19419430916776,1,1
3,0,62.90906709588099,4,186,0,19,55.83615698819126,186,1,0,0.2717818658729542,0.7,13,86.60247917764207,48.59968794137968,1,0
0,6,70.99915339805587,5,81,1,17,56.63182093781838,0,0,0,0.4132380827269317,1.0,10,100.0,43.455848005692445,1,0
0,4,55.137908714636126,6,59,3,18,23.959010872644267,0,1,0,0.49758192750111413,1.0,10,100.0,63.58019103648136,1,1
0,4,67.02028647810104,2,162,1,24,32.59099923527146,0,3,0,0.6717713252797939,1.0,18,100.0,65.3755445117072,1,1
7,1,54.198530911466285,2,30,0,10,85.80001338817604,0,1,0,0.04135325215916818,0.2,15,41.78027231978647,23.935936810383225,0,0
0,5,52.14386129969425,3,342,1,18,46.3056518300721,0,0,0,0.3757430976643733,0.7,17,100.0,67.91122572329378,1,1
1,2,78.29508315179604,3,459,4,21,25.05739675935059,459,1,0,0.7210782030569867,1.0,20,100.0,79.49681262055877,1,1
1,5,66.2385025443631,2,245,1,12,59.74162819827637,245,1,0,0.4195771160522565,0.7,3,100.0,50.96054764956734,1,0
2,5,59.49631235538644,1,173,1,15,38.68680927593201,173,6,0,0.3804785086486189,0.85,1,100.0,53.3489336702817,1,0
4,0,57.333252050002066,4,434,1,12,58.79482326760135,434,1,0,0.056940753578787785,0.5,12,90.23154735087374,54.5845154342362,1,0
1,2,56.551946358256366,3,372,0,15,31.192945474142928,0,0,0,0.6018004578782598,0.5,15,100.0,66.64187015784447,1,1
2,4,45.0738340020921,7,89,4,23,48.45864681929264,0,0,0,0.7798587244578463,0.85,5,92.37570950933242,68.27523128694898,1,1
0,1,49.12296543572907,3,51,0,7,78.9872580584956,0,0,0,0.429697633240267,0.2,17,33.37709679157968,39.11318049462525,0,0
1,2,63.236754580908034,2,0,0,10,50.98221224957475,0,3,0,0.47436959234742965,0.7,9,73.72565780389705,45.151716890710276,1,0
3,2,50.73937016639201,3,23,1,9,83.93538781718757,23,1,0,0.07364655141317157,0.2,11,39.80732351487754,26.941066134710713,0,0
2,2,59.67964352864409,0,343,1,11,57.235847218685564,343,1,0,0.20959940406106883,0.5,17,94.12236048896563,43.37751292208496,1,0
0,3,59.67365645717403,5,28,6,25,13.181233970139928,28,2,0,0.9408979935777513,1.0,22,100.0,66.05005127894883,1,1
1,0,42.81706046116545,2,93,0,4,87.98819895681424,93,0,0,0.13345783207535067,0.2,6,25.43496545332022,26.346265744379178,0,0
2,1,43.30789268729744,0,231,0,8,81.48146970814281,231,0,0,0.31145505701951925,0.2,21,50.070920585893326,28.45347156074661,0,0
1,1,49.58565465457142,6,169,0,15,38.035805588883505,169,0,0,0.20156707648864092,0.7,11,78.0993161975326,55.96985199220184,1,1
1,5,44.49558080239067,2,184,1,22,44.953809660666714,184,2,0,0.08476906319278475,0.7,21,100.0,54.293097895806575,1,0
2,3,62.629649985341544,5,54,1,21,58.757482031743216,54,1,0,0.6429990379967334,0.5,12,89.79900906453427,48.79038954365251,1,0
1,0,47.555383698388304,3,203,1,25,33.17077740842759,203,1,0,0.1922232980761353,0.7,20,96.7693648721529,41.44325322692542,1,0
2,0,63.21906393229344,5,670,2,14,36.16959001122979,0,3,0,0.27569322554555586,0.85,15,100.0,83.85765244715851,1,1
1,0,66.89215587876845,1,72,1,13,69.21563848086375,0,0,0,0.035145997510547686,0.2,6,56.682514388133384,14.956474287140505,0,0
0,3,75.66153801071007,2,176,1,14,45.91646541969046,176,1,0,0.5093006972275921,0.85,23,100.0,49.841994912423345,1,0
4,1,55.22708589441488,2,61,0,10,51.97361040428462,0,0,0,0.1169771840273534,0.5,11,55.56802659251433,29.054177520246515,0,0
0,6,55.64622104996538,4,29,1,16,91.73112014701834,29,0,0,0.32348559372354835,0.7,23,77.53916127111046,43.4560905277835,1,0
2,0,44.24854166153332,1,450,0,11,76.50806791098468,450,0,0,0.6978810147484474,0.2,21,76.46828962778149,61.92216121847622,1,1
1,2,69.66443276356854,2,36,2,6,48.13795833733928,36,4,0,0.4859742539588868,0.5,19,89.28042033835486,45.37878831979859,1,0
4,4,38.48709284028615,0,6,0,10,67.7143973088556,6,0,0,0.6152862908257068,0.2,1,55.919745377991724,39.27615385158219,0,0
3,3,70.89901521636672,8,31,3,17,31.57219673907346,31,3,0,0.17806148577010336,0.7,16,100.0,49.44465911832467,1,0
4,1,50.94405357316489,2,79,1,12,83.3694782987173,79,0,0,0.7722991084969157,0.2,20,39.84361338356092,47.71662603662123,0,0
1,0,54.48573015076828,4,364,4,17,46.367589933175154,364,0,0,0.25164543184778226,0.7,23,97.43845550175519,59.34659698636486,1,1
0,3,62.509649930849406,6,229,0,21,56.11063988142001,229,5,0,0.23577921644190564,0.85,19,100.0,59.88772105637289,1,1
3,0,67.70517082775939,4,597,1,18,55.236973154991524,0,1,0,0.646650480091936,0.5,9,100.0,83.01842266619065,1,1
3,1,42.11749704569439,0,71,0,11,60.15335427483172,71,0,0,0.04693969395899255,0.2,7,38.57133088383056,23.03909883972862,0,0
0,1,75.59031916926654,13,67,2,21,49.19551968451025,0,1,0,0.35208293517442163,1.0,18,90.72725466937733,52.846264414051255,1,0
3,0,48.67692802614198,0,9,1,6,43.91040629129144,9,2,0,0.22045971250123014,0.2,14,46.626834789854556,26.520876613650728,0,0
2,2,53.4105103407445,3,82,0,16,51.85170882870729,0,1,0,0.4643758489573071,0.85,22,81.81463241938826,48.005362280456694,1,0
2,6,64.87532630891573,4,24,2,26,61.239399463467805,24,1,0,0.2561520763110426,0.85,16,100.0,41.83089317302956,1,0
1,0,57.37992617248662,4,444,4,16,32.296702820502524,444,0,0,0.15360991872742621,0.85,9,100.0,60.820501390896666,1,1
1,6,61.187374675537335,3,261,2,16,72.7525480800063,0,0,0,0.45537489639554457,0.7,10,100.0,65.42675490251337,1,1
1,3,57.712093660267634,2,314,1,18,41.92743689086619,314,1,0,0.8709132819943471,0.85,4,100.0,71.77903657379873,1,1
1,5,71.06462866563561,4,260,1,17,48.18688274203136,260,1,0,0.19028572393296853,1.0,23,100.0,62.70375711450492,1,1
3,1,45.9374433338638,1,87,0,8,60.54069310101963,87,0,0,0.15332404380706638,0.2,7,43.3815076348663,22.252613738952977,0,0
1,3,58.59928547606795,5,132,1,21,15.460245326210398,132,0,0,0.518170658932159,1.0,5,100.0,63.403990778182575,1,1
0,5,61.428835323133725,5,512,1,24,49.17496181289302,512,3,0,0.6530376221181798,0.85,12,100.0,86.86560368959711,1,1
2,2,73.97222599708135,2,72,4,11,46.60914017795561,72,0,0,0.0506898975346862,0.5,6,72.28795256075999,31.928189537541915,1,0
2,1,53.6076957853255,9,362,0,29,35.75662629511426,362,2,0,0.6937251338942149,0.85,15,100.0,82.76313506394725,1,1
2,4,63.41757802924645,4,10,0,17,40.50230975725421,10,1,0,0.08507207479552015,0.7,13,95.9421187087914,41.79338174059162,1,0
0,2,69.5715942695769,2,103,0,22,76.36152220119224,0,1,0,0.13292709292154764,0.7,20,91.0138790694597,32.305609111197526,1,0
1,0,42.57036271316495,2,14,0,12,90.91951364002051,14,0,0,0.4882568125963641,0.2,3,41.05326298210805,26.605597397884864,0,0
1,1,47.17771410938444,5,244,1,19,66.97986276261803,0,2,0,0.4961092994110842,0.7,7,86.04159003781118,60.8834232953181,1,1
2,1,35.0,0,17,0,8,77.19939566975913,0,1,0,0.5151247792765068,0.2,24,35.016104527913875,21.91744609047337,0,0
2,8,59.47817714819077,4,64,2,28,35.541916923091655,64,2,0,0.3598310863937421,1.0,12,100.0,65.97521095444863,1,1
2,1,54.90434616696467,0,471,1,15,92.32444982080244,471,0,0,0.11436034504015725,0.5,23,89.52435506689203,45.985978432874674,1,0
1,0,53.13577556192736,3,0,2,19,53.78655748222887,0,1,0,0.6012765466946168,0.5,4,67.65604476855263,22.587622927123352,1,0
1,0,43.91459099873089,4,12,2,18,50.82002540123268,12,1,0,0.10819570371452233,0.5,15,62.883333425542325,28.186013109002513,1,0
1,0,58.10953596180655,3,261,1,19,37.535835738874326,261,0,0,0.009874988520558367,0.5,14,75.973340393302,49.40122404014632,1,0
0,2,69.77786965978191,6,84,5,19,54.9872514680203,0,2,0,0.6392125237656915,1.0,15,100.0,53.40024586727433,1,0
3,0,56.61642347680365,2,36,0,12,68.76839911214324,36,0,0,0.2058230880824434,0.2,1,42.83160968508103,21.919318847952702,0,0
1,3,56.05474916640632,4,178,4,25,44.14587060497809,0,0,0,0.7065964238415535,1.0,10,100.0,61.95626846386193,1,1
0,1,53.41527311214255,6,225,3,14,42.071117018230844,225,4,0,0.6985774693776783,0.7,23,100.0,72.79067092621183,1,1
0,3,57.8633195065485,0,71,0,8,60.37243816376629,71,0,0,0.06280043801716391,0.2,15,63.65655693230691,25.83364465867244,1,0
1,1,47.24207473529412,4,386,1,14,31.562532868169974,0,1,0,0.3161180394912609,0.7,7,100.0,73.83138055779834,1,1
4,2,52.8148492080619,1,25,2,10,40.859258898777895,25,3,0,0.3840325648872877,0.5,17,69.6111946980027,35.87710873754693,1,0
0,4,62.78006834850308,3,245,1,18,38.31846899086883,245,3,0,0.28004886233044307,1.0,9,100.0,63.28433406478968,1,1
1,2,55.72203813363866,1,813,3,17,48.46361391227399,813,2,0,0.3071004190426876,0.5,6,100.0,80.90094297917538,1,1
2,1,55.892339688943025,1,44,0,11,66.36436877651069,44,0,0,0.2014765099188168,0.2,9,49.10495047402808,23.939594999517684,0,0
5,0,53.31190484160749,2,241,0,15,74.71053718898297,0,0,0,0.307014232986419,0.2,13,58.06706062368179,37.298625170609455,0,0
1,0,39.30044513998113,3,158,1,13,62.14873958902684,0,2,0,0.4709154891733008,0.5,4,61.012789152207,44.42161680505603,1,0
3,1,60.66793989878697,3,83,0,9,63.93028972235646,83,0,0,0.08688976439395833,0.2,1,48.653594241766584,27.88323700223731,0,0
2,1,60.246432406325184,1,33,1,17,59.94437143319239,33,0,0,0.4068488178995898,0.5,16,65.3306822694297,30.753704067898,1,0
2,0,59.97891295178747,4,409,3,11,21.606444046355936,409,0,0,0.09724292777973595,0.7,10,100.0,56.94502022287561,1,1
4,1,49.56753427936653,0,259,0,12,45.169396582143534,259,0,0,0.202083534352246,0.2,18,67.46505964242041,43.622369343260864,1,0
1,2,59.25534331802511,2,49,2,29,25.28472007321242,0,1,0,0.2436875792795842,0.7,21,100.0,42.09934400135382,1,0
0,1,65.92387053506742,4,52,1,9,64.05833600905542,52,0,0,0.443566512620048,0.7,9,65.19068101927347,38.0832687861909,1,0
3,0,57.70483589798085,0,39,0,8,50.43393376269989,39,0,0,0.2706892938730028,0.2,21,37.1638122307449,21.730246970633054,0,0
2,2,64.53233841792539,1,107,3,14,47.75359055058104,0,1,0,0.47890180312931757,0.7,11,79.23628843746853,40.619405899446605,1,0
3,2,59.30765270721968,2,78,0,15,79.6379318824933,78,0,0,0.16362148116408334,0.2,19,56.578660407302124,33.20782909553987,0,0
1,1,43.74169967701677,3,173,1,16,55.45571657872123,173,0,0,0.4504809282994197,0.5,15,68.85409540353625,46.13821754733995,1,0
3,0,53.09260732120131,0,148,0,14,55.413415084684345,0,0,0,0.1322867310361116,0.2,23,64.93233918580786,26.337958139332613,1,0
5,0,48.867671361973954,1,16,1,6,76.01607611034498,0,0,0,0.06714705644190068,0.2,18,24.873934629455555,19.032288519538284,0,0
3,4,72.20895260819859,5,170,0,23,52.52835729812084,170,2,0,0.09175636253805419,1.0,24,100.0,54.39688846917883,1,0
0,0,68.57165723202375,2,179,3,25,30.567833790315177,179,1,0,0.689093428106722,0.7,3,100.0,47.63122161025998,1,0
0,2,64.40651002322885,3,82,1,10,37.529511137649585,0,0,0,0.2984188182745292,0.5,4,70.14724185154957,44.33599875779724,1,0
1,0,37.4594886251017,0,88,1,9,77.21848069235467,0,0,0,0.28821511646540615,0.2,2,37.00753516416142,22.522836529332906,0,0
5,0,42.07360435519412,0,131,0,9,56.250402608274456,131,0,0,0.3537320026020438,0.2,11,42.020158513291264,32.326455507545205,0,0
0,3,64.0258106593335,1,130,4,21,39.528716532512064,130,1,0,0.2123300966357365,1.0,16,100.0,48.907035554246484,1,0
0,4,67.45006403388226,6,330,1,23,11.59058255506789,330,1,0,0.483307211131613,0.85,7,100.0,95.1822611103265,1,1
2,0,57.96131458898756,2,14,2,9,45.404130201241294,14,2,0,0.19916491531164404,0.5,23,56.2022303098191,24.56758987721264,0,0
1,0,43.1983467258456,1,30,1,16,61.881744556059125,0,0,0,0.33289618753225264,0.5,14,48.044841178597686,32.03172828669542,0,0
0,4,55.01282358181616,4,120,4,28,16.591104574717207,120,1,0,0.31592444262431607,0.85,19,100.0,55.96349798434061,1,1
0,0,44.49660561231864,0,66,2,15,45.80954059702542,0,0,0,0.04358699977055499,0.5,17,67.76051735632913,27.380471623154023,1,0
4,1,51.84660550970529,1,357,0,15,48.869004467857124,357,0,0,0.17512501457223145,0.2,21,89.37014493868679,45.60240218494418,1,0
1,5,56.52618520304348,3,131,1,16,63.59956444365245,131,1,0,0.09740115600116692,0.7,9,93.66341347317673,42.06918725780988,1,0
1,1,65.8555991405235,3,366,0,13,58.810206037373185,0,2,0,0.5084128273965215,0.5,22,97.62386430196392,59.45276842429807,1,1
2,2,62.93022863511524,4,383,1,12,36.8633203086725,0,0,0,0.5271611076107281,0.7,21,97.96268571897868,61.39142793730389,1,1
4,0,60.988979560505456,0,107,1,13,58.57412028163642,0,1,0,0.21503957190471246,0.5,12,65.5491486984053,20.375487156777627,1,0
2,3,54.17510654146988,2,158,1,13,79.29375497493285,158,2,0,0.1925236857372259,0.5,14,77.88453051701111,41.51237079212082,1,0
0,1,45.934829636297465,2,284,0,7,58.73656371627289,0,1,0,0.25521183537425274,0.2,11,60.498314326737095,53.09721818479201,1,0
3,0,61.3925193395556,2,175,1,9,38.50835466162187,175,0,0,0.37913339613081826,0.5,2,73.58397275029868,37.098568103525885,1,0
2,1,57.08857115586873,5,16,0,25,66.46414198940266,16,2,0,0.5818388639403851,0.7,10,90.81132443700871,41.568638915701634,1,0
3,5,54.202299568064845,7,295,4,29,49.944941950116885,295,0,0,0.49555228140022983,1.0,20,100.0,75.36223748793068,1,1
3,1,57.41182481520816,4,73,0,14,67.7929772300491,73,0,0,0.8442570423415474,0.5,15,56.53931231514855,44.57880135482523,0,0
1,1,50.80742711882499,4,626,1,20,46.836746768222746,0,2,0,0.1337014298894497,0.7,8,100.0,75.2495155815663,1,1
1,4,43.312858442427284,7,220,1,18,45.01152866990554,220,1,0,0.08937710072808543,0.85,23,100.0,59.38853531827169,1,1
4,1,49.87357104696543,1,208,0,15,74.31542964848578,0,1,0,0.06534905692660696,0.2,9,64.18510971539942,27.20296545060351,1,0
0,4,61.70930866662731,8,29,4,24,22.907503930672036,0,7,0,0.3027632861431234,1.0,6,100.0,52.66292313884315,1,0
1,2,56.73208972117135,2,100,0,13,45.640232754266634,100,0,0,0.19950497550715834,0.5,2,80.67595576947471,30.032349004782827,1,0
2,2,65.61420556279357,5,76,1,19,39.24778560001969,76,1,0,0.31777566499366483,0.85,21,86.84953146916584,44.64246372126567,1,0
0,2,68.42684801382875,5,110,2,18,43.13090220103538,0,2,0,0.5007378526926234,1.0,11,100.0,48.713423983959316,1,0
1,1,73.61046010832484,2,3,0,11,46.25798232145417,3,2,0,0.14968558000399632,0.7,14,76.4504013477916,28.149264314092434,1,0
1,0,50.02969366498543,1,136,1,6,79.30268030302096,136,1,0,0.17920626249887395,0.2,19,44.38992484990619,15.394598138227519,0,0
1,2,57.86924421974294,7,365,0,17,38.97076332909173,365,1,0,0.2949208112249469,0.85,21,100.0,65.87291054703019,1,1
3,0,65.5781764371476,5,21,2,14,55.232270531737974,0,4,0,0.35690553388936647,0.7,4,74.61535629975639,41.726431081080385,1,0
1,0,50.66188438585506,1,285,2,7,32.48973449138202,285,1,0,0.21642920494656262,0.2,9,68.68854678548512,50.50236854248116,1,0
2,2,51.67531215912405,2,336,0,14,61.84886616771164,0,1,0,0.09152674279094394,0.5,1,87.59212138103777,45.70385050967648,1,0
1,0,47.49213074369237,2,159,0,8,33.20733883364311,159,0,0,0.2008585908223285,0.2,21,60.27056534949174,38.6510617302881,1,0
3,0,63.42149324933273,4,191,3,24,48.04124607032664,191,2,0,0.6031090185002622,0.85,23,97.25591471719704,49.222864237948286,1,0
4,0,49.11289369349485,0,186,0,4,39.38059531575432,186,1,0,0.20044967285046592,0.2,19,57.7626596376111,46.26991964960394,0,0
2,0,47.84393908630357,1,6,0,6,62.86518717530468,0,1,0,0.0629410013173776,0.2,1,27.406177384072798,24.233770520554607,0,0
2,6,67.07020269306504,5,333,1,23,69.28846717195839,333,0,0,0.3249924742278834,1.0,24,100.0,70.04133137142743,1,1
4,0,66.32711312827642,4,253,0,17,36.33603131587402,253,0,0,0.34096801182923137,0.5,10,93.60020750776862,64.78703556201727,1,1
0,0,57.00589389399583,1,5,1,10,34.36262689505335,0,1,0,0.3534940172421419,0.7,21,60.53743229632567,28.53319997007841,1,0
1,4,62.39516316009555,5,266,0,23,14.960543750646103,266,0,0,0.1416533214520215,0.7,10,100.0,66.29751020566673,1,1
0,1,61.19299650889959,7,173,1,19,55.309064395060375,173,0,0,0.34496471078892676,0.85,24,89.92140703055188,53.11474392988695,1,0
3,0,58.569778064124776,1,178,1,19,66.3745804743305,178,0,0,0.004328387829530736,0.2,6,66.4065862401932,26.131467576527957,1,0
2,1,35.0,1,15,1,10,67.3660389404738,0,2,0,0.09424877051627409,0.2,1,38.1796315558064,21.852091233563797,0,0
3,0,63.108958337671034,2,237,1,14,38.21934417132495,0,1,0,0.3998959896150419,0.5,9,76.97710909564127,53.879082084033946,1,0
1,4,52.884265532722615,3,16,2,16,59.39053309607019,0,1,0,0.6569628480176422,0.5,24,78.29976462328773,50.84546026113498,1,0
2,3,59.14166630657998,4,253,2,26,81.60275967054906,253,2,0,0.47265094219467724,0.85,18,100.0,63.174183349635975,1,1
0,0,56.83358719514263,2,84,0,9,74.42019390541974,84,0,0,0.10912113705713256,0.2,22,49.09224344789134,16.00724653355841,0,0
1,1,72.67485162724962,3,118,2,24,47.78132512196372,0,2,0,0.42373666746273153,0.7,4,100.0,38.57193750387795,1,0
3,0,57.06764664499962,1,63,0,6,50.76557279743713,63,0,0,0.44334792219694436,0.2,2,41.44859134111689,32.4465013555093,0,0
3,1,47.975484624364064,1,209,2,5,64.45972768135913,209,1,0,0.12462578567132854,0.2,15,52.70166844331331,38.64362934550483,0,0
0,3,45.0659680935895,4,357,2,23,57.07419863105938,357,1,0,0.9002211516425136,0.85,22,100.0,86.35574059814569,1,1
2,2,62.21073944847746,6,25,1,23,73.8125730366507,0,2,0,0.7374549183532016,0.7,12,84.5539192834658,41.215560774502485,1,0
5,0,56.848029931993814,2,54,0,18,60.232335123906644,54,1,0,0.3388382173958674,0.2,21,62.93761836516957,30.642712017821342,1,0
1,5,60.569556256300615,4,569,1,18,52.76611843912199,0,1,0,0.4400572100179918,0.7,20,100.0,91.53193226653208,1,1
2,0,52.14453498269116,2,31,1,20,70.87694738395031,31,0,0,0.8074475140109644,0.5,8,55.55946372158499,34.04331529295166,0,0
2,0,42.46502818650511,0,189,2,8,59.26079875431204,189,0,0,0.5125953723715925,0.2,17,52.100074321228,41.01709976453993,0,0
3,1,66.69561330608013,4,345,0,18,35.46230541140376,345,2,0,0.7919505094781705,0.85,1,100.0,71.29403889366333,1,1
3,0,58.14386478121276,6,95,1,12,22.552146205083837,95,1,0,0.18975185763194077,0.7,17,75.2218555504582,41.03855060872931,1,0
1,1,47.565005433794454,4,109,1,25,52.49749764474702,109,3,0,0.6246026708007983,0.85,19,94.873477844098,44.73635937805298,1,0
0,2,56.83648703453096,1,29,0,17,42.965126866979645,29,2,0,0.14973947575916052,0.5,2,87.69692880149086,34.41085271517676,1,0
0,3,69.73628088762207,6,243,1,23,22.351946636775452,0,0,0,0.40785664112961684,1.0,20,100.0,67.28920443227298,1,1
1,4,53.44816544420244,3,341,2,19,58.53001898643686,0,0,0,0.9248129011376627,0.5,3,100.0,82.93967762972923,1,1
2,3,63.92364125711967,11,169,3,27,40.95881608588181,169,2,0,0.5421523886541048,0.85,14,100.0,72.84699071847915,1,1
3,3,46.759397465440216,1,110,0,15,24.95227634442078,110,1,0,0.29493090282804885,0.85,19,88.43041677411917,44.61375557355096,1,0
4,1,59.13695951169874,1,19,0,12,33.30075128620877,19,1,0,0.30415208898630686,0.5,4,62.60060390441907,28.85539203322809,1,0
0,2,58.43640344020886,3,437,0,15,59.92465536093067,0,3,0,0.5185794414064238,0.85,16,100.0,67.96666223063949,1,1
3,1,37.588775800410836,2,469,2,20,48.32405220835716,469,2,0,0.21234333320954396,0.7,8,100.0,68.06512499536191,1,1
1,0,49.182870057006895,0,401,0,17,74.46209561145422,401,0,0,0.2105427722298189,0.2,5,80.49315717433295,42.58601276608118,1,0
3,2,47.69039671515539,1,30,1,9,49.990752883533006,30,0,0,0.14940729583145432,0.2,14,48.23944414915586,28.998965241052346,0,0
1,2,65.10135633763787,3,220,1,24,43.28670037525754,220,4,0,0.17802975851069136,0.7,14,100.0,52.80873692162359,1,0
1,1,49.17837345979035,9,698,2,15,40.57212197663233,698,1,0,0.283554669504774,0.85,11,100.0,90.0593006934179,1,1
1,3,57.98163474203557,3,847,1,11,36.37004780891391,0,0,0,0.17287759653574453,0.5,2,100.0,99.05559163326933,1,1
1,2,51.22445717199371,4,168,1,17,31.818206950756316,0,3,0,0.10931307153365462,0.7,1,99.04139554038623,38.45727182938636,1,0
2,1,53.86787575789814,4,23,1,13,62.17869287180092,23,1,0,0.43991484937102204,0.5,6,63.490982763614824,41.194997502504535,1,0
2,3,45.67311832054559,1,177,0,11,53.745980282615946,177,2,0,0.23566937086332435,0.5,6,87.88568043560514,37.793901515597334,1,0
2,1,54.1186460273904,4,67,3,12,51.494968862887774,67,2,0,0.08806614004405064,0.5,19,64.67956572416462,33.61541571290378,1,0
2,1,52.238180422559715,2,55,1,9,86.41224149600669,0,0,0,0.32280832405106025,0.2,10,42.293408165004756,27.972951475532312,0,0
2,2,53.5905944722086,4,25,1,20,56.67536793370736,25,1,0,0.12340056112791996,0.5,2,81.32943351771894,25.92845691430209,1,0
0,5,56.939355463340945,5,861,2,27,32.50870420661193,861,2,0,0.13426072349339718,0.85,15,100.0,100.0,1,1
2,0,48.75547760405693,0,103,0,12,77.90049143712085,103,1,0,0.476239559541424,0.2,22,41.83038935133175,32.383947015732666,0,0
1,1,52.6703990283026,3,84,2,20,50.38693900432645,0,1,0,0.16757762347504587,0.85,14,84.12452195026103,33.02990952041568,1,0
0,4,60.90471361225984,1,245,1,18,51.06342920562528,245,1,0,0.268743405836506,0.7,4,100.0,57.78710036131386,1,1
0,0,67.71400920686457,1,77,1,11,58.37578027875192,77,0,0,0.12356334858427583,0.2,13,47.84275801342415,15.94979248300659,0,0
2,1,48.089720161583855,4,30,1,20,65.69494612944045,0,0,0,0.19383014064051265,0.5,20,62.50276591619377,28.380256082664324,1,0
1,4,56.72541682494267,3,632,1,15,22.41565432335014,632,1,0,0.33949489018245654,0.7,9,100.0,88.2824578443409,1,1
3,3,46.96082761365949,4,752,2,12,53.64605419633174,752,0,0,0.12110829358274543,0.5,15,100.0,86.80161105498962,1,1
2,3,46.022523903980385,4,20,0,21,36.29749585117031,20,1,0,0.5312888869062815,0.5,18,78.68850774925302,42.14546866591887,1,0
0,0,50.147525486003524,3,7,0,12,64.2292020848452,0,0,0,0.5045650724840702,0.2,10,45.07500466664253,31.256276931158435,0,0
2,1,53.56471502020507,5,327,2,12,64.66315363356405,327,2,0,0.09737707915754353,0.5,4,82.49390494079809,50.1400591701097,1,0
1,1,48.50164471535801,4,277,0,19,39.41215507379673,277,0,0,0.08029575833235306,0.85,16,97.72633042144301,49.90840142390224,1,0
3,2,46.228069942419886,3,94,1,21,55.40861876522903,94,3,0,0.44246599862905134,0.7,4,95.15375598035335,42.135904463330704,1,0
4,2,51.01476075075945,3,34,6,12,52.34857303328641,34,3,0,0.10980148636128767,0.7,12,65.60266976070866,27.327860324265025,1,0
0,5,57.22395852624846,5,325,1,22,80.05601445038886,325,4,0,0.4304799688252447,1.0,9,100.0,72.81815819173909,1,1
1,2,69.41322946978943,7,573,2,25,32.21625493193588,573,2,0,0.34360133167347745,0.85,5,100.0,84.63746720031007,1,1
1,2,71.61201615792153,1,102,0,16,50.74374879647041,0,2,0,0.00923612613254513,0.5,10,86.70656965245631,41.3593901324531,1,0
3,1,56.4680057108598,4,65,2,14,44.14360919496039,65,0,0,0.28790586224064274,0.7,24,73.95722861913653,35.046589812414084,1,0
4,1,65.16746863809308,4,235,2,14,40.988919938986555,235,2,0,0.3146313799757272,0.7,22,95.83670595378673,44.015995191116026,1,0
1,0,57.23881093626447,9,179,1,16,41.82091614949459,179,2,0,0.4713304204296533,0.85,1,95.68573702358621,52.804075047353905,1,0
0,3,41.94118523965897,6,571,2,21,31.964658731215124,0,0,0,0.44510942323541,1.0,22,100.0,86.47751693136921,1,1
1,4,50.83223116101351,2,461,1,20,59.468755907959014,461,0,0,0.41681144640600276,0.5,9,100.0,64.63574537019527,1,1
0,1,58.9466764628897,3,313,1,21,71.84737585614596,0,1,0,0.47325621145273866,0.5,19,92.74249369224599,55.50442976897865,1,1
0,0,55.28990364630076,1,68,1,9,61.42570345025596,68,0,0,0.22097847924223082,0.2,2,46.04040044768423,25.156114995508815,0,0
1,3,47.37338356501993,6,228,1,10,30.508646339815407,228,0,0,0.09755009696090018,0.5,15,86.28086354119387,57.10905990895902,1,1
2,1,63.36285555697911,4,334,1,16,37.10743849363335,334,2,0,0.5624910180409217,0.7,8,100.0,71.21765970544482,1,1
4,0,44.71046046994835,1,137,1,11,36.90867886630845,0,0,0,0.06340541001739083,0.2,15,59.41040842847323,27.072385186646404,0,0
2,1,54.92517361861474,2,67,2,12,32.2574087445062,0,1,0,0.07005787054801214,0.5,6,70.04438922504363,38.419383493516904,1,0
5,2,69.08542716305156,6,23,2,14,39.8700032655427,23,1,0,0.33498431731912603,0.7,14,81.21157671938603,47.687514740722584,1,0
1,2,59.64798548865986,1,287,2,17,43.50619648343783,287,2,0,0.5374573219803526,0.85,13,100.0,59.48011239984877,1,1
1,2,59.402343914722785,2,14,1,11,43.57538372614374,14,2,0,0.44109074279322785,0.7,19,83.19293399207119,37.73044393303984,1,0
2,0,44.68466351933147,0,6,2,9,84.57131940338571,6,0,0,0.26045190582463784,0.2,23,26.850087540189204,10.604773643964407,0,0
2,0,43.33813597311965,0,63,0,8,64.31464534732697,63,1,0,0.010132770178359018,0.2,8,44.20311018848609,12.994027200820616,0,0
1,2,61.0283822367911,2,95,1,18,34.42880325296444,0,4,0,0.22943024334259685,0.85,16,98.44645424985572,43.27838568591396,1,0
0,4,59.13075915582699,5,30,1,27,56.25967488338716,0,1,0,0.142343720820905,0.7,15,100.0,48.529443088984046,1,0
0,0,57.370820890701225,1,117,4,16,66.92119114857823,117,0,0,0.13541938921907493,0.5,14,66.67527168137765,12.348976297426294,1,0
1,5,51.05855742585016,9,606,5,22,46.21147943675701,606,1,0,0.44531253305726654,1.0,20,100.0,98.04042585716043,1,1
0,1,49.53754743883397,4,101,2,20,42.836497047402446,101,2,0,0.2595719583864084,1.0,12,97.70395031091945,43.64811483524978,1,0
1,3,61.175712062588545,3,214,1,18,58.800512658959626,214,2,0,0.21411272063094575,0.7,19,99.48482402199649,50.00854342693445,1,0
3,1,46.74633668656335,2,157,0,13,50.712133560601345,157,3,0,0.09381429534489212,0.2,16,68.30140139401159,27.029137818351263,1,0
1,0,59.36621549164103,2,123,0,11,100.0,123,0,0,0.2193682316471478,0.2,16,39.07575803534167,24.431527653385043,0,0
4,1,54.99972361752683,4,341,1,13,45.40961555220032,0,1,0,0.5192826307288295,0.5,6,93.84903403517882,77.9853359057586,1,1
1,4,67.89784434339555,5,400,2,25,51.106908856438636,0,2,0,0.7794933737567049,1.0,22,100.0,84.66694702548448,1,1
0,5,61.0514981918249,5,783,0,13,51.39432630699939,783,2,0,0.19068488143510065,1.0,2,100.0,100.0,1,1
2,2,64.36212689011955,1,888,1,20,18.874305060367647,0,1,0,0.5779291895142395,0.85,20,100.0,100.0,1,1
5,0,40.95205043346496,1,8,1,11,56.071725307711034,0,1,0,0.27482722470781445,0.2,7,39.92145463567656,25.19379713327422,0,0
1,1,47.01539273235299,0,2,0,11,70.78591140186705,2,1,0,0.6218145554806117,0.2,10,36.5248603542633,30.451620912591395,0,0
2,0,45.909916287427045,2,65,0,8,100.0,65,2,0,0.5467951308412546,0.2,20,29.39466344953602,25.140340537395204,0,0
1,3,51.63334920837757,4,310,0,29,41.33037127906092,0,2,0,0.32761264211069013,0.85,14,100.0,59.992322974255266,1,1
0,1,65.21133471466976,1,19,0,13,77.0049189864086,19,2,0,0.16133456321189243,0.5,20,71.21303886755668,22.512308126493227,1,0
1,1,60.1044519267607,0,494,2,11,98.36317085957458,0,0,0,0.5124059562343855,0.5,18,85.36203195041045,57.152174674888265,1,1
5,1,48.18713088636429,5,14,1,19,26.231093133122492,14,4,0,0.6328673788495693,0.7,18,95.69404873611772,54.42621045499071,1,0
0,1,52.04136564420373,5,108,1,11,67.29533849766749,108,0,0,0.13169912737952352,0.5,2,59.2842218609028,23.9070947616464,0,0
2,2,58.586785842640545,4,405,2,19,42.95251036138454,0,0,0,0.125707426095648,0.85,15,100.0,57.7119863681316,1,1
0,2,50.361886111600356,0,31,1,11,63.18238545498781,31,1,0,0.018957771631664722,0.2,10,53.28995348694778,28.102067545059505,0,0
0,2,61.66985913253059,4,380,2,28,46.664955130353015,0,1,0,0.2545566357733836,0.85,21,100.0,62.293380321287216,1,1
1,2,54.70315149222784,1,59,2,8,62.95941129739972,59,3,0,0.7512978684775025,0.5,8,62.3117922565464,43.15894343983337,1,0
1,0,43.005340985997215,2,17,2,12,49.93385348308763,17,0,0,0.11334037476747393,0.2,12,39.50191324369337,16.66898092835472,0,0
1,1,46.453715215132064,1,110,2,9,38.601946590804644,110,1,0,0.014415206001675472,0.2,6,55.852541027672736,20.323105123535598,0,0
3,4,74.54704505042758,2,501,2,20,21.491350108028684,501,0,0,0.2652301362771158,0.7,19,100.0,79.43198881554811,1,1
5,1,52.060150882186505,0,31,1,13,49.19537120264653,31,2,0,0.028499852565963893,0.5,8,61.787989632458874,29.717486048242616,1,0
1,1,49.80356463154721,4,318,1,9,64.59282143054868,318,0,0,0.6304553475683463,0.7,16,68.24920332897736,52.906262374826085,1,0
3,1,53.1999112657321,3,104,0,23,10.22104684639558,104,2,0,0.5963775845781484,0.7,21,99.74304269024795,55.95919486045776,1,1
5,1,51.20677501753649,1,129,0,9,61.785436165188045,129,0,0,0.0055666428088867875,0.2,16,48.27884587216194,30.458553216358958,0,0
1,1,49.07025786023241,6,118,2,23,43.97727407815509,0,1,0,0.4811160694266766,0.85,17,91.68502233161921,57.20221288857359,1,1
3,0,58.822308918079834,2,44,1,15,33.008919752551954,0,0,0,0.6099112055639819,0.7,12,71.30745070810964,41.694307179036265,1,0
2,0,47.021633624113576,1,4,0,7,79.6904301929529,0,0,0,0.0016471601578977567,0.2,21,31.599760052317286,7.467365864596218,0,0
1,1,47.16801862633289,0,210,1,9,74.42479819286686,210,0,0,0.11013405372798592,0.2,18,52.64206548437432,23.075314265518095,0,0
2,2,59.465374671676855,4,534,3,18,18.751278813193334,0,0,0,0.4283971348612121,0.85,18,100.0,82.1801177903775,1,1
1,0,55.619922222263064,3,60,2,20,43.70119971434761,0,1,0,0.4986281279186484,0.5,10,75.42722723478339,42.96394621583011,1,0
0,2,55.23809935742264,1,166,3,18,57.60146734574659,166,0,0,0.09865592167907528,0.5,14,75.57304440617969,37.240962327307166,1,0
2,1,43.568619636754796,3,119,1,13,62.643000632787505,119,1,0,0.19885722208837991,0.7,12,65.91617645476234,39.75004986243407,1,0
0,0,51.86756753978523,6,187,0,24,19.9456924940478,187,2,0,0.704217545367443,0.85,20,99.56752919096827,56.68402776841569,1,1
1,2,61.35856431698385,1,18,0,26,51.36300461067155,18,2,0,0.02556251926844172,0.5,3,91.88593324793798,25.23741156695334,1,0
2,1,68.05280295996684,5,248,1,18,40.224102341313134,248,1,0,0.7168838649787648,0.85,19,100.0,67.44474121608786,1,1
0,2,45.574381022570954,2,197,1,7,29.147815750469107,0,0,0,0.25644679832266987,0.2,14,71.94459537065596,42.169067342296074,1,0
0,3,47.79517493059419,2,189,1,15,59.7077767070657,189,2,0,0.3057794696007378,0.5,12,85.78118415004823,40.36581251026774,1,0
2,1,55.89726102677931,3,84,1,12,36.69214813573102,84,1,0,0.1883444091411723,0.5,20,72.73693517488758,33.00616027887012,1,0
2,0,75.18570917775051,5,222,3,25,49.133584224977895,222,1,0,0.4813820834571987,0.85,13,100.0,55.409709299944616,1,1
4,2,58.579090525956424,1,164,2,16,78.09091604489953,0,1,0,0.3545427772847458,0.85,1,81.77407610589398,34.37174512459869,1,0
5,3,52.412449491405596,3,300,2,21,71.82223965581295,300,2,0,0.7122895312443096,0.85,19,100.0,58.5911417338234,1,1
3,1,48.5560378466678,4,153,4,17,59.527614369378924,0,0,0,0.26473074285982817,0.7,16,68.79068974353667,35.90519614494033,1,0
2,2,59.50905015484435,9,424,2,17,80.69904690007439,0,3,0,0.8926873975345022,1.0,5,100.0,80.35517941309294,1,1
1,0,49.91801745556307,1,160,0,15,62.1471477375934,0,1,0,0.6532550854848405,0.2,13,59.296469209273134,35.71609172726496,0,0
0,1,70.45853246413871,3,316,1,19,32.50853986481351,0,2,0,0.4200025693348736,1.0,7,100.0,49.047411115777436,1,0
1,1,49.76861239317654,5,499,1,18,54.94507282104825,499,2,0,0.14780148959262554,0.85,4,100.0,70.8767689042625,1,1
0,1,50.089202611339104,5,78,4,17,38.26026766253252,78,3,0,0.0731137997960367,0.7,15,87.88550290348456,34.959131751724335,1,0
5,0,55.440841883879685,2,77,0,8,45.84989248251553,77,0,0,0.03186170722403637,0.2,3,53.773444530966934,21.431303250617955,0,0
0,2,51.721717743970956,7,485,1,17,21.009114419474272,485,4,0,0.2455336733830907,1.0,10,100.0,78.77935478776517,1,1
1,0,56.37034332861727,2,394,2,19,21.00976712181933,394,2,0,0.5378850548382728,0.7,17,100.0,72.31161169344622,1,1
1,0,58.53732233842019,2,34,0,29,49.305863964427516,34,1,0,0.1124755897900696,0.5,4,95.45672690122393,21.79771899179692,1,0
2,0,42.05951860604245,1,826,1,9,72.33057254013323,826,1,0,0.06545197815424475,0.2,1,99.75534657130156,70.88504076130017,1,1
3,1,60.306393017691995,1,15,1,11,60.87477551221165,0,2,0,0.22255479274018686,0.5,18,56.762448642371545,20.590319155760184,0,0
2,4,61.38307529389266,5,46,1,21,20.903832105469945,0,0,0,0.5689866796096889,1.0,20,100.0,58.28626827289099,1,1
2,1,69.36401648905702,4,465,1,17,49.09571842485779,465,1,0,0.46338174396165893,0.5,12,100.0,79.28481554479546,1,1
3,1,46.063391048890516,1,25,1,8,61.07178650693112,25,1,0,0.5745867689597599,0.2,9,50.159793655837994,37.58856910703367,0,0
4,2,54.6184728499781,3,20,0,19,67.00292532463862,20,0,0,0.3067107681092201,0.5,1,68.49212798812594,31.106283227521736,1,0
1,1,61.01408147813524,4,180,0,28,33.2903334191478,0,0,0,0.6652899604689947,1.0,13,100.0,63.36449101223591,1,1
2,1,60.99302364668486,4,6,1,22,39.678124464361204,6,2,0,0.5889358485381107,0.7,15,90.00395399094785,39.22570672241664,1,0
1,2,60.360594090948574,8,147,3,23,40.27677136842758,147,5,0,0.5269562964118877,1.0,23,100.0,64.30471363045818,1,1
1,2,44.24302597943893,2,2,0,9,72.59894208812639,2,0,0,0.053256073352413516,0.2,12,33.81150955388168,30.565500745002584,0,0
4,0,53.14672726373675,1,116,1,10,58.126180370800704,0,0,0,0.2069398685543264,0.2,13,46.35837788775849,22.213094334144166,0,0
1,0,48.468670164070325,0,13,0,7,58.707809646748224,0,1,0,0.05991004374792731,0.2,4,36.28977437937202,21.02184803657641,0,0
1,4,64.37231368963612,2,60,3,22,30.65405588434466,0,2,0,0.6340812895447886,0.7,11,100.0,51.23734509794704,1,0
1,1,52.870426030865914,1,11,2,11,52.755746178602394,11,0,0,0.11829731881846182,0.5,23,54.81646358791874,23.688708331754373,0,0
2,2,48.217486503807834,3,508,0,12,53.33230959468465,0,1,0,0.24997264231274033,0.5,5,100.0,69.99031538997035,1,1
5,4,65.79661996260052,0,406,0,13,59.62096938337325,406,2,0,0.3108973250576865,0.5,24,100.0,58.681926111921655,1,1
1,0,67.05140337726613,6,504,1,19,56.42465204016342,504,0,0,0.23562657332723577,0.85,13,100.0,54.87900034961778,1,0
4,1,45.01418879545089,1,77,0,13,63.614659962597536,0,1,0,0.10486904575375308,0.2,14,56.70564165119129,26.69071206357622,0,0
0,0,39.284725620580865,0,15,0,4,24.84923989512523,15,0,0,0.017506386154324698,0.2,14,41.29154046778543,26.532246513226156,0,0
2,0,54.21527699548967,4,191,0,17,27.973648049573356,191,0,0,0.18734766940188863,0.7,23,85.388004968809,41.472997079635505,1,0
1,2,52.540997375791065,3,503,2,12,37.30546869878136,0,1,0,0.6737591213866532,0.7,18,100.0,77.53813553284336,1,1
3,0,59.824014202592,1,384,0,14,44.84708898702481,384,1,0,0.20670051422579172,0.5,9,100.0,47.46058063068336,1,0
1,1,58.25353471811035,6,488,1,23,38.93453545664222,0,1,0,0.22389147169782928,0.85,6,100.0,72.71900257136834,1,1
0,3,53.37965468273069,2,198,1,16,27.612191514034695,198,3,0,0.7096630271209169,0.7,3,100.0,63.00739576263162,1,1
1,2,62.09680646250136,2,181,0,12,50.20403776332054,181,0,0,0.14689065539673582,0.5,21,94.78542937380817,37.30009591656504,1,0
4,4,45.19999728847945,3,521,0,12,45.60260787563945,521,0,0,0.10629271094816047,0.5,3,100.0,76.56904772645491,1,1
